run_id,temperature,pressure,o2,faulty,temperature_iqr_outlier,temperature_zscore_outlier,pressure_iqr_outlier,pressure_zscore_outlier,o2_iqr_outlier,o2_zscore_outlier
0,199.3052978516,-48.6074981689,5.7919001579,0,True,True,False,False,False,False
0,203.8562011719,-48.7335014343,5.7224998474,0,True,True,False,False,False,False
0,213.386505127,-48.2543983459,5.7625999451,0,True,True,False,False,False,False
0,224.1918029785,-48.1309013367,5.7192997932,0,True,True,False,False,False,False
0,232.1177978516,-48.7854003906,5.5693001747,0,True,True,False,False,False,False
0,237.7167053223,-47.2764015198,5.4911999702,0,True,True,False,False,False,False
0,244.479095459,-48.1590995789,5.5058999062,0,True,True,False,False,False,False
0,249.9320983887,-48.3644981384,5.7337999344,0,True,True,False,False,False,False
0,258.4104003906,-47.7226982117,5.5404000282,0,True,True,False,False,False,False
0,268.2782897949,-48.2352981567,5.7424001694,0,True,True,False,False,False,False
0,276.2301940918,-47.4169006348,5.7234997749,0,True,True,False,False,False,False
0,278.7362060547,-47.4096984863,5.6343002319,0,True,True,False,False,False,False
0,286.9791870117,-47.7355995178,5.7375998497,0,True,True,False,False,False,False
0,292.1722106934,-47.0332984924,5.7335000038,0,True,True,False,False,False,False
0,300.5289916992,-46.032699585,5.631000042,0,True,True,False,False,False,False
0,307.845703125,-48.3853988647,5.6785001755,0,True,True,False,False,False,False
0,311.7898864746,-47.9802017212,5.8547000885,0,True,True,False,False,False,False
0,319.0007019043,-47.3624000549,5.5227999687,0,True,True,False,False,False,False
0,323.0960998535,-46.5593986511,5.752699852,0,True,True,False,False,False,False
0,330.1084899902,-46.7761001587,5.6581997871,0,True,True,False,False,False,False
0,336.7872009277,-46.7725982666,5.6779999733,0,True,True,False,False,False,False
0,344.1642150879,-47.2849998474,6.0612998009,0,True,True,False,False,False,False
0,347.7192993164,-46.8582000732,5.9678001404,0,True,True,False,False,False,False
0,356.8118896484,-47.8581008911,5.5812001228,0,True,True,False,False,False,False
0,359.7305908203,-48.1635017395,5.8632998466,0,True,True,False,False,False,False
0,367.0909118652,-48.2686004639,5.7581000328,0,True,True,False,False,False,False
0,372.9758911133,-48.0589981079,5.3924999237,0,True,True,False,False,False,False
0,373.6221923828,-48.4212989807,5.6374001503,0,True,True,False,False,False,False
0,382.8200073242,-48.8684005737,5.7238998413,0,True,True,False,False,False,False
0,388.8027038574,-47.8227996826,5.5104999542,0,True,True,False,False,False,False
0,393.2549133301,-47.6384010315,5.8130998611,0,True,True,False,False,False,False
0,400.3855895996,-48.4942016602,5.6272001266,0,True,True,False,False,False,False
0,406.8806152344,-48.3101005554,5.6921000481,0,True,True,False,False,False,False
0,408.0111083984,-49.0180015564,5.1610999107,0,True,True,False,False,False,False
0,413.5105895996,-49.1479988098,5.5374999046,0,True,True,False,False,False,False
0,422.4070129395,-48.2907981873,5.5957999229,0,True,True,False,False,False,False
0,427.2391967773,-49.3741989136,5.2934999466,0,True,True,False,False,False,False
0,429.4556884766,-50.0498008728,5.5461997986,0,True,True,False,False,False,False
0,433.0788879395,-49.6691017151,5.7491998672,0,True,True,False,False,False,False
0,442.1271057129,-49.5582008362,5.4770002365,0,True,True,False,False,False,False
0,443.1068115234,-49.9472007751,6.0061998367,0,True,True,False,False,False,False
0,448.2750854492,-49.6352996826,5.530600071,0,True,True,False,False,False,False
0,450.0425109863,-50.3681983948,5.5998997688,0,True,True,False,False,False,False
0,459.0404052734,-50.4054985046,5.5381999016,0,True,True,False,False,False,False
0,459.7633972168,-51.1016998291,5.4121999741,0,True,True,False,False,False,False
0,464.2153930664,-50.8260002136,5.6104001999,0,True,True,False,False,False,False
0,467.3844909668,-51.0875015259,5.4706997871,0,True,True,False,False,False,False
0,474.0942993164,-51.4217987061,5.592400074,0,True,True,False,False,False,False
0,480.6600952148,-51.3601989746,5.1870999336,0,True,True,False,False,False,False
0,484.6433105469,-51.4202003479,5.431499958,0,True,True,False,False,False,False
0,484.5437011719,-51.4169998169,5.2220001221,0,True,True,False,False,False,False
0,489.5497131348,-52.5167007446,5.0729999542,0,True,True,False,False,False,False
0,492.0697937012,-52.0918006897,5.7378997803,0,True,True,False,False,False,False
0,494.9025878906,-52.4393005371,5.31580019,0,True,True,False,False,False,False
0,502.966796875,-52.8978004456,5.6111998558,0,True,True,False,False,False,False
0,503.2782897949,-51.8536987305,5.3028998375,0,True,True,False,False,False,False
0,505.9371032715,-53.2225990295,5.1444997787,0,True,True,False,False,False,False
0,511.324798584,-53.8605003357,5.257900238,0,True,True,False,False,False,False
0,515.9431762695,-53.1711997986,5.2266998291,0,True,True,False,False,False,False
0,521.2711791992,-51.3016014099,5.698800087,0,True,True,False,False,False,False
0,522.2114257812,-53.4268989563,5.4656000137,0,True,True,False,False,False,False
0,527.3052978516,-52.8223991394,5.2495999336,0,True,True,False,False,False,False
0,525.3228759766,-53.0101013184,5.0975999832,0,True,True,False,False,False,False
0,535.3679199219,-53.5825996399,5.2688999176,0,True,True,False,False,False,False
0,537.1928710938,-52.734500885,5.2567000389,0,True,True,False,False,False,False
0,541.4309082031,-53.1128997803,5.2139000893,0,True,False,False,False,False,False
0,542.1723022461,-52.6957015991,5.4439001083,0,True,False,False,False,False,False
0,544.6152954102,-53.3087997437,5.0852999687,0,True,False,False,False,False,False
0,547.8107299805,-53.6594009399,5.2821998596,0,True,False,False,False,False,False
0,548.0253295898,-53.7560005188,5.1114997864,0,True,False,False,False,False,False
0,554.6312255859,-53.8804016113,5.1174998283,0,True,False,False,False,False,False
0,553.0582275391,-53.9282989502,5.1245999336,0,True,False,False,False,False,False
0,561.7127075195,-53.5337982178,5.1831002235,0,True,False,False,False,False,False
0,564.1854858398,-53.1459999084,5.1156997681,0,True,False,False,False,False,False
0,567.007019043,-52.3601989746,4.7369999886,0,True,False,False,False,False,False
0,569.3228149414,-52.922000885,5.0009999275,0,True,False,False,False,False,False
0,571.9213256836,-53.0357017517,4.8152999878,0,True,False,False,False,False,False
0,573.2672119141,-52.1674003601,5.184800148,0,True,False,False,False,False,False
0,574.5466918945,-52.6111984253,5.0489997864,0,True,False,False,False,False,False
0,578.8483886719,-52.1986999512,4.888999939,0,True,False,False,False,False,False
0,583.4027709961,-52.5012016296,5.2146000862,0,True,False,False,False,False,False
0,584.367980957,-52.4462013245,4.9345998764,0,True,False,False,False,False,False
0,585.4432983398,-51.1489982605,5.0258002281,0,True,False,False,False,False,False
0,588.1715087891,-51.0183982849,5.0574002266,0,True,False,False,False,False,False
0,593.0805053711,-51.8246002197,5.1194000244,0,True,False,False,False,False,False
0,591.112121582,-51.6302986145,4.8755998611,0,True,False,False,False,False,False
0,593.9061889648,-51.4959983826,4.6065001488,0,True,False,False,False,False,False
0,601.242980957,-50.6930007935,5.0443000793,0,True,False,False,False,False,False
0,605.2932739258,-50.5401992798,4.5222997665,0,True,False,False,False,False,False
0,608.2130126953,-50.537399292,5.1206002235,0,True,False,False,False,False,False
0,607.1959838867,-52.0765991211,4.8674001694,0,True,False,False,False,False,False
0,612.6323852539,-49.5789985657,5.2097997665,0,True,False,False,False,False,False
0,612.0385742188,-50.006401062,5.081099987,0,True,False,False,False,False,False
0,612.0305786133,-49.8512001038,4.5022997856,0,True,False,False,False,False,False
0,613.1677246094,-50.9578018188,4.9805998802,0,True,False,False,False,False,False
0,617.3635864258,-50.1190986633,4.7880997658,0,True,False,False,False,False,False
0,616.0311279297,-49.6470985413,4.6494002342,0,True,False,False,False,False,False
0,623.862121582,-48.7568016052,4.7077999115,0,True,False,False,False,False,False
0,621.7810058594,-49.6105995178,4.7807998657,0,True,False,False,False,False,False
0,625.2777099609,-48.8120994568,4.722099781,0,True,False,False,False,False,False
0,627.6743164062,-48.926700592,4.8805999756,0,True,False,False,False,False,False
0,627.9600219727,-49.0116996765,4.6171998978,0,True,False,False,False,False,False
0,629.7835083008,-49.4925003052,4.5359997749,0,True,False,False,False,False,False
0,636.0076904297,-48.086101532,4.8439002037,0,True,False,False,False,False,False
0,635.3820800781,-47.6186981201,4.595099926,0,True,False,False,False,False,False
0,638.2797851562,-48.3616981506,4.8498001099,0,True,False,False,False,False,False
0,640.1453857422,-47.7034988403,4.7600002289,0,True,False,False,False,False,False
0,642.9002075195,-47.3801994324,4.932199955,0,True,False,False,False,False,False
0,644.4384155273,-48.1675987244,4.8586001396,0,True,False,False,False,False,False
0,645.3679199219,-48.2577018738,4.6293001175,0,True,False,False,False,False,False
0,644.6901855469,-46.9922981262,4.7572999001,0,True,False,False,False,False,False
0,649.1284179688,-47.8289985657,4.7677001953,0,True,False,False,False,False,False
0,653.4133911133,-47.7700996399,4.8168997765,0,True,False,False,False,False,False
0,654.364074707,-46.8611984253,4.6872000694,0,True,False,False,False,False,False
0,655.1091918945,-46.3852996826,4.8031001091,0,True,False,False,False,False,False
0,660.3037719727,-47.198299408,4.6128997803,0,True,False,False,False,False,False
0,660.249206543,-47.0344009399,4.7641000748,0,True,False,False,False,False,False
0,658.1746826172,-47.1403999329,4.7463002205,0,True,False,False,False,False,False
0,662.2755737305,-47.2731018066,4.6890997887,0,True,False,False,False,False,False
0,664.7800292969,-47.0699005127,4.8857998848,0,True,False,False,False,False,False
0,664.4354248047,-47.1739006042,4.8334999084,0,True,False,False,False,False,False
0,668.9739990234,-46.4058990479,4.8640999794,0,True,False,False,False,False,False
0,673.9918823242,-46.8572006226,4.8273000717,0,True,False,False,False,False,False
0,670.3176879883,-47.0055007935,4.7479000092,0,True,False,False,False,False,False
0,674.8494873047,-47.3069000244,4.9201998711,0,True,False,False,False,False,False
0,674.0169067383,-47.4925003052,4.7494001389,0,True,False,False,False,False,False
0,677.7456054688,-47.2526016235,4.9043998718,0,True,False,False,False,False,False
0,676.4713745117,-47.9813995361,4.7656998634,0,True,False,False,False,False,False
0,681.1124267578,-48.5588989258,4.6314001083,0,True,False,False,False,False,False
0,683.1809082031,-47.6624984741,4.5957999229,0,True,False,False,False,False,False
0,681.6566162109,-48.4725990295,4.9239997864,0,True,False,False,False,False,False
0,687.5971069336,-48.1236991882,4.6554999352,0,True,False,False,False,False,False
0,685.2954711914,-48.4737014771,4.5471000671,0,True,False,False,False,False,False
0,690.1928100586,-48.5909004211,4.6589999199,0,True,False,False,False,False,False
0,689.5883178711,-49.2027015686,4.5770001411,0,True,False,False,False,False,False
0,691.5330200195,-48.9295005798,4.7755999565,0,True,False,False,False,False,False
0,690.1953125,-48.6852989197,4.7722001076,0,True,False,False,False,False,False
0,688.2943725586,-49.2480010986,4.6659998894,0,True,False,False,False,False,False
0,696.5654296875,-48.6946983337,4.6051998138,0,True,False,False,False,False,False
0,698.0983886719,-49.6083984375,4.9397001266,0,True,False,False,False,False,False
0,697.0111083984,-49.9761009216,4.9470000267,0,True,False,False,False,False,False
0,701.1334228516,-49.5287017822,4.9307999611,0,True,False,False,False,False,False
0,705.0311889648,-49.8787002563,4.8983998299,0,True,False,False,False,False,False
0,700.2636108398,-50.3504981995,4.9725999832,0,True,False,False,False,False,False
0,702.6995849609,-51.5250015259,4.6385002136,0,True,False,False,False,False,False
0,709.6597290039,-49.8933982849,4.7012000084,0,True,False,False,False,False,False
0,708.9594116211,-50.5055999756,4.8814997673,0,True,False,False,False,False,False
0,707.1165771484,-51.1794013977,5.1420001984,0,True,False,False,False,False,False
0,707.3416137695,-51.1277008057,4.6531000137,0,True,False,False,False,False,False
0,712.6168212891,-51.5363998413,4.9779000282,0,True,False,False,False,False,False
0,712.2628173828,-51.9072990417,5.1866002083,0,True,False,False,False,False,False
0,714.2352905273,-52.0026016235,4.7438001633,0,True,False,False,False,False,False
1,199.0879974365,-39.8372001648,6.2406001091,0,True,True,False,False,False,False
1,207.2937927246,-40.1102981567,6.486000061,0,True,True,False,False,False,False
1,217.1981048584,-39.3092002869,6.3842000961,0,True,True,False,False,False,False
1,223.5991973877,-39.2016983032,6.4415001869,0,True,True,False,False,False,False
1,232.8190002441,-39.9272994995,6.3937997818,0,True,True,False,False,False,False
1,240.7624969482,-39.8128013611,6.3274002075,0,True,True,False,False,False,False
1,249.2765960693,-38.6859016418,6.2013998032,0,True,True,False,False,False,False
1,255.2136993408,-39.4734992981,6.2182998657,0,True,True,False,False,False,False
1,263.9482116699,-38.470199585,6.2892999649,0,True,True,False,False,False,False
1,273.0851135254,-38.570098877,6.443500042,0,True,True,False,False,False,False
1,281.9334106445,-38.220199585,6.3896999359,0,True,True,False,False,False,False
1,286.7882080078,-38.9710998535,6.1852002144,0,True,True,False,False,False,False
1,291.4280090332,-37.3464012146,6.0413999557,0,True,True,False,False,False,False
1,302.9227905273,-37.9519004822,6.5444998741,0,True,True,False,False,False,False
1,308.1940917969,-37.8857002258,6.3092999458,0,True,True,False,False,False,False
1,315.3612060547,-38.0367012024,6.3129000664,0,True,True,False,False,False,False
1,326.0693054199,-38.0924987793,6.4527001381,0,True,True,False,False,False,False
1,327.8706054688,-38.0340995789,6.4362998009,0,True,True,False,False,False,False
1,335.3059997559,-38.0704994202,6.4935002327,0,True,True,False,False,False,False
1,342.982208252,-37.7382011414,6.4183001518,0,True,True,False,False,False,False
1,347.5422058105,-37.1509017944,6.3214998245,0,True,True,False,False,False,False
1,352.5026855469,-38.1615982056,6.1824002266,0,True,True,False,False,False,False
1,359.4556884766,-38.020401001,6.1943001747,0,True,True,False,False,False,False
1,366.349609375,-38.5091018677,6.2231001854,0,True,True,False,False,False,False
1,370.395690918,-38.2999000549,6.3228001595,0,True,True,False,False,False,False
1,381.3604125977,-38.3731002808,6.3389000893,0,True,True,False,False,False,False
1,386.3758850098,-39.1585998535,6.6034998894,0,True,True,False,False,False,False
1,391.6106872559,-38.8810005188,6.321100235,0,True,True,False,False,False,False
1,399.1455993652,-38.8095016479,6.4099001884,0,True,True,False,False,False,False
1,406.4418029785,-39.5530014038,6.2165999413,0,True,True,False,False,False,False
1,407.3507995605,-39.0710983276,6.2786998749,0,True,True,False,False,False,False
1,414.9762878418,-39.0433006287,6.26060009,0,True,True,False,False,False,False
1,422.8861999512,-40.1287994385,6.2156000137,0,True,True,False,False,False,False
1,426.5697937012,-39.8503990173,6.24669981,0,True,True,False,False,False,False
1,430.8190002441,-39.3288002014,6.2891001701,0,True,True,False,False,False,False
1,438.412902832,-40.4339981079,6.3362002373,0,True,True,False,False,False,False
1,444.6394042969,-39.960899353,6.1974000931,0,True,True,False,False,False,False
1,446.4108886719,-39.5460014343,6.3456001282,0,True,True,False,False,False,False
1,454.5335083008,-40.1291999817,6.2348999977,0,True,True,False,False,False,False
1,456.7304992676,-40.6549987793,6.1564998627,0,True,True,False,False,False,False
1,465.2464904785,-41.1805000305,6.1796998978,0,True,True,False,False,False,False
1,467.3399047852,-41.3483009338,6.4837999344,0,True,True,False,False,False,False
1,472.7432861328,-41.2793006897,6.3491997719,0,True,True,False,False,False,False
1,476.970489502,-40.7812995911,6.3410000801,0,True,True,False,False,False,False
1,482.9435119629,-41.6223983765,5.9906997681,0,True,True,False,False,False,False
1,484.0184020996,-41.224899292,6.3393998146,0,True,True,False,False,False,False
1,492.4484863281,-41.9813995361,5.972799778,0,True,True,False,False,False,False
1,495.6546020508,-42.0909004211,5.8566999435,0,True,True,False,False,False,False
1,499.0534973145,-42.168800354,6.1950998306,0,True,True,False,False,False,False
1,510.6271057129,-43.1654014587,6.0483999252,0,True,True,False,False,False,False
1,512.7279052734,-42.7999000549,5.8991999626,0,True,True,False,False,False,False
1,517.6544799805,-42.8544998169,5.9489002228,0,True,True,False,False,False,False
1,517.5980224609,-43.3923988342,6.2687001228,0,True,True,False,False,False,False
1,523.3297119141,-43.0744018555,5.9717998505,0,True,True,False,False,False,False
1,524.128112793,-42.8978004456,5.9643001556,0,True,True,False,False,False,False
1,530.7349243164,-43.3405990601,5.9979000092,0,True,True,False,False,False,False
1,541.2476806641,-42.9597015381,5.9850997925,0,True,False,False,False,False,False
1,538.2393188477,-43.434299469,6.1240000725,0,True,True,False,False,False,False
1,545.1013183594,-43.0928993225,5.8512001038,0,True,False,False,False,False,False
1,545.4467163086,-43.6198005676,6.339799881,0,True,False,False,False,False,False
1,551.3043212891,-43.9412994385,5.603700161,0,True,False,False,False,False,False
1,552.9291992188,-44.3163986206,5.970099926,0,True,False,False,False,False,False
1,558.4844970703,-43.8647003174,5.7602000237,0,True,False,False,False,False,False
1,559.6931762695,-43.7997016907,6.1263999939,0,True,False,False,False,False,False
1,567.4528198242,-43.1426010132,5.9484000206,0,True,False,False,False,False,False
1,570.0930175781,-43.5220985413,5.8056998253,0,True,False,False,False,False,False
1,572.3759155273,-44.1355018616,5.5836000443,0,True,False,False,False,False,False
1,575.7084960938,-44.4221992493,5.8619999886,0,True,False,False,False,False,False
1,575.1746826172,-44.1542015076,5.7607998848,0,True,False,False,False,False,False
1,580.576171875,-44.8737983704,5.9225001335,0,True,False,False,False,False,False
1,585.2470703125,-44.5446014404,5.464799881,0,True,False,False,False,False,False
1,588.0919799805,-44.3582000732,5.6914000511,0,True,False,False,False,False,False
1,590.9291992188,-44.2392997742,5.8221001625,0,True,False,False,False,False,False
1,594.2022094727,-44.5951004028,5.8664999008,0,True,False,False,False,False,False
1,596.7437744141,-44.2779006958,5.7982001305,0,True,False,False,False,False,False
1,597.2551269531,-44.9253997803,5.4798998833,0,True,False,False,False,False,False
1,598.9650878906,-43.6020011902,5.6006999016,0,True,False,False,False,False,False
1,606.2495117188,-43.0367012024,5.6041002274,0,True,False,False,False,False,False
1,609.9027099609,-42.8763999939,5.5404000282,0,True,False,False,False,False,False
1,611.5308837891,-42.7859992981,5.7809000015,0,True,False,False,False,False,False
1,611.9365234375,-42.6573982239,5.5359997749,0,True,False,False,False,False,False
1,621.0031738281,-43.3643989563,5.9079999924,0,True,False,False,False,False,False
1,622.882019043,-42.802898407,5.9538002014,0,True,False,False,False,False,False
1,624.0822753906,-43.2206001282,5.4338998795,0,True,False,False,False,False,False
1,625.4263916016,-42.9089012146,5.6401000023,0,True,False,False,False,False,False
1,628.4570922852,-42.3833999634,5.7961997986,0,True,False,False,False,False,False
1,634.1384277344,-42.8909988403,5.4581999779,0,True,False,False,False,False,False
1,636.6613769531,-42.9006004333,5.37169981,0,True,False,False,False,False,False
1,632.5488891602,-41.6293983459,5.4738998413,0,True,False,False,False,False,False
1,639.0966186523,-41.1315994263,5.5184998512,0,True,False,False,False,False,False
1,642.9761962891,-41.4939002991,5.6873002052,0,True,False,False,False,False,False
1,640.7954101562,-41.8722000122,5.458799839,0,True,False,False,False,False,False
1,642.5397949219,-40.6850013733,5.2761001587,0,True,False,False,False,False,False
1,649.8687133789,-41.0787010193,5.5616002083,0,True,False,False,False,False,False
1,649.8516235352,-40.6128997803,5.5813999176,0,True,False,False,False,False,False
1,655.7702026367,-40.0111999512,5.755300045,0,True,False,False,False,False,False
1,656.8162231445,-40.0856018066,5.2362999916,0,True,False,False,False,False,False
1,657.8640136719,-40.7379989624,5.6101999283,0,True,False,False,False,False,False
1,661.0386962891,-40.5308990479,5.4748001099,0,True,False,False,False,False,False
1,659.6923217773,-40.2070999146,5.4422001839,0,True,False,False,False,False,False
1,665.3173828125,-39.8773994446,5.4505000114,0,True,False,False,False,False,False
1,666.3120727539,-38.8496017456,5.185500145,0,True,False,False,False,False,False
1,667.0684204102,-40.436000824,5.4317002296,0,True,False,False,False,False,False
1,669.4661865234,-39.5111999512,5.247300148,0,True,False,False,False,False,False
1,672.5144042969,-39.0671005249,5.3794999123,0,True,False,False,False,False,False
1,673.7537231445,-39.7084007263,5.4347000122,0,True,False,False,False,False,False
1,676.0017700195,-37.7038002014,5.2265000343,0,True,False,False,False,False,False
1,681.4038696289,-39.1972007751,5.3587999344,0,True,False,False,False,False,False
1,681.6638793945,-39.2397994995,5.3273000717,0,True,False,False,False,False,False
1,685.1116943359,-38.8475990295,5.3390002251,0,True,False,False,False,False,False
1,684.6062011719,-39.1643981934,5.2202000618,0,True,False,False,False,False,False
1,686.4265136719,-38.6543998718,5.2505998611,0,True,False,False,False,False,False
1,691.2713012695,-38.5588989258,5.4001002312,0,True,False,False,False,False,False
1,692.9564819336,-39.4207992554,5.1662998199,0,True,False,False,False,False,False
1,693.7714233398,-38.8399009705,5.3456001282,0,True,False,False,False,False,False
1,692.1013183594,-37.6915016174,5.5047001839,0,True,False,False,False,False,False
1,699.5161743164,-38.4089012146,5.4096999168,0,True,False,False,False,False,False
1,700.1746826172,-38.0159988403,5.2796001434,0,True,False,False,False,False,False
1,702.9595947266,-38.4187011719,5.4965000153,0,True,False,False,False,False,False
1,699.9617919922,-38.1674995422,5.3239002228,0,True,False,False,False,False,False
1,702.6497192383,-38.0637016296,5.2670998573,0,True,False,False,False,False,False
1,702.7308959961,-37.8741989136,5.6087999344,0,True,False,False,False,False,False
1,708.4489135742,-38.4444007874,5.1454000473,0,True,False,False,False,False,False
1,711.3803710938,-38.7452011108,5.293900013,0,True,False,False,False,False,False
1,712.3942260742,-38.2988014221,5.3870000839,0,True,False,False,False,False,False
2,200.5500030518,-49.1713981628,4.9808001518,0,True,True,False,False,False,False
2,206.0037994385,-48.2276992798,4.9697999954,0,True,True,False,False,False,False
2,216.9432983398,-48.6362991333,5.0310997963,0,True,True,False,False,False,False
2,225.8957061768,-48.938999176,5.0647997856,0,True,True,False,False,False,False
2,235.8155059814,-48.3465995789,4.9832000732,0,True,True,False,False,False,False
2,245.4526062012,-49.1055984497,5.0229997635,0,True,True,False,False,False,False
2,248.3957061768,-47.9417991638,5.1881999969,0,True,True,False,False,False,False
2,258.8987121582,-47.6977996826,4.7680001259,0,True,True,False,False,False,False
2,266.3024902344,-48.64220047,4.9007000923,0,True,True,False,False,False,False
2,277.4650878906,-47.7747001648,5.0876002312,0,True,True,False,False,False,False
2,279.9190063477,-47.1497993469,5.2248997688,0,True,True,False,False,False,False
2,289.4809875488,-47.8867988586,5.1647000313,0,True,True,False,False,False,False
2,297.6012878418,-46.9728012085,5.1459999084,0,True,True,False,False,False,False
2,308.7087097168,-47.5494003296,5.2793002129,0,True,True,False,False,False,False
2,313.0127868652,-47.6626014709,5.2105998993,0,True,True,False,False,False,False
2,321.8503112793,-47.7402992249,5.2611999512,0,True,True,False,False,False,False
2,327.9848022461,-46.4565010071,5.1243000031,0,True,True,False,False,False,False
2,338.1415100098,-47.5979003906,5.0137000084,0,True,True,False,False,False,False
2,341.490814209,-47.2346000671,5.4932999611,0,True,True,False,False,False,False
2,350.2466125488,-46.2462005615,5.1507000923,0,True,True,False,False,False,False
2,359.5595092773,-47.498500824,5.1080999374,0,True,True,False,False,False,False
2,363.0285949707,-47.9733009338,5.0588002205,0,True,True,False,False,False,False
2,366.6770935059,-46.7052001953,5.1139998436,0,True,True,False,False,False,False
2,379.207611084,-46.4817008972,5.1940999031,0,True,True,False,False,False,False
2,386.871307373,-47.5177993774,5.3933000565,0,True,True,False,False,False,False
2,389.55859375,-47.8571014404,5.094399929,0,True,True,False,False,False,False
2,397.7268981934,-48.0471000671,5.4088997841,0,True,True,False,False,False,False
2,405.4071960449,-47.8114013672,5.0559000969,0,True,True,False,False,False,False
2,407.8895874023,-47.9758987427,5.0426001549,0,True,True,False,False,False,False
2,416.6435852051,-47.4868011475,5.0799999237,0,True,True,False,False,False,False
2,422.2880859375,-48.1442985535,5.144299984,0,True,True,False,False,False,False
2,427.7727966309,-47.4580001831,4.850399971,0,True,True,False,False,False,False
2,433.794708252,-48.7602996826,5.0313000679,0,True,True,False,False,False,False
2,442.4063110352,-48.3032989502,5.2484002113,0,True,True,False,False,False,False
2,446.1642150879,-49.1762008667,4.9615001678,0,True,True,False,False,False,False
2,451.3681945801,-48.895198822,5.3182997704,0,True,True,False,False,False,False
2,456.1471862793,-48.9486999512,4.9228000641,0,True,True,False,False,False,False
2,460.1206054688,-49.0182991028,5.1051998138,0,True,True,False,False,False,False
2,464.5292053223,-49.6050987244,5.0597000122,0,True,True,False,False,False,False
2,472.0476989746,-49.2106018066,5.0618000031,0,True,True,False,False,False,False
2,479.8469848633,-49.0872993469,5.0416998863,0,True,True,False,False,False,False
2,484.0773925781,-50.115398407,5.0472002029,0,True,True,False,False,False,False
2,486.8758850098,-49.8115997314,5.0286002159,0,True,True,False,False,False,False
2,494.2623901367,-50.4612998962,4.5178999901,0,True,True,False,False,False,False
2,499.2793884277,-51.2673988342,5.2701997757,0,True,True,False,False,False,False
2,503.7897033691,-51.4874000549,4.6816000938,0,True,True,False,False,False,False
2,508.2904052734,-51.8736991882,4.8034000397,0,True,True,False,False,False,False
2,513.8082275391,-51.2513008118,5.1982998848,0,True,True,False,False,False,False
2,519.1622924805,-51.8394012451,4.9186000824,0,True,True,False,False,False,False
2,524.3331298828,-50.9822006226,4.9527997971,0,True,True,False,False,False,False
2,526.9813232422,-51.7121009827,4.573800087,0,True,True,False,False,False,False
2,529.1466064453,-51.3638000488,4.9608001709,0,True,True,False,False,False,False
2,535.3292236328,-51.629901886,4.984000206,0,True,True,False,False,False,False
2,540.6243896484,-52.1876983643,4.9191999435,0,True,True,False,False,False,False
2,547.8096923828,-52.7778015137,4.7077999115,0,True,False,False,False,False,False
2,546.8869018555,-52.4944000244,4.9632000923,0,True,False,False,False,False,False
2,553.2670288086,-52.6254005432,4.8475999832,0,True,False,False,False,False,False
2,559.5015258789,-52.8597984314,4.7266001701,0,True,False,False,False,False,False
2,562.2944946289,-53.2448005676,4.9243998528,0,True,False,False,False,False,False
2,561.8358154297,-53.0078010559,4.6925997734,0,True,False,False,False,False,False
2,572.3820800781,-52.646900177,4.6929001808,0,True,False,False,False,False,False
2,574.7376098633,-53.9112014771,4.829199791,0,True,False,False,False,False,False
2,576.7822265625,-53.356098175,4.6665000916,0,True,False,False,False,False,False
2,582.5955810547,-52.8111000061,4.7522001266,0,True,False,False,False,False,False
2,584.6148071289,-52.8707008362,4.8859000206,0,True,False,False,False,False,False
2,588.4125976562,-52.9305000305,4.6075000763,0,True,False,False,False,False,False
2,591.6246948242,-53.4121017456,4.6013998985,0,True,False,False,False,False,False
2,597.5202026367,-53.1534004211,4.7396998405,0,True,False,False,False,False,False
2,597.7459106445,-53.0825996399,4.5822000504,0,True,False,False,False,False,False
2,598.0770263672,-53.4888000488,4.4148001671,0,True,False,False,False,False,False
2,606.3355712891,-53.6646995544,4.5869998932,0,True,False,False,False,False,False
2,612.2642211914,-53.6409988403,4.7841000557,0,True,False,False,False,False,False
2,610.857421875,-53.1682014465,4.8143000603,0,True,False,False,False,False,False
2,616.4362182617,-53.5144004822,4.5984997749,0,True,False,False,False,False,False
2,619.5922851562,-53.0634002686,4.516699791,0,True,False,False,False,False,False
2,622.3129882812,-52.3895988464,4.6219000816,0,True,False,False,False,False,False
2,629.7828979492,-53.0442008972,4.291200161,0,True,False,False,False,False,False
2,628.8507080078,-51.4607009888,4.1006999016,0,True,False,False,False,False,False
2,634.2650756836,-53.2929000854,4.5753998756,0,True,False,False,False,False,False
2,633.2150268555,-52.1363983154,4.3329000473,0,True,False,False,False,False,False
2,640.0286254883,-52.4227981567,4.3091001511,0,True,False,False,False,False,False
2,638.9589233398,-51.8879013062,4.5833997726,0,True,False,False,False,False,False
2,645.6149291992,-50.7734985352,4.5875000954,0,True,False,False,False,False,False
2,647.1215209961,-52.4721984863,4.3152999878,0,True,False,False,False,False,False
2,646.8314819336,-50.8539009094,4.5469999313,0,True,False,False,False,False,False
2,654.8074951172,-52.0592002869,4.4064998627,0,True,False,False,False,False,False
2,658.1398925781,-50.8829994202,4.1479997635,0,True,False,False,False,False,False
2,656.3483886719,-51.0891990662,4.2754001617,0,True,False,False,False,False,False
2,661.7974853516,-50.5684013367,4.1280999184,0,True,False,False,False,False,False
2,661.1157226562,-51.0113983154,4.3681998253,0,True,False,False,False,False,False
2,666.333984375,-49.9486999512,4.4510998726,0,True,False,False,False,False,False
2,665.8004150391,-51.5447006226,4.3720998764,0,True,False,False,False,False,False
2,672.6688232422,-50.3143005371,4.0906000137,0,True,False,False,False,False,False
2,673.6185302734,-49.3431015015,4.3015999794,0,True,False,False,False,False,False
2,675.3605957031,-49.8742980957,4.4956002235,0,True,False,False,False,False,False
2,680.0017700195,-50.186000824,4.1662998199,0,True,False,False,False,False,False
2,681.7277832031,-49.2116012573,4.0234999657,0,True,False,False,False,False,False
2,687.9901123047,-49.0564994812,4.4004001617,0,True,False,False,False,False,False
2,688.0905151367,-50.3927993774,4.154900074,0,True,False,False,False,False,False
2,685.5242919922,-48.3630981445,4.3920998573,0,True,False,False,False,False,False
2,689.1585083008,-49.1333007812,4.3898000717,0,True,False,False,False,False,False
2,691.7028198242,-49.456401825,4.3860998154,0,True,False,False,False,False,False
2,697.3041992188,-48.6057014465,4.2669000626,0,True,False,False,False,False,False
2,697.7797241211,-48.6747016907,4.0920000076,0,True,False,False,False,False,False
2,700.2319946289,-47.9294013977,3.9353001118,0,True,False,False,False,False,False
2,701.2791748047,-48.5274009705,4.1332998276,0,True,False,False,False,False,False
2,702.5319213867,-48.0900993347,4.1237001419,0,True,False,False,False,False,False
2,707.3306884766,-47.4632987976,4.2347002029,0,True,False,False,False,False,False
2,710.4968261719,-47.033000946,4.0184998512,0,True,False,False,False,False,False
2,710.9425048828,-47.6371994019,4.0975999832,0,True,False,False,False,False,False
2,714.0974121094,-47.0280990601,3.9900999069,0,True,False,False,False,False,False
3,202.6889038086,-41.8791999817,6.2143998146,0,True,True,False,False,False,False
3,211.7185058594,-40.5625,6.4551000595,0,True,True,False,False,False,False
3,212.8984069824,-41.2056007385,6.4910001755,0,True,True,False,False,False,False
3,225.5599975586,-40.3809013367,6.4549999237,0,True,True,False,False,False,False
3,232.5803985596,-39.3650016785,6.5984997749,0,True,True,False,False,False,False
3,245.2174072266,-40.4318008423,6.3418002129,0,True,True,False,False,False,False
3,248.7200012207,-40.5778999329,6.1971998215,0,True,True,False,False,False,False
3,255.8507995605,-40.0852012634,6.2930998802,0,True,True,False,False,False,False
3,268.8059997559,-39.5564002991,6.3014001846,0,True,True,False,False,False,False
3,273.282989502,-40.6875991821,6.5369000435,0,True,True,False,False,False,False
3,282.3270874023,-39.5317001343,6.5194997787,0,True,True,False,False,False,False
3,289.1933898926,-39.3602981567,6.2533998489,0,True,True,False,False,False,False
3,298.8882141113,-40.6291007996,6.5829000473,0,True,True,False,False,False,False
3,306.0827941895,-40.4816017151,6.4320998192,0,True,True,False,False,False,False
3,312.6223144531,-39.3853988647,6.6016998291,0,True,True,False,False,False,False
3,320.5884094238,-39.9676017761,6.459499836,0,True,True,False,False,False,False
3,324.8456115723,-39.2197990417,6.4822001457,0,True,True,False,False,False,False
3,340.3767089844,-39.935798645,6.2843999863,0,True,True,False,False,False,False
3,343.4211120605,-40.8255996704,6.625,0,True,True,False,False,False,False
3,348.6470031738,-39.3753013611,6.6237001419,0,True,True,False,False,False,False
3,354.4346008301,-39.5340003967,6.7158999443,0,True,True,False,False,False,False
3,367.9930114746,-39.0144004822,6.4797000885,0,True,True,False,False,False,False
3,369.3727111816,-39.6352005005,6.418200016,0,True,True,False,False,False,False
3,378.0349121094,-39.9837989807,6.6142001152,0,True,True,False,False,False,False
3,383.1393127441,-39.2445983887,6.5328001976,0,True,True,False,False,False,False
3,384.7510986328,-40.1811981201,6.3903999329,0,True,True,False,False,False,False
3,392.5905151367,-39.7563018799,6.486700058,0,True,True,False,False,False,False
3,402.5557861328,-40.5392990112,6.4337000847,0,True,True,False,False,False,False
3,405.5174865723,-40.0682983398,6.4025998116,0,True,True,False,False,False,False
3,417.3682861328,-40.3464012146,6.1087999344,0,True,True,False,False,False,False
3,419.8436889648,-40.2134017944,6.26060009,0,True,True,False,False,False,False
3,425.1886901855,-40.6561012268,6.3386998177,0,True,True,False,False,False,False
3,429.3167114258,-40.9743003845,6.4519000053,0,True,True,False,False,False,False
3,434.6069946289,-39.2588005066,6.4001998901,0,True,True,False,False,False,False
3,442.2506103516,-41.2038993835,6.1984000206,0,True,True,False,False,False,False
3,451.3073120117,-41.8204994202,6.4762997627,0,True,True,False,False,False,False
3,453.4801940918,-41.8684997559,6.4053997993,0,True,True,False,False,False,False
3,460.1571044922,-40.2648010254,6.3551001549,0,True,True,False,False,False,False
3,464.3418884277,-41.0407981873,6.0027999878,0,True,True,False,False,False,False
3,467.9537963867,-42.1379013062,6.0907001495,0,True,True,False,False,False,False
3,476.5586853027,-42.1944007874,6.2785000801,0,True,True,False,False,False,False
3,478.4844970703,-41.4519004822,6.1326999664,0,True,True,False,False,False,False
3,487.0291137695,-42.4374008179,6.571100235,0,True,True,False,False,False,False
3,489.3475952148,-42.6114006042,6.5178999901,0,True,True,False,False,False,False
3,496.3295898438,-42.5163993835,6.3330001831,0,True,True,False,False,False,False
3,499.6448059082,-41.9221992493,6.3775000572,0,True,True,False,False,False,False
3,504.6868896484,-43.2820014954,6.3854999542,0,True,True,False,False,False,False
3,509.8355102539,-43.3507995605,6.2465000153,0,True,True,False,False,False,False
3,516.2177734375,-43.3199005127,6.4018998146,0,True,True,False,False,False,False
3,516.7241821289,-43.8662986755,6.2589998245,0,True,True,False,False,False,False
3,526.8952026367,-44.5164985657,6.3260998726,0,True,True,False,False,False,False
3,528.7252807617,-44.8918991089,6.1620001793,0,True,True,False,False,False,False
3,534.5822753906,-44.1435012817,6.2748999596,0,True,True,False,False,False,False
3,536.2993164062,-44.1018981934,6.2795000076,0,True,True,False,False,False,False
3,542.5,-44.3773002625,5.9962000847,0,True,False,False,False,False,False
3,547.1021118164,-45.1842002869,6.122399807,0,True,False,False,False,False,False
3,548.5848999023,-44.5082015991,6.3199000359,0,True,False,False,False,False,False
3,551.4144287109,-44.9551010132,6.0151000023,0,True,False,False,False,False,False
3,559.1439819336,-44.3721008301,5.9383001328,0,True,False,False,False,False,False
3,561.3264770508,-45.3359985352,6.1501998901,0,True,False,False,False,False,False
3,563.4313964844,-45.6651992798,6.130300045,0,True,False,False,False,False,False
3,569.754699707,-45.011100769,5.9924998283,0,True,False,False,False,False,False
3,574.4240112305,-45.8306007385,5.9177999496,0,True,False,False,False,False,False
3,572.6104125977,-45.1461982727,5.790500164,0,True,False,False,False,False,False
3,580.1090698242,-44.8853988647,6.0199999809,0,True,False,False,False,False,False
3,583.2348022461,-46.2602005005,6.0696997643,0,True,False,False,False,False,False
3,590.0797119141,-45.4911003113,6.0295000076,0,True,False,False,False,False,False
3,589.1865234375,-45.7473983765,5.9436001778,0,True,False,False,False,False,False
3,596.7045898438,-45.4304008484,5.8541002274,0,True,False,False,False,False,False
3,598.0383300781,-45.6823005676,6.2480998039,0,True,False,False,False,False,False
3,600.3685302734,-45.2879981995,6.070499897,0,True,False,False,False,False,False
3,605.4959716797,-45.6027984619,6.1338000298,0,True,False,False,False,False,False
3,610.1989135742,-45.5833015442,5.7961997986,0,True,False,False,False,False,False
3,613.0112915039,-45.9724006653,5.8758997917,0,True,False,False,False,False,False
3,615.7487182617,-45.8744010925,5.9878001213,0,True,False,False,False,False,False
3,616.9230957031,-44.382598877,5.9211997986,0,True,False,False,False,False,False
3,620.428894043,-44.8923988342,5.9489998817,0,True,False,False,False,False,False
3,623.1688842773,-45.1482009888,5.6866002083,0,True,False,False,False,False,False
3,628.7421264648,-44.8615989685,5.8273000717,0,True,False,False,False,False,False
3,627.2327270508,-44.4169006348,6.0735001564,0,True,False,False,False,False,False
3,632.0991210938,-44.904499054,5.6691999435,0,True,False,False,False,False,False
3,631.8292236328,-44.7543983459,5.4098000526,0,True,False,False,False,False,False
3,638.8572998047,-44.2843017578,5.6357998848,0,True,False,False,False,False,False
3,645.008972168,-44.5303001404,5.8046998978,0,True,False,False,False,False,False
3,645.80859375,-43.1913986206,5.5198998451,0,True,False,False,False,False,False
3,648.1348266602,-43.7658004761,5.7571997643,0,True,False,False,False,False,False
3,650.428894043,-43.5918006897,5.6034998894,0,True,False,False,False,False,False
3,651.8424072266,-43.6144981384,5.8629999161,0,True,False,False,False,False,False
3,657.2954711914,-43.4476013184,5.6173000336,0,True,False,False,False,False,False
3,657.2202758789,-41.9430999756,5.4340000153,0,True,False,False,False,False,False
3,658.7965698242,-42.5069999695,5.5022997856,0,True,False,False,False,False,False
3,663.3107910156,-43.5289993286,5.9275999069,0,True,False,False,False,False,False
3,669.5228881836,-41.5545005798,5.5475001335,0,True,False,False,False,False,False
3,669.1091918945,-42.0936012268,5.6616997719,0,True,False,False,False,False,False
3,670.6751708984,-41.7616004944,5.5300002098,0,True,False,False,False,False,False
3,673.4121704102,-41.0535011292,5.4774999619,0,True,False,False,False,False,False
3,673.895324707,-42.0346984863,5.4977002144,0,True,False,False,False,False,False
3,681.0447998047,-42.3040008545,5.7997999191,0,True,False,False,False,False,False
3,684.6000976562,-42.2204017639,5.7609000206,0,True,False,False,False,False,False
3,681.705078125,-41.5180015564,5.3380999565,0,True,False,False,False,False,False
3,684.371887207,-40.7398986816,5.5006999969,0,True,False,False,False,False,False
3,692.1712036133,-40.5890007019,5.5570998192,0,True,False,False,False,False,False
3,690.4808959961,-41.3782997131,5.5178999901,0,True,False,False,False,False,False
3,694.1123046875,-40.6822013855,5.1978998184,0,True,False,False,False,False,False
3,690.3029174805,-40.7473983765,5.3621997833,0,True,False,False,False,False,False
3,695.6887207031,-39.929599762,5.5475001335,0,True,False,False,False,False,False
3,697.337890625,-39.7125015259,5.4675002098,0,True,False,False,False,False,False
3,703.5399169922,-40.2895011902,5.4495000839,0,True,False,False,False,False,False
3,708.2119140625,-39.310798645,5.4471001625,0,True,False,False,False,False,False
3,706.6600952148,-39.4650993347,5.6305999756,0,True,False,False,False,False,False
3,708.5399169922,-38.8717002869,5.478099823,0,True,False,False,False,False,False
3,712.0670776367,-39.4975013733,5.472799778,0,True,False,False,False,False,False
4,201.9656066895,-56.7066993713,5.1922998428,0,True,True,False,False,False,False
4,210.083404541,-57.7354011536,5.3309998512,0,True,True,False,False,False,False
4,217.0561981201,-56.5516014099,5.1366000175,0,True,True,False,False,False,False
4,222.7362976074,-56.9063987732,5.0019001961,0,True,True,False,False,False,False
4,232.6421966553,-56.2504005432,4.8945999146,0,True,True,False,False,False,False
4,243.3679962158,-56.2977981567,5.2315998077,0,True,True,False,False,False,False
4,251.3601074219,-56.1711006165,5.4738001823,0,True,True,False,False,False,False
4,261.1129150391,-55.2131004333,5.1609997749,0,True,True,False,False,False,False
4,266.4378967285,-55.9300003052,5.030600071,0,True,True,False,False,False,False
4,272.5364074707,-55.4788017273,5.3192000389,0,True,True,False,False,False,False
4,282.6330871582,-55.9986000061,5.1866002083,0,True,True,False,False,False,False
4,291.6642150879,-56.0382995605,5.4260997772,0,True,True,False,False,False,False
4,297.3969116211,-55.934299469,5.1462001801,0,True,True,False,False,False,False
4,303.1054992676,-55.8782997131,5.3207998276,0,True,True,False,False,False,False
4,310.253692627,-55.8721008301,5.296500206,0,True,True,False,False,False,False
4,321.124786377,-56.0391998291,5.4250998497,0,True,True,False,False,False,False
4,324.2349853516,-54.9510002136,5.2975001335,0,True,True,False,False,False,False
4,337.1932067871,-55.295501709,5.3818001747,0,True,True,False,False,False,False
4,342.2023925781,-56.0796012878,5.3494000435,0,True,True,False,False,False,False
4,347.303314209,-56.6324005127,5.3736000061,0,True,True,False,False,False,False
4,359.5065002441,-55.1680984497,5.2543001175,0,True,True,False,False,False,False
4,362.4718933105,-56.650100708,5.6598000526,0,True,True,False,False,False,False
4,364.5906066895,-55.8830986023,5.299200058,0,True,True,False,False,False,False
4,379.4447937012,-56.1766014099,5.0524997711,0,True,True,False,False,False,False
4,383.4796142578,-56.5993995667,5.5981998444,0,True,True,False,False,False,False
4,389.4937133789,-55.5741004944,5.0809998512,0,True,True,False,False,False,False
4,396.6599121094,-56.0018997192,5.3832998276,0,True,True,False,False,False,False
4,403.1406860352,-55.8552017212,5.1542000771,0,True,True,False,False,False,False
4,408.4735107422,-56.1722984314,5.2456002235,0,True,True,False,False,False,False
4,415.091796875,-55.6097984314,5.1559000015,0,True,True,False,False,False,False
4,420.3281860352,-56.7000999451,5.157599926,0,True,True,False,False,False,False
4,425.1857910156,-57.1539001465,5.1420001984,0,True,True,False,False,False,False
4,434.809387207,-56.9900016785,5.3359999657,0,True,True,False,False,False,False
4,437.2916870117,-56.8296012878,5.1125998497,0,True,True,False,False,False,False
4,441.3944091797,-56.8856010437,5.3811998367,0,True,True,False,False,False,False
4,446.6973876953,-57.4762992859,5.2109999657,0,True,True,False,False,False,False
4,453.1488952637,-57.9238014221,5.3350000381,0,True,True,False,False,False,False
4,459.3471069336,-57.9966011047,5.1475000381,0,True,True,False,False,False,False
4,464.6585083008,-57.5788002014,5.2925000191,0,True,True,False,False,False,False
4,469.5875854492,-59.3000984192,5.3173999786,0,True,True,False,False,False,False
4,476.4502868652,-58.0597000122,5.049200058,0,True,True,False,False,False,False
4,475.5112915039,-57.4860992432,5.3035001755,0,True,True,False,False,False,False
4,482.2135009766,-58.1323013306,5.3341999054,0,True,True,False,False,False,False
4,491.200592041,-57.8120994568,5.0065999031,0,True,True,False,False,False,False
4,494.5237121582,-58.7919006348,4.993999958,0,True,True,False,False,False,False
4,494.9971923828,-59.5010986328,5.0423998833,0,True,True,False,False,False,False
4,507.2600097656,-59.4780006409,5.1887998581,0,True,True,False,False,False,False
4,509.3575134277,-60.4168014526,5.1354999542,0,True,True,False,False,False,False
4,513.7105102539,-59.6585998535,5.276599884,0,True,True,False,False,False,False
4,518.8483276367,-60.6953010559,5.1911997795,0,True,True,False,False,False,False
4,522.2557983398,-59.9944992065,4.9331998825,0,True,True,False,False,False,False
4,528.3897705078,-60.4807014465,5.2170000076,0,True,True,False,False,False,False
4,531.9243774414,-60.643699646,4.883600235,0,True,True,False,False,False,False
4,535.9351806641,-60.0920982361,5.2947001457,0,True,True,False,False,False,False
4,539.3735961914,-60.4522018433,5.006000042,0,True,True,False,False,False,False
4,546.794128418,-61.0866012573,5.1774001122,0,True,False,False,False,False,False
4,546.5386962891,-60.6968002319,5.0686001778,0,True,False,False,False,False,False
4,553.362487793,-61.0984992981,5.3691000938,0,True,False,False,False,False,False
4,556.3063964844,-61.6409988403,5.0213999748,0,True,False,False,False,False,False
4,560.7866210938,-61.5485992432,4.8271999359,0,True,False,False,False,False,False
4,563.606628418,-60.6475982666,5.146999836,0,True,False,False,False,False,False
4,569.9810180664,-60.898601532,5.0282998085,0,True,False,False,False,False,False
4,569.2476806641,-61.4012985229,4.839099884,0,True,False,False,False,False,False
4,575.9515991211,-62.2743988037,5.092400074,0,True,False,False,False,False,False
4,580.1638793945,-61.8410987854,4.8309998512,0,True,False,False,False,False,False
4,583.0629882812,-61.3549003601,4.7539000511,0,True,False,False,False,False,False
4,587.5966186523,-61.731300354,4.9303002357,0,True,False,False,False,False,False
4,593.9232788086,-61.7533988953,4.6536002159,0,True,False,False,False,False,False
4,593.1083984375,-61.3050003052,5.035299778,0,True,False,False,False,False,False
4,597.4033203125,-61.9488983154,4.7361998558,0,True,False,False,False,False,False
4,600.2684936523,-61.3529014587,4.7319002151,0,True,False,False,False,False,False
4,603.9652709961,-62.3135986328,4.8645000458,0,True,False,False,False,False,False
4,607.1942138672,-61.5327987671,4.6484999657,0,True,False,False,False,False,False
4,614.2932739258,-61.9444999695,4.6269001961,0,True,False,False,False,False,False
4,610.48828125,-62.1068992615,4.5194001198,0,True,False,False,False,False,False
4,622.6732788086,-61.4295005798,4.7727999687,0,True,False,False,False,False,False
4,620.7612304688,-60.9977989197,4.4744000435,0,True,False,False,False,False,False
4,620.825378418,-60.9906997681,4.3076000214,0,True,False,False,False,False,False
4,628.1040039062,-61.0232009888,4.5447001457,0,True,False,False,False,False,False
4,633.3447875977,-61.0531997681,4.5264000893,0,True,False,False,False,False,False
4,632.2457275391,-61.17029953,4.486000061,0,True,False,False,False,False,False
4,636.9166870117,-60.827999115,4.5578999519,0,True,False,False,False,False,False
4,637.315612793,-61.2858009338,4.5081000328,0,True,False,False,False,False,False
4,641.057800293,-60.4947013855,4.5573000908,0,True,False,False,False,False,False
4,642.4049072266,-59.4901008606,4.4583001137,0,True,False,False,False,False,False
4,645.856628418,-61.0084991455,4.6946001053,0,True,False,False,False,False,False
4,650.7406005859,-59.6593017578,4.6493000984,0,True,False,False,False,False,False
4,651.8048095703,-59.6972007751,4.4983000755,0,True,False,False,False,False,False
4,657.4675292969,-59.3656997681,4.1449999809,0,True,False,False,False,False,False
4,654.986328125,-60.0872993469,4.4818000793,0,True,False,False,False,False,False
4,655.9982910156,-59.1963996887,4.295800209,0,True,False,False,False,False,False
4,664.3331298828,-58.6958999634,4.6978001595,0,True,False,False,False,False,False
4,661.9008789062,-58.0158004761,4.7077999115,0,True,False,False,False,False,False
4,668.669921875,-58.8810005188,4.3375000954,0,True,False,False,False,False,False
4,667.6696166992,-58.9444999695,4.5142998695,0,True,False,False,False,False,False
4,677.9340820312,-58.6755981445,4.4312000275,0,True,False,False,False,False,False
4,674.9984741211,-57.6941986084,4.2228999138,0,True,False,False,False,False,False
4,678.776184082,-57.3553009033,4.2951002121,0,True,False,False,False,False,False
4,683.6104125977,-58.3249015808,4.2664999962,0,True,False,False,False,False,False
4,680.4498901367,-57.4002990723,4.2487001419,0,True,False,False,False,False,False
4,687.1104736328,-57.7610015869,4.2035999298,0,True,False,False,False,False,False
4,691.916809082,-56.7751998901,4.4861001968,0,True,False,False,False,False,False
4,691.2111206055,-56.9067993164,4.3322000504,0,True,False,False,False,False,False
4,691.1663818359,-57.2886009216,4.2400999069,0,True,False,False,False,False,False
4,696.3927001953,-56.6781005859,4.4664998055,0,True,False,False,False,False,False
4,698.2293701172,-56.3376998901,4.2097997665,0,True,False,False,False,False,False
4,698.9833984375,-56.2165985107,4.3334999084,0,True,False,False,False,False,False
4,700.4859008789,-56.2131004333,4.1890997887,0,True,False,False,False,False,False
4,705.1304931641,-56.0567016602,4.4183998108,0,True,False,False,False,False,False
4,708.3035888672,-55.7442016602,4.5209999084,0,True,False,False,False,False,False
4,706.6953735352,-56.2112007141,4.5234999657,0,True,False,False,False,False,False
4,710.1591796875,-56.0222015381,4.0669999123,0,True,False,False,False,False,False
4,712.6204223633,-55.3604011536,4.356400013,0,True,False,False,False,False,False
5,202.0661010742,-47.5247993469,5.4882001877,0,True,True,False,False,False,False
5,206.7678985596,-46.2475013733,5.5054998398,0,True,True,False,False,False,False
5,216.1961975098,-46.131401062,5.6065001488,0,True,True,False,False,False,False
5,220.0955047607,-46.3185005188,5.7656998634,0,True,True,False,False,False,False
5,229.3592987061,-46.2594985962,6.1045999527,0,True,True,False,False,False,False
5,238.7689971924,-47.079498291,5.6557002068,0,True,True,False,False,False,False
5,247.2530975342,-45.3042984009,5.4377999306,0,True,True,False,False,False,False
5,250.2642059326,-45.7683982849,5.8828001022,0,True,True,False,False,False,False
5,258.5887145996,-46.2095985413,5.8607997894,0,True,True,False,False,False,False
5,265.2597961426,-45.3184013367,5.6166000366,0,True,True,False,False,False,False
5,270.5318908691,-46.011100769,5.8653998375,0,True,True,False,False,False,False
5,278.8053894043,-46.1086006165,5.6277999878,0,True,True,False,False,False,False
5,287.2009887695,-45.3007011414,5.6145000458,0,True,True,False,False,False,False
5,294.7045898438,-45.5979995728,5.6470999718,0,True,True,False,False,False,False
5,298.254699707,-45.6380004883,5.7484002113,0,True,True,False,False,False,False
5,307.9876098633,-45.7648010254,5.6107001305,0,True,True,False,False,False,False
5,311.6528930664,-46.0742988586,5.8601999283,0,True,True,False,False,False,False
5,317.2838134766,-45.4569015503,5.6933999062,0,True,True,False,False,False,False
5,326.5302124023,-45.3459014893,5.7119998932,0,True,True,False,False,False,False
5,335.6794128418,-44.9600982666,5.850399971,0,True,True,False,False,False,False
5,337.0369873047,-44.9812011719,5.7197999954,0,True,True,False,False,False,False
5,345.7911987305,-45.1665992737,5.8031997681,0,True,True,False,False,False,False
5,350.6857910156,-45.2863006592,5.7603998184,0,True,True,False,False,False,False
5,361.1236877441,-45.6643981934,5.6484999657,0,True,True,False,False,False,False
5,362.7542114258,-45.2825012207,5.8815999031,0,True,True,False,False,False,False
5,366.4749145508,-45.054901123,5.6105999947,0,True,True,False,False,False,False
5,374.2719116211,-45.3058013916,5.7523999214,0,True,True,False,False,False,False
5,379.6401977539,-45.5532989502,5.8604001999,0,True,True,False,False,False,False
5,385.4736022949,-45.8890991211,5.7416000366,0,True,True,False,False,False,False
5,390.1083068848,-46.0812988281,5.8631000519,0,True,True,False,False,False,False
5,398.5712890625,-47.4019012451,5.8667998314,0,True,True,False,False,False,False
5,399.382598877,-46.2114982605,5.831099987,0,True,True,False,False,False,False
5,404.929107666,-45.9009017944,5.5934000015,0,True,True,False,False,False,False
5,412.2768859863,-46.2393989563,5.5412998199,0,True,True,False,False,False,False
5,417.7550964355,-46.978099823,5.586400032,0,True,True,False,False,False,False
5,422.4988098145,-47.7695999146,5.5741000175,0,True,True,False,False,False,False
5,428.0864868164,-47.2823982239,5.890999794,0,True,True,False,False,False,False
5,430.5914001465,-47.3707008362,5.6532998085,0,True,True,False,False,False,False
5,440.783996582,-47.8084983826,5.3868999481,0,True,True,False,False,False,False
5,439.799407959,-48.5218009949,5.7318000793,0,True,True,False,False,False,False
5,445.8521118164,-47.2566986084,5.7224001884,0,True,True,False,False,False,False
5,450.6507873535,-48.4634017944,5.4699001312,0,True,True,False,False,False,False
5,455.6543884277,-47.961101532,5.5180001259,0,True,True,False,False,False,False
5,462.7565002441,-48.8820991516,5.5366997719,0,True,True,False,False,False,False
5,464.3273925781,-49.2195014954,5.8375000954,0,True,True,False,False,False,False
5,470.5497131348,-47.5457000732,5.8199000359,0,True,True,False,False,False,False
5,472.1354980469,-49.1183013916,5.4210000038,0,True,True,False,False,False,False
5,477.3497009277,-49.2619018555,5.7217998505,0,True,True,False,False,False,False
5,477.2603149414,-49.7342987061,5.5,0,True,True,False,False,False,False
5,484.951385498,-49.75,5.4812998772,0,True,True,False,False,False,False
5,486.1253051758,-49.34400177,5.2189998627,0,True,True,False,False,False,False
5,489.6820983887,-49.6236000061,5.4503998756,0,True,True,False,False,False,False
5,498.8935852051,-50.2122993469,5.6112999916,0,True,True,False,False,False,False
5,501.6426086426,-49.7387008667,5.3722000122,0,True,True,False,False,False,False
5,506.5169067383,-49.7823982239,5.6282000542,0,True,True,False,False,False,False
5,507.4808959961,-50.8252983093,5.4061999321,0,True,True,False,False,False,False
5,512.7258911133,-51.0138015747,5.3807997704,0,True,True,False,False,False,False
5,515.7064819336,-51.0060997009,5.4491000175,0,True,True,False,False,False,False
5,519.0651245117,-50.141998291,5.6645998955,0,True,True,False,False,False,False
5,523.1038208008,-51.1873016357,5.4646000862,0,True,True,False,False,False,False
5,526.350402832,-51.6450996399,5.7252998352,0,True,True,False,False,False,False
5,527.4031982422,-51.3813018799,5.1918997765,0,True,True,False,False,False,False
5,528.7766113281,-51.0229988098,5.1036000252,0,True,True,False,False,False,False
5,536.5932006836,-50.6552009583,5.2725000381,0,True,True,False,False,False,False
5,544.6972045898,-50.9575004578,5.2929000854,0,True,False,False,False,False,False
5,540.4000854492,-51.5135993958,5.0794000626,0,True,True,False,False,False,False
5,547.1823120117,-50.8333015442,5.3152999878,0,True,False,False,False,False,False
5,549.5327148438,-51.1361999512,5.2947001457,0,True,False,False,False,False,False
5,552.5836181641,-51.3214988708,5.4236001968,0,True,False,False,False,False,False
5,555.4799194336,-51.8786010742,5.0987000465,0,True,False,False,False,False,False
5,559.6796875,-51.1600990295,5.1574001312,0,True,False,False,False,False,False
5,560.7438964844,-51.590801239,5.1118998528,0,True,False,False,False,False,False
5,566.7673950195,-51.6123008728,5.3361001015,0,True,False,False,False,False,False
5,566.078125,-51.0811004639,4.9724998474,0,True,False,False,False,False,False
5,571.0615844727,-51.6295013428,5.160299778,0,True,False,False,False,False,False
5,574.0474243164,-51.2030982971,4.8619999886,0,True,False,False,False,False,False
5,575.8989868164,-50.1082992554,4.9429998398,0,True,False,False,False,False,False
5,576.5418701172,-50.5892982483,5.3459000587,0,True,False,False,False,False,False
5,580.762878418,-50.8427009583,5.1802000999,0,True,False,False,False,False,False
5,581.1663818359,-50.0526008606,5.0847997665,0,True,False,False,False,False,False
5,585.0798950195,-50.2528991699,5.2055997849,0,True,False,False,False,False,False
5,586.783996582,-50.6474990845,5.0419001579,0,True,False,False,False,False,False
5,592.037902832,-49.7771987915,4.8327999115,0,True,False,False,False,False,False
5,590.9395751953,-49.8166999817,4.940100193,0,True,False,False,False,False,False
5,596.5715942383,-50.0411987305,5.3207998276,0,True,False,False,False,False,False
5,598.6608886719,-49.6800994873,4.8337001801,0,True,False,False,False,False,False
5,604.5739746094,-49.1586990356,4.882900238,0,True,False,False,False,False,False
5,601.3419189453,-49.1846008301,5.1262001991,0,True,False,False,False,False,False
5,607.9498291016,-48.7785987854,4.8461999893,0,True,False,False,False,False,False
5,606.5336303711,-48.7983016968,4.8495998383,0,True,False,False,False,False,False
5,609.8596191406,-50.7760009766,4.904900074,0,True,False,False,False,False,False
5,615.0902099609,-48.698600769,4.9809999466,0,True,False,False,False,False,False
5,615.4688110352,-48.6680984497,4.9496998787,0,True,False,False,False,False,False
5,613.8654174805,-48.4822006226,4.8442997932,0,True,False,False,False,False,False
5,620.5510253906,-47.8693008423,4.914899826,0,True,False,False,False,False,False
5,618.996887207,-48.3707008362,4.6845998764,0,True,False,False,False,False,False
5,625.2600097656,-47.7154006958,4.6437997818,0,True,False,False,False,False,False
5,625.3262939453,-47.275100708,4.7079000473,0,True,False,False,False,False,False
5,631.9475097656,-47.6605987549,4.6872000694,0,True,False,False,False,False,False
5,625.3383178711,-47.5582008362,4.7080998421,0,True,False,False,False,False,False
5,634.3298950195,-46.3273010254,4.9366998672,0,True,False,False,False,False,False
5,634.7365722656,-46.1960983276,4.7817997932,0,True,False,False,False,False,False
5,636.5504760742,-46.4691009521,4.7774000168,0,True,False,False,False,False,False
5,637.50390625,-46.4244003296,4.6525998116,0,True,False,False,False,False,False
5,641.2169799805,-45.6358985901,4.8376998901,0,True,False,False,False,False,False
5,646.6683959961,-47.0702018738,4.8165998459,0,True,False,False,False,False,False
5,644.5455932617,-46.3068008423,4.9815998077,0,True,False,False,False,False,False
5,649.8197021484,-45.6335983276,4.3378000259,0,True,False,False,False,False,False
5,644.3878173828,-44.636100769,4.704199791,0,True,False,False,False,False,False
5,649.2781982422,-45.2561988831,4.7095999718,0,True,False,False,False,False,False
5,653.5811767578,-45.7268981934,4.8053002357,0,True,False,False,False,False,False
5,655.4624023438,-46.5489997864,4.8406000137,0,True,False,False,False,False,False
5,655.3031005859,-45.7099990845,4.538599968,0,True,False,False,False,False,False
5,660.3475952148,-45.8427009583,4.7788000107,0,True,False,False,False,False,False
5,659.0023803711,-45.6366996765,4.7069001198,0,True,False,False,False,False,False
5,661.1373291016,-45.4382019043,4.4590001106,0,True,False,False,False,False,False
5,660.7255249023,-44.5862998962,4.9085998535,0,True,False,False,False,False,False
5,667.5045776367,-45.9011001587,4.6401000023,0,True,False,False,False,False,False
5,666.1781005859,-44.3961982727,4.2859997749,0,True,False,False,False,False,False
5,669.4810180664,-45.4089012146,4.5331997871,0,True,False,False,False,False,False
5,673.9716186523,-45.4188995361,5.0317997932,0,True,False,False,False,False,False
5,677.9902954102,-45.6601982117,4.9243001938,0,True,False,False,False,False,False
5,674.7308959961,-45.8586997986,4.6111001968,0,True,False,False,False,False,False
5,674.5996704102,-45.3973007202,4.7002000809,0,True,False,False,False,False,False
5,677.2072753906,-45.3655014038,4.9784002304,0,True,False,False,False,False,False
5,679.6019287109,-46.0956001282,4.9053001404,0,True,False,False,False,False,False
5,682.7615966797,-44.9571990967,4.7272000313,0,True,False,False,False,False,False
5,686.2395019531,-45.6407012939,4.579100132,0,True,False,False,False,False,False
5,679.4750976562,-46.1512985229,4.8506999016,0,True,False,False,False,False,False
5,688.3245849609,-45.613899231,4.4709000587,0,True,False,False,False,False,False
5,689.8516235352,-45.7412986755,4.5201997757,0,True,False,False,False,False,False
5,691.5745849609,-47.2457008362,4.6617999077,0,True,False,False,False,False,False
5,691.8494262695,-46.111000061,4.9436998367,0,True,False,False,False,False,False
5,693.6328735352,-46.6115989685,4.7368001938,0,True,False,False,False,False,False
5,694.5836791992,-46.5237007141,4.9918999672,0,True,False,False,False,False,False
5,694.7736816406,-46.7965011597,4.6729001999,0,True,False,False,False,False,False
5,697.7451782227,-47.2804985046,4.5773000717,0,True,False,False,False,False,False
5,699.885925293,-47.653301239,4.9141001701,0,True,False,False,False,False,False
5,697.6973266602,-47.2515983582,4.5686998367,0,True,False,False,False,False,False
5,699.1616821289,-47.1531982422,4.9345002174,0,True,False,False,False,False,False
5,701.5244750977,-48.3604011536,4.9506001472,0,True,False,False,False,False,False
5,707.6190795898,-48.4457015991,4.9656000137,0,True,False,False,False,False,False
5,707.7564086914,-47.7849006653,4.5904998779,0,True,False,False,False,False,False
5,711.5081176758,-49.3652992249,5.085100174,0,True,False,False,False,False,False
5,708.9033813477,-47.6995010376,5.0824999809,0,True,False,False,False,False,False
5,710.5258178711,-49.7902984619,4.9688000679,0,True,False,False,False,False,False
5,711.1011962891,-49.1492996216,4.7175002098,0,True,False,False,False,False,False
5,712.0311889648,-48.8203010559,5.1177000999,0,True,False,False,False,False,False
6,200.1896972656,-45.9597015381,5.6578998566,0,True,True,False,False,False,False
6,207.5274963379,-46.1385993958,6.0633997917,0,True,True,False,False,False,False
6,216.7402954102,-45.0774993896,5.7926998138,0,True,True,False,False,False,False
6,226.841796875,-46.3417015076,5.8885998726,0,True,True,False,False,False,False
6,235.5792999268,-44.8143005371,5.7540001869,0,True,True,False,False,False,False
6,241.6808929443,-45.1015014648,5.5935001373,0,True,True,False,False,False,False
6,251.854095459,-44.5695991516,5.9274997711,0,True,True,False,False,False,False
6,259.241394043,-44.684299469,5.7505002022,0,True,True,False,False,False,False
6,266.8630065918,-44.0481987,5.7336001396,0,True,True,False,False,False,False
6,278.1387939453,-43.6124992371,5.7807002068,0,True,True,False,False,False,False
6,282.8876037598,-44.506401062,5.7076001167,0,True,True,False,False,False,False
6,287.6127929688,-44.7191009521,5.6701998711,0,True,True,False,False,False,False
6,294.9948120117,-44.5225982666,5.7312998772,0,True,True,False,False,False,False
6,301.9938049316,-43.3964004517,5.8175997734,0,True,True,False,False,False,False
6,312.4818115234,-44.5540008545,5.8434000015,0,True,True,False,False,False,False
6,320.062713623,-43.4642982483,5.757999897,0,True,True,False,False,False,False
6,328.2590026855,-43.7491989136,5.8039999008,0,True,True,False,False,False,False
6,332.6683044434,-44.5387992859,6.0251998901,0,True,True,False,False,False,False
6,340.1112060547,-44.3619995117,6.0732002258,0,True,True,False,False,False,False
6,344.5777893066,-43.7995986938,5.7343997955,0,True,True,False,False,False,False
6,349.311706543,-43.5419006348,5.5949001312,0,True,True,False,False,False,False
6,358.2095947266,-44.959400177,5.5152997971,0,True,True,False,False,False,False
6,365.6256103516,-44.2820014954,5.976099968,0,True,True,False,False,False,False
6,371.9739990234,-44.9159011841,5.7038002014,0,True,True,False,False,False,False
6,378.1270141602,-44.4570007324,5.8534998894,0,True,True,False,False,False,False
6,387.9607849121,-44.8348007202,5.7329998016,0,True,True,False,False,False,False
6,389.8677978516,-44.4818992615,5.8042001724,0,True,True,False,False,False,False
6,398.5989074707,-44.7332000732,5.906899929,0,True,True,False,False,False,False
6,399.4692077637,-45.1020011902,5.7800002098,0,True,True,False,False,False,False
6,409.1081848145,-45.5918998718,5.7740001678,0,True,True,False,False,False,False
6,412.4858093262,-45.1605987549,5.9151000977,0,True,True,False,False,False,False
6,420.4099121094,-44.9210014343,5.8895998001,0,True,True,False,False,False,False
6,425.6387023926,-45.060798645,5.6607999802,0,True,True,False,False,False,False
6,428.6741027832,-45.2363014221,5.7347002029,0,True,True,False,False,False,False
6,434.4064025879,-44.8880996704,5.7954001427,0,True,True,False,False,False,False
6,444.1366882324,-45.4560012817,5.8944001198,0,True,True,False,False,False,False
6,448.8165893555,-46.0070991516,5.5033998489,0,True,True,False,False,False,False
6,453.9433898926,-47.0037002563,5.9711999893,0,True,True,False,False,False,False
6,455.3844909668,-46.2443008423,5.7348999977,0,True,True,False,False,False,False
6,463.9811096191,-46.3354988098,5.5686998367,0,True,True,False,False,False,False
6,469.5520019531,-47.2947006226,5.7775998116,0,True,True,False,False,False,False
6,475.5310058594,-47.0630989075,5.8744001389,0,True,True,False,False,False,False
6,477.662689209,-47.7242012024,5.7354001999,0,True,True,False,False,False,False
6,486.1690063477,-47.3618011475,5.777299881,0,True,True,False,False,False,False
6,489.1531982422,-47.0620994568,6.0012001991,0,True,True,False,False,False,False
6,493.4432983398,-47.3190994263,5.7732000351,0,True,True,False,False,False,False
6,492.8962097168,-48.2032012939,5.7953000069,0,True,True,False,False,False,False
6,504.3782958984,-48.0735015869,5.5927000046,0,True,True,False,False,False,False
6,506.9128112793,-47.4277992249,5.2618999481,0,True,True,False,False,False,False
6,507.7196960449,-49.3642997742,5.6578001976,0,True,True,False,False,False,False
6,511.0288085938,-49.0825004578,5.7308001518,0,True,True,False,False,False,False
6,522.8358154297,-48.7896995544,5.8172001839,0,True,True,False,False,False,False
6,521.3497924805,-49.04529953,5.5005002022,0,True,True,False,False,False,False
6,528.7990112305,-48.9566993713,5.6459999084,0,True,True,False,False,False,False
6,530.7133789062,-50.0176010132,5.5376000404,0,True,True,False,False,False,False
6,536.296875,-50.4860992432,5.6353001595,0,True,True,False,False,False,False
6,540.7360229492,-49.1893005371,5.670899868,0,True,False,False,False,False,False
6,545.2686767578,-50.3387985229,5.6086001396,0,True,False,False,False,False,False
6,546.8812255859,-49.5763015747,5.3660998344,0,True,False,False,False,False,False
6,550.1630859375,-50.2144012451,5.2915000916,0,True,False,False,False,False,False
6,554.4685058594,-49.995098114,5.4372000694,0,True,False,False,False,False,False
6,562.287109375,-49.7165985107,5.3759999275,0,True,False,False,False,False,False
6,562.4204711914,-49.3917999268,5.6371002197,0,True,False,False,False,False,False
6,567.1594238281,-50.3526992798,5.3688001633,0,True,False,False,False,False,False
6,573.3082275391,-50.0835990906,5.3618001938,0,True,False,False,False,False,False
6,573.4713745117,-49.8880996704,5.5178999901,0,True,False,False,False,False,False
6,576.9802246094,-51.0178985596,5.2049999237,0,True,False,False,False,False,False
6,580.7091064453,-50.3964996338,5.3948998451,0,True,False,False,False,False,False
6,583.7550048828,-50.6678009033,5.3383002281,0,True,False,False,False,False,False
6,588.5037841797,-50.1444015503,5.3674998283,0,True,False,False,False,False,False
6,593.3087158203,-49.8026008606,5.2006001472,0,True,False,False,False,False,False
6,592.8366699219,-49.9826011658,5.1623001099,0,True,False,False,False,False,False
6,596.2203979492,-49.9369010925,5.4670000076,0,True,False,False,False,False,False
6,596.7330932617,-49.8843002319,5.3447999954,0,True,False,False,False,False,False
6,603.3272094727,-49.8512001038,5.0455999374,0,True,False,False,False,False,False
6,605.3126220703,-49.8557014465,5.2281999588,0,True,False,False,False,False,False
6,612.6204223633,-49.7538986206,5.2463998795,0,True,False,False,False,False,False
6,612.2359008789,-50.1782989502,5.1045999527,0,True,False,False,False,False,False
6,615.3024291992,-49.3940010071,5.1907000542,0,True,False,False,False,False,False
6,618.3394165039,-48.8567008972,5.0989999771,0,True,False,False,False,False,False
6,620.1890258789,-48.8959007263,5.4236998558,0,True,False,False,False,False,False
6,623.8284301758,-48.3777008057,5.1624999046,0,True,False,False,False,False,False
6,628.5532226562,-48.1671981812,5.2477998734,0,True,False,False,False,False,False
6,626.3361816406,-48.5368003845,5.3108000755,0,True,False,False,False,False,False
6,633.5540161133,-48.3370018005,5.0483999252,0,True,False,False,False,False,False
6,636.1931152344,-49.3258018494,5.147600174,0,True,False,False,False,False,False
6,639.2990112305,-47.8931999207,5.231400013,0,True,False,False,False,False,False
6,642.1113891602,-48.6492004395,5.2715997696,0,True,False,False,False,False,False
6,643.0228881836,-46.9600982666,5.1778998375,0,True,False,False,False,False,False
6,645.6452026367,-48.2106018066,4.9218001366,0,True,False,False,False,False,False
6,646.7993164062,-47.9286003113,4.7311000824,0,True,False,False,False,False,False
6,650.7717285156,-46.9221000671,5.034599781,0,True,False,False,False,False,False
6,657.1062011719,-46.5396003723,5.0198001862,0,True,False,False,False,False,False
6,655.7625732422,-47.9306983948,4.8270001411,0,True,False,False,False,False,False
6,656.102722168,-46.9674987793,4.777299881,0,True,False,False,False,False,False
6,659.4287719727,-46.6761016846,5.0406999588,0,True,False,False,False,False,False
6,661.7420043945,-46.53150177,4.9576001167,0,True,False,False,False,False,False
6,665.533203125,-45.7776985168,5.1062998772,0,True,False,False,False,False,False
6,668.4437255859,-46.3571014404,4.9755001068,0,True,False,False,False,False,False
6,665.1713256836,-45.1481018066,4.9267001152,0,True,False,False,False,False,False
6,672.9962768555,-46.238899231,4.7403998375,0,True,False,False,False,False,False
6,674.6430053711,-44.9324989319,4.9057002068,0,True,False,False,False,False,False
6,675.8435058594,-45.1099014282,4.8798999786,0,True,False,False,False,False,False
6,679.0393066406,-45.21849823,4.6617999077,0,True,False,False,False,False,False
6,677.3532104492,-44.8291015625,5.1157999039,0,True,False,False,False,False,False
6,683.5592041016,-45.2383995056,4.9292998314,0,True,False,False,False,False,False
6,687.2819824219,-45.5792007446,4.8593997955,0,True,False,False,False,False,False
6,688.0422973633,-44.5824012756,4.7513999939,0,True,False,False,False,False,False
6,689.2576904297,-44.5760993958,4.9724001884,0,True,False,False,False,False,False
6,694.703125,-44.5648994446,4.7973999977,0,True,False,False,False,False,False
6,689.1488037109,-45.0578994751,5.3826999664,0,True,False,False,False,False,False
6,695.7404174805,-44.8755989075,4.8133997917,0,True,False,False,False,False,False
6,699.0297851562,-43.893901825,4.7572999001,0,True,False,False,False,False,False
6,701.1171875,-43.7224998474,4.8703999519,0,True,False,False,False,False,False
6,699.36328125,-43.9976005554,4.5903000832,0,True,False,False,False,False,False
6,703.3101806641,-43.4418983459,4.9590001106,0,True,False,False,False,False,False
6,709.8811035156,-43.6360015869,4.8822999001,0,True,False,False,False,False,False
6,705.8673095703,-44.1044006348,4.7451000214,0,True,False,False,False,False,False
6,713.0184936523,-44.4401016235,4.855700016,0,True,False,False,False,False,False
6,713.1342163086,-44.0626983643,4.8593997955,0,True,False,False,False,False,False
6,713.4570922852,-44.8818016052,4.3752999306,0,True,False,False,False,False,False
6,712.4641113281,-44.5185012817,4.7251000404,0,True,False,False,False,False,False
7,205.9821014404,-45.5620994568,4.7397999763,0,True,True,False,False,False,False
7,206.0635070801,-46.2309989929,4.626999855,0,True,True,False,False,False,False
7,216.9579925537,-45.6428985596,4.7831001282,0,True,True,False,False,False,False
7,221.7469940186,-44.9952011108,4.6577000618,0,True,True,False,False,False,False
7,232.3623962402,-45.1030006409,4.9254999161,0,True,True,False,False,False,False
7,239.2438964844,-45.3567008972,4.7076997757,0,True,True,False,False,False,False
7,247.0482940674,-45.4353981018,4.678800106,0,True,True,False,False,False,False
7,250.8076019287,-45.3898010254,4.763999939,0,True,True,False,False,False,False
7,261.929107666,-45.0284004211,4.7122001648,0,True,True,False,False,False,False
7,266.2831115723,-44.1297988892,4.6992001534,0,True,True,False,False,False,False
7,276.4898986816,-43.5400009155,4.7484998703,0,True,True,False,False,False,False
7,280.1199035645,-44.6582984924,4.7729001045,0,True,True,False,False,False,False
7,288.716796875,-44.6786003113,4.4526000023,0,True,True,False,False,False,False
7,294.8673095703,-44.0886001587,4.6312999725,0,True,True,False,False,False,False
7,302.3602905273,-44.2198982239,4.9934000969,0,True,True,False,False,False,False
7,306.0021057129,-44.9025993347,4.9528999329,0,True,True,False,False,False,False
7,315.596496582,-44.242401123,4.6360001564,0,True,True,False,False,False,False
7,319.4204101562,-44.6133003235,4.7930998802,0,True,True,False,False,False,False
7,323.7827148438,-44.7902984619,4.7734999657,0,True,True,False,False,False,False
7,336.8305053711,-44.4099006653,4.8182001114,0,True,True,False,False,False,False
7,339.1224975586,-44.361000061,4.668900013,0,True,True,False,False,False,False
7,346.9371948242,-44.4816017151,4.7337999344,0,True,True,False,False,False,False
7,352.4179077148,-43.7083015442,4.8460001945,0,True,True,False,False,False,False
7,354.6901855469,-44.8824005127,4.4858999252,0,True,True,False,False,False,False
7,362.0069885254,-44.8573989868,4.7743000984,0,True,True,False,False,False,False
7,367.7510070801,-45.0885009766,4.585100174,0,True,True,False,False,False,False
7,372.7142944336,-43.903301239,4.7593002319,0,True,True,False,False,False,False
7,380.3761901855,-44.8633995056,4.6859998703,0,True,True,False,False,False,False
7,382.9807128906,-44.6273994446,4.8021001816,0,True,True,False,False,False,False
7,392.3688049316,-45.8375015259,4.5683999062,0,True,True,False,False,False,False
7,399.4476013184,-45.0065002441,4.8282999992,0,True,True,False,False,False,False
7,402.513885498,-46.2487983704,4.7567000389,0,True,True,False,False,False,False
7,412.770690918,-45.9842987061,4.9562001228,0,True,True,False,False,False,False
7,414.8482055664,-45.9346008301,4.5229997635,0,True,True,False,False,False,False
7,413.7777099609,-46.3375015259,4.5763998032,0,True,True,False,False,False,False
7,422.0885009766,-46.7528991699,4.3920001984,0,True,True,False,False,False,False
7,428.6418151855,-45.710899353,4.817800045,0,True,True,False,False,False,False
7,427.9735107422,-46.0091018677,4.7234997749,0,True,True,False,False,False,False
7,434.8255004883,-47.4760017395,4.700799942,0,True,True,False,False,False,False
7,439.5964050293,-46.9488983154,4.5675997734,0,True,True,False,False,False,False
7,441.3435974121,-47.5730018616,4.9773001671,0,True,True,False,False,False,False
7,446.6781005859,-46.8237991333,4.7664999962,0,True,True,False,False,False,False
7,455.7491149902,-46.7692985535,4.5549998283,0,True,True,False,False,False,False
7,454.5618896484,-47.8023986816,4.7987999916,0,True,True,False,False,False,False
7,463.0476074219,-47.6276016235,4.5647001266,0,True,True,False,False,False,False
7,468.9454040527,-48.2751998901,4.6588997841,0,True,True,False,False,False,False
7,472.9046936035,-47.6246986389,4.4021000862,0,True,True,False,False,False,False
7,474.0463867188,-48.712600708,4.5534000397,0,True,True,False,False,False,False
7,480.7473144531,-48.0918006897,4.6034998894,0,True,True,False,False,False,False
7,481.4587097168,-48.6442985535,4.5461001396,0,True,True,False,False,False,False
7,487.6014099121,-48.8860015869,4.7758998871,0,True,True,False,False,False,False
7,493.0822143555,-49.5155982971,4.5487999916,0,True,True,False,False,False,False
7,494.7070922852,-49.340801239,4.426199913,0,True,True,False,False,False,False
7,500.3994140625,-49.0125999451,4.5851998329,0,True,True,False,False,False,False
7,502.0010986328,-49.0970993042,4.5717000961,0,True,True,False,False,False,False
7,507.2976989746,-49.5152015686,4.4513001442,0,True,True,False,False,False,False
7,509.0263977051,-49.4799995422,4.4228000641,0,True,True,False,False,False,False
7,516.3483276367,-49.9530982971,4.2954001427,0,True,True,False,False,False,False
7,515.5776977539,-50.1194992065,4.5324001312,0,True,True,False,False,False,False
7,518.5490722656,-49.3841018677,4.2880997658,0,True,True,False,False,False,False
7,522.4744262695,-49.2453994751,4.3235998154,0,True,True,False,False,False,False
7,531.7667236328,-48.8591003418,4.2143001556,0,True,True,False,False,False,False
7,531.3380126953,-49.7527999878,4.1547999382,0,True,True,False,False,False,False
7,536.1166992188,-50.1999015808,4.0124001503,0,True,True,False,False,False,False
7,538.5411987305,-50.4196014404,4.2453999519,0,True,True,False,False,False,False
7,541.61328125,-50.4906997681,4.2925000191,0,True,False,False,False,False,False
7,544.4893188477,-50.6397018433,4.0960998535,0,True,False,False,False,False,False
7,548.2401123047,-50.1024017334,4.4755001068,0,True,False,False,False,False,False
7,552.2470092773,-50.2472000122,4.1865000725,0,True,False,False,False,False,False
7,554.7662963867,-49.8348999023,4.0956001282,0,True,False,False,False,False,False
7,557.7717895508,-50.3536987305,4.4786000252,0,True,False,False,False,False,False
7,561.6900024414,-50.1725006104,4.2558999062,0,True,False,False,False,False,False
7,563.9260253906,-50.1716003418,3.929199934,0,True,False,False,False,False,False
7,565.7205200195,-50.5976982117,4.2290000916,0,True,False,False,False,False,False
7,572.1998901367,-49.2863006592,4.1441001892,0,True,False,False,False,False,False
7,571.4703979492,-50.7681999207,4.2182998657,0,True,False,False,False,False,False
7,572.0994873047,-49.5312995911,4.0127000809,0,True,False,False,False,False,False
7,576.8330078125,-49.3955001831,4.2273001671,0,True,False,False,False,False,False
7,577.9932861328,-49.7845001221,4.1498999596,0,True,False,False,False,False,False
7,582.5109863281,-49.8021011353,4.2348999977,0,True,False,False,False,False,False
7,585.2045898438,-48.9992980957,4.2118000984,0,True,False,False,False,False,False
7,588.1926269531,-48.7464981079,3.948800087,0,True,False,False,False,False,False
7,587.6392822266,-48.8478012085,4.0553998947,0,True,False,False,False,False,False
7,591.4896850586,-48.4132003784,4.0202999115,0,True,False,False,False,False,False
7,595.4686889648,-49.0082015991,4.1321997643,0,True,False,False,False,False,False
7,595.5488891602,-48.7366981506,4.1153998375,0,True,False,False,False,False,False
7,596.6109008789,-48.9352989197,4.4772000313,0,True,False,False,False,False,False
7,603.145324707,-47.6002998352,3.8206999302,0,True,False,False,False,False,False
7,605.7659301758,-47.9948005676,3.8468000889,0,True,False,False,False,False,False
7,607.0452270508,-47.576499939,3.950799942,0,True,False,False,False,False,False
7,607.0745239258,-47.5862007141,4.070400238,0,True,False,False,False,False,False
7,613.0283203125,-47.6259994507,3.9948000908,0,True,False,False,False,False,False
7,614.2901000977,-46.8899993896,3.953099966,0,True,False,False,False,False,False
7,616.8106079102,-47.2392997742,3.9026999474,0,True,False,False,False,False,False
7,620.0518188477,-46.3852996826,3.820100069,0,True,False,False,False,False,False
7,621.1857299805,-46.9199981689,3.7699000835,0,True,False,False,False,False,False
7,620.1622924805,-46.6887016296,3.8090999126,0,True,False,False,False,False,False
7,627.9307861328,-46.2728004456,3.9107000828,0,True,False,False,False,False,False
7,626.2796020508,-46.0304985046,3.6714000702,0,True,False,False,False,False,False
7,628.8895263672,-45.7046012878,3.6891999245,0,True,False,False,False,False,False
7,632.044921875,-45.970500946,3.6902999878,0,True,False,False,False,False,False
7,636.9260864258,-45.6520004272,3.7469000816,0,True,False,False,False,False,False
7,636.5092773438,-45.0373001099,3.7902998924,0,True,False,False,False,False,False
7,638.5872192383,-45.7938995361,3.554500103,0,True,False,False,False,False,False
7,639.8314208984,-44.5003013611,3.7983999252,0,True,False,False,False,False,False
7,643.2924804688,-45.3816986084,3.8691999912,0,True,False,False,False,False,False
7,645.0451049805,-45.3683013916,3.8527998924,0,True,False,False,False,False,False
7,646.8079223633,-44.7862014771,3.5850999355,0,True,False,False,False,False,False
7,649.0549926758,-45.4289016724,3.8494000435,0,True,False,False,False,False,False
7,650.2955932617,-45.2142982483,3.8554000854,0,True,False,False,False,False,False
7,649.2573852539,-44.4696998596,3.7506999969,0,True,False,False,False,False,False
7,653.9556274414,-44.9443016052,3.5643000603,0,True,False,False,False,False,False
7,654.4312133789,-44.3101005554,3.6242001057,0,True,False,False,False,False,False
7,657.5147705078,-44.7738990784,3.6654999256,0,True,False,False,False,False,False
7,657.9852905273,-44.2578010559,3.7270998955,0,True,False,False,False,False,False
7,662.9758911133,-45.1128997803,3.5406999588,0,True,False,False,False,False,False
7,660.9694824219,-43.5083007812,3.576499939,0,True,False,False,False,False,False
7,665.1743774414,-43.8273010254,3.796200037,0,True,False,False,False,False,False
7,665.287902832,-44.4123001099,3.6354999542,0,True,False,False,False,False,False
7,666.3659057617,-44.3158988953,3.6689999104,0,True,False,False,False,False,False
7,673.9193725586,-43.8442993164,3.63560009,0,True,False,False,False,False,False
7,671.9948120117,-45.1198005676,3.9479000568,0,True,False,False,False,False,False
7,673.727722168,-44.1082000732,3.888600111,0,True,False,False,False,False,False
7,678.3756103516,-43.9730987549,3.8761000633,0,True,False,False,False,False,False
7,674.1141967773,-45.0083999634,3.8122999668,0,True,False,False,False,False,False
7,681.3367919922,-44.4043998718,3.8773999214,0,True,False,False,False,False,False
7,677.8571777344,-45.0834999084,3.5148000717,0,True,False,False,False,False,False
7,681.0419921875,-45.4115982056,3.4600000381,0,True,False,False,False,False,False
7,683.2598876953,-44.717300415,3.8759000301,0,True,False,False,False,False,False
7,683.633972168,-44.4164009094,3.8350999355,0,True,False,False,False,False,False
7,686.5004272461,-44.2193984985,3.8224999905,0,True,False,False,False,False,False
7,688.2658081055,-45.6282997131,3.8924000263,0,True,False,False,False,False,False
7,689.008972168,-44.8280982971,3.9117999077,0,True,False,False,False,False,False
7,691.7514038086,-45.0988006592,3.8924999237,0,True,False,False,False,False,False
7,695.2689208984,-45.3829994202,3.7987999916,0,True,False,False,False,False,False
7,694.7318115234,-46.0261001587,3.7400000095,0,True,False,False,False,False,False
7,698.5050048828,-46.9020004272,3.834800005,0,True,False,False,False,False,False
7,696.6774902344,-45.9152984619,3.9923000336,0,True,False,False,False,False,False
7,698.4226074219,-46.4886016846,3.8264000416,0,True,False,False,False,False,False
7,700.7434082031,-47.1371002197,3.7172000408,0,True,False,False,False,False,False
7,702.4738769531,-47.3811988831,3.8373999596,0,True,False,False,False,False,False
7,708.3287963867,-46.1355018616,4.015999794,0,True,False,False,False,False,False
7,705.2086181641,-46.7187004089,4.0099000931,0,True,False,False,False,False,False
7,706.3634033203,-46.617099762,3.8352999687,0,True,False,False,False,False,False
7,707.2380981445,-47.0895004272,3.9941999912,0,True,False,False,False,False,False
7,712.9680175781,-47.459400177,4.0887999535,0,True,False,False,False,False,False
7,712.2177734375,-48.2389984131,3.8894000053,0,True,False,False,False,False,False
7,711.9865722656,-48.2634010315,3.8803999424,0,True,False,False,False,False,False
7,712.2084960938,-48.8511009216,3.7923998833,0,True,False,False,False,False,False
8,195.8513031006,-50.1244010925,5.8158998489,0,True,True,False,False,False,False
8,208.4810028076,-50.160900116,5.5500001907,0,True,True,False,False,False,False
8,214.1125030518,-50.3035011292,5.9791002274,0,True,True,False,False,False,False
8,225.2769012451,-50.5900993347,5.9043002129,0,True,True,False,False,False,False
8,231.0523071289,-50.0912017822,6.0560002327,0,True,True,False,False,False,False
8,234.4378051758,-49.8335990906,5.733399868,0,True,True,False,False,False,False
8,241.1920928955,-50.2200012207,5.8158998489,0,True,True,False,False,False,False
8,251.5393066406,-49.1473999023,5.8699002266,0,True,True,False,False,False,False
8,258.4607849121,-49.4760017395,5.784599781,0,True,True,False,False,False,False
8,264.8482055664,-49.1491012573,5.9204001427,0,True,True,False,False,False,False
8,272.9664001465,-49.920501709,5.8309998512,0,True,True,False,False,False,False
8,281.463104248,-48.9537010193,5.965400219,0,True,True,False,False,False,False
8,286.4318847656,-49.6085014343,5.8348999023,0,True,True,False,False,False,False
8,291.44140625,-49.5652999878,5.9721999168,0,True,True,False,False,False,False
8,297.4486999512,-49.7112998962,5.7740998268,0,True,True,False,False,False,False
8,307.558807373,-50.0255012512,5.9011001587,0,True,True,False,False,False,False
8,314.124206543,-49.2361984253,5.8699998856,0,True,True,False,False,False,False
8,321.0320129395,-49.015499115,6.0475997925,0,True,True,False,False,False,False
8,327.0719909668,-49.1930999756,5.9990000725,0,True,True,False,False,False,False
8,333.274597168,-49.2075996399,5.9226999283,0,True,True,False,False,False,False
8,339.9157104492,-49.1613998413,5.9744000435,0,True,True,False,False,False,False
8,348.49609375,-48.918800354,5.626999855,0,True,True,False,False,False,False
8,349.7430114746,-49.2714004517,5.682199955,0,True,True,False,False,False,False
8,353.2636108398,-49.952999115,5.9088997841,0,True,True,False,False,False,False
8,362.5331115723,-49.8157997131,5.8509998322,0,True,True,False,False,False,False
8,366.141204834,-49.2349014282,5.945400238,0,True,True,False,False,False,False
8,372.983001709,-49.7627983093,5.8187999725,0,True,True,False,False,False,False
8,379.1689147949,-50.4029998779,5.7649998665,0,True,True,False,False,False,False
8,384.020690918,-50.0589981079,5.901599884,0,True,True,False,False,False,False
8,389.592590332,-49.9841003418,5.888299942,0,True,True,False,False,False,False
8,397.3688049316,-50.8391990662,6.0268998146,0,True,True,False,False,False,False
8,399.5943908691,-50.7128982544,5.9626998901,0,True,True,False,False,False,False
8,408.9065856934,-50.8704986572,6.0041999817,0,True,True,False,False,False,False
8,409.3598022461,-50.7392997742,5.8088002205,0,True,True,False,False,False,False
8,415.8832092285,-51.5348014832,5.5756998062,0,True,True,False,False,False,False
8,423.7004089355,-50.7234992981,5.8512997627,0,True,True,False,False,False,False
8,421.2770996094,-50.904800415,5.9569001198,0,True,True,False,False,False,False
8,428.9124145508,-50.2094993591,5.8706002235,0,True,True,False,False,False,False
8,438.611114502,-51.2402000427,5.6268000603,0,True,True,False,False,False,False
8,441.3486938477,-51.8280982971,5.714799881,0,True,True,False,False,False,False
8,442.3476867676,-52.5079994202,6.0208997726,0,True,True,False,False,False,False
8,450.1138000488,-52.223400116,5.9310998917,0,True,True,False,False,False,False
8,453.1610107422,-53.0460014343,5.7304000854,0,True,True,False,False,False,False
8,457.9996032715,-52.3064994812,5.7648000717,0,True,True,False,False,False,False
8,462.3139953613,-51.6629981995,5.9169998169,0,True,True,False,False,False,False
8,462.2351989746,-53.2566986084,5.5612001419,0,True,True,False,False,False,False
8,468.8926086426,-53.1936988831,5.8138999939,0,True,True,False,False,False,False
8,472.8960876465,-53.8134994507,5.9991998672,0,True,True,False,False,False,False
8,479.4692993164,-52.8858985901,5.7403998375,0,True,True,False,False,False,False
8,479.7011108398,-53.4561004639,5.5075001717,0,True,True,False,False,False,False
8,484.5978088379,-53.2948989868,5.6287999153,0,True,True,False,False,False,False
8,492.8445129395,-53.9342002869,5.4362001419,0,True,True,False,False,False,False
8,491.5136108398,-53.6708984375,5.5374999046,0,True,True,False,False,False,False
8,496.1546936035,-53.5386009216,5.8190999031,0,True,True,False,False,False,False
8,506.6878967285,-54.5451011658,5.8109998703,0,True,True,False,False,False,False
8,506.1413879395,-54.7326011658,5.6002001762,0,True,True,False,False,False,False
8,507.8421936035,-55.0563011169,5.6504001617,0,True,True,False,False,False,False
8,512.7229003906,-54.8154983521,5.9356999397,0,True,True,False,False,False,False
8,515.0700073242,-54.9248008728,5.6891999245,0,True,True,False,False,False,False
8,517.2055053711,-55.1847991943,5.7346000671,0,True,True,False,False,False,False
8,523.1212158203,-55.0811004639,5.6388001442,0,True,True,False,False,False,False
8,525.571472168,-54.9665985107,5.5981998444,0,True,True,False,False,False,False
8,530.8063964844,-55.0080986023,5.2364001274,0,True,True,False,False,False,False
8,532.5314941406,-55.4108009338,5.2372999191,0,True,True,False,False,False,False
8,539.0297241211,-54.8950004578,5.7554001808,0,True,True,False,False,False,False
8,542.8923950195,-55.135799408,5.4496998787,0,True,False,False,False,False,False
8,540.5698242188,-55.5691986084,5.2463998795,0,True,True,False,False,False,False
8,546.5383300781,-54.9313011169,5.382900238,0,True,False,False,False,False,False
8,546.4025268555,-55.885799408,5.3972001076,0,True,False,False,False,False,False
8,549.8659057617,-54.6805000305,5.1645002365,0,True,False,False,False,False,False
8,556.1021118164,-54.9129981995,5.3593001366,0,True,False,False,False,False,False
8,559.8480834961,-55.1991004944,5.2452001572,0,True,False,False,False,False,False
8,558.6837768555,-55.3148994446,5.4008002281,0,True,False,False,False,False,False
8,568.0640869141,-53.9530982971,5.526599884,0,True,False,False,False,False,False
8,565.6765136719,-54.0708007812,5.4103999138,0,True,False,False,False,False,False
8,571.9412231445,-55.2430992126,5.3102998734,0,True,False,False,False,False,False
8,568.3408813477,-54.9271011353,5.3666000366,0,True,False,False,False,False,False
8,573.2224121094,-54.918800354,5.1525001526,0,True,False,False,False,False,False
8,577.6799926758,-54.1468009949,5.2947001457,0,True,False,False,False,False,False
8,580.9268798828,-53.6251983643,5.0317001343,0,True,False,False,False,False,False
8,579.4652099609,-54.1020011902,5.5054001808,0,True,False,False,False,False,False
8,585.6356201172,-54.7904014587,5.143599987,0,True,False,False,False,False,False
8,584.9478149414,-54.043800354,5.3586997986,0,True,False,False,False,False,False
8,593.237121582,-54.0852012634,4.9229998589,0,True,False,False,False,False,False
8,595.0662841797,-54.2597999573,5.2288999557,0,True,False,False,False,False,False
8,596.0003051758,-53.3883018494,5.0392999649,0,True,False,False,False,False,False
8,596.6173095703,-53.0663986206,5.1100001335,0,True,False,False,False,False,False
8,599.5924072266,-54.0316009521,5.0110001564,0,True,False,False,False,False,False
8,606.4799804688,-53.3795013428,4.9861001968,0,True,False,False,False,False,False
8,605.6655273438,-53.9850006104,5.1957998276,0,True,False,False,False,False,False
8,608.6007080078,-52.8308982849,5.3362998962,0,True,False,False,False,False,False
8,610.0415039062,-51.8586997986,4.9300999641,0,True,False,False,False,False,False
8,610.4771118164,-51.6125984192,5.3454999924,0,True,False,False,False,False,False
8,616.3148803711,-52.6155014038,5.2206001282,0,True,False,False,False,False,False
8,612.9326782227,-51.7513008118,5.1368999481,0,True,False,False,False,False,False
8,618.6845092773,-51.2477989197,4.9123001099,0,True,False,False,False,False,False
8,621.6682128906,-51.001701355,4.902200222,0,True,False,False,False,False,False
8,620.6256713867,-51.1618995667,5.1732997894,0,True,False,False,False,False,False
8,623.6635742188,-50.9930000305,4.9876999855,0,True,False,False,False,False,False
8,623.0656738281,-51.2691001892,5.1694002151,0,True,False,False,False,False,False
8,628.0291748047,-51.0121994019,5.1286997795,0,True,False,False,False,False,False
8,628.6956787109,-50.9286003113,5.0900998116,0,True,False,False,False,False,False
8,634.9252929688,-50.7771987915,4.5251002312,0,True,False,False,False,False,False
8,635.2713012695,-50.311000824,4.7670998573,0,True,False,False,False,False,False
8,634.5642700195,-49.7941017151,5.0873999596,0,True,False,False,False,False,False
8,641.2653808594,-49.6166000366,4.8990998268,0,True,False,False,False,False,False
8,638.2993774414,-49.9342002869,4.8681998253,0,True,False,False,False,False,False
8,643.01171875,-50.1245994568,4.6413002014,0,True,False,False,False,False,False
8,647.6383056641,-49.8564987183,5.1925997734,0,True,False,False,False,False,False
8,647.8358154297,-50.0773010254,4.8172998428,0,True,False,False,False,False,False
8,649.0982055664,-49.8334007263,4.8741002083,0,True,False,False,False,False,False
8,653.0963134766,-49.4659004211,4.9243001938,0,True,False,False,False,False,False
8,654.8198852539,-49.3022003174,5.0310997963,0,True,False,False,False,False,False
8,653.7894897461,-48.2533988953,4.9749999046,0,True,False,False,False,False,False
8,661.0432128906,-48.7787017822,5.0096998215,0,True,False,False,False,False,False
8,659.9060058594,-49.2117996216,4.9393000603,0,True,False,False,False,False,False
8,659.3228149414,-49.8759994507,4.8871998787,0,True,False,False,False,False,False
8,662.3530273438,-49.8158988953,4.8600001335,0,True,False,False,False,False,False
8,663.7426757812,-48.8839988708,4.9008998871,0,True,False,False,False,False,False
8,664.4758300781,-50.2139015198,5.1441998482,0,True,False,False,False,False,False
8,666.7659301758,-48.9034996033,5.0341000557,0,True,False,False,False,False,False
8,671.1864013672,-49.3059005737,4.8399000168,0,True,False,False,False,False,False
8,667.8671875,-49.6724014282,5.1888999939,0,True,False,False,False,False,False
8,674.4158935547,-49.6479988098,4.8014998436,0,True,False,False,False,False,False
8,676.3005981445,-48.9146003723,5.1251001358,0,True,False,False,False,False,False
8,673.6710205078,-50.1341018677,4.6473999023,0,True,False,False,False,False,False
8,679.1953125,-49.6831016541,4.8607997894,0,True,False,False,False,False,False
8,681.1016845703,-50.2416992188,5.0314002037,0,True,False,False,False,False,False
8,680.8383789062,-50.5348014832,5.3541998863,0,True,False,False,False,False,False
8,681.3897705078,-50.0772018433,4.9498000145,0,True,False,False,False,False,False
8,684.3886108398,-49.8875007629,4.8763999939,0,True,False,False,False,False,False
8,688.4160766602,-49.7342987061,5.127600193,0,True,False,False,False,False,False
8,687.7249755859,-49.8563995361,4.8095002174,0,True,False,False,False,False,False
8,689.9163818359,-50.8245010376,4.9369997978,0,True,False,False,False,False,False
8,690.6448974609,-50.5317001343,5.3270998001,0,True,False,False,False,False,False
8,694.1890869141,-51.0839996338,4.8015999794,0,True,False,False,False,False,False
8,695.4611816406,-52.2547988892,4.9036002159,0,True,False,False,False,False,False
8,695.8402709961,-51.2580986023,5.0647001266,0,True,False,False,False,False,False
8,696.341003418,-51.8680992126,4.991399765,0,True,False,False,False,False,False
8,695.1351928711,-51.3544998169,5.0608000755,0,True,False,False,False,False,False
8,701.5745849609,-51.6766014099,5.0141000748,0,True,False,False,False,False,False
8,701.3225708008,-51.662399292,4.8097000122,0,True,False,False,False,False,False
8,706.3236083984,-51.7112007141,4.9579000473,0,True,False,False,False,False,False
8,703.1658935547,-52.9401016235,5.0384998322,0,True,False,False,False,False,False
8,705.7946777344,-52.4589996338,5.0981001854,0,True,False,False,False,False,False
8,708.8272094727,-52.7182006836,4.8270001411,0,True,False,False,False,False,False
8,712.9415893555,-52.8736991882,5.2698001862,0,True,False,False,False,False,False
8,709.0213012695,-53.1052017212,5.1991000175,0,True,False,False,False,False,False
8,711.5253295898,-53.4090003967,5.3034000397,0,True,False,False,False,False,False
8,714.1605224609,-53.7070999146,5.1620001793,0,True,False,False,False,False,False
8,714.1710205078,-54.5716018677,5.2831997871,0,True,False,False,False,False,False
9,198.8347930908,-44.0830001831,4.7557001114,0,True,True,False,False,False,False
9,209.1461029053,-44.793598175,4.649600029,0,True,True,False,False,False,False
9,217.8258972168,-43.3900985718,4.7037000656,0,True,True,False,False,False,False
9,224.6515045166,-43.4998016357,4.6518998146,0,True,True,False,False,False,False
9,229.8547973633,-44.2174987793,4.4612002373,0,True,True,False,False,False,False
9,236.9853057861,-44.0253982544,4.7122998238,0,True,True,False,False,False,False
9,248.841506958,-43.9236984253,4.7561001778,0,True,True,False,False,False,False
9,254.8320007324,-43.5960998535,4.7270002365,0,True,True,False,False,False,False
9,265.8174133301,-44.0601997375,4.5005998611,0,True,True,False,False,False,False
9,274.8590087891,-43.6211013794,5.1094999313,0,True,True,False,False,False,False
9,275.8565063477,-42.492401123,4.7617001534,0,True,True,False,False,False,False
9,282.9436035156,-42.8880996704,4.8383998871,0,True,True,False,False,False,False
9,287.8989868164,-42.8959007263,4.7189002037,0,True,True,False,False,False,False
9,300.9519958496,-44.0988998413,4.7518000603,0,True,True,False,False,False,False
9,306.9476928711,-42.5173988342,4.8740000725,0,True,True,False,False,False,False
9,314.4530029297,-42.8661003113,4.9531002045,0,True,True,False,False,False,False
9,319.9143066406,-42.5755996704,4.7389998436,0,True,True,False,False,False,False
9,328.2849121094,-43.0051994324,4.6300997734,0,True,True,False,False,False,False
9,330.5168151855,-42.3940010071,4.8331999779,0,True,True,False,False,False,False
9,340.2699890137,-43.3115997314,4.5947999954,0,True,True,False,False,False,False
9,349.1664123535,-42.5531005859,4.8713998795,0,True,True,False,False,False,False
9,352.7904968262,-42.5387992859,4.7237000465,0,True,True,False,False,False,False
9,358.707611084,-42.9122009277,4.7424998283,0,True,True,False,False,False,False
9,365.736907959,-43.96849823,4.7602000237,0,True,True,False,False,False,False
9,370.8714904785,-43.0863990784,4.8460001945,0,True,True,False,False,False,False
9,378.4534912109,-43.6430015564,4.6781997681,0,True,True,False,False,False,False
9,383.0899047852,-43.3875999451,4.8731999397,0,True,True,False,False,False,False
9,391.1192932129,-43.0116996765,5.0612001419,0,True,True,False,False,False,False
9,395.853302002,-42.8573989868,4.771900177,0,True,True,False,False,False,False
9,397.6991882324,-44.0587997437,4.605700016,0,True,True,False,False,False,False
9,405.0126953125,-43.0511016846,4.7059998512,0,True,True,False,False,False,False
9,411.6471862793,-43.8829994202,4.6971001625,0,True,True,False,False,False,False
9,420.4760131836,-43.7767982483,4.7190999985,0,True,True,False,False,False,False
9,423.8644104004,-44.0900993347,4.5426998138,0,True,True,False,False,False,False
9,427.7580871582,-44.2837982178,4.668200016,0,True,True,False,False,False,False
9,434.9678955078,-44.2211990356,4.8843002319,0,True,True,False,False,False,False
9,438.9776916504,-44.3665008545,4.7533998489,0,True,True,False,False,False,False
9,445.915802002,-44.0927009583,4.7857999802,0,True,True,False,False,False,False
9,447.6288146973,-44.9007987976,4.8850002289,0,True,True,False,False,False,False
9,452.3984069824,-44.6085014343,4.5896000862,0,True,True,False,False,False,False
9,461.4663085938,-45.2583999634,4.6633000374,0,True,True,False,False,False,False
9,460.3605957031,-45.2019004822,4.6535000801,0,True,True,False,False,False,False
9,473.5176086426,-45.9047012329,4.4762001038,0,True,True,False,False,False,False
9,474.8345947266,-45.7610015869,4.6508998871,0,True,True,False,False,False,False
9,477.1289978027,-46.2370986938,4.662899971,0,True,True,False,False,False,False
9,484.9678955078,-45.9790992737,4.7255997658,0,True,True,False,False,False,False
9,488.4381103516,-45.9492988586,4.5812001228,0,True,True,False,False,False,False
9,489.1741943359,-46.3031005859,4.4017000198,0,True,True,False,False,False,False
9,492.8149108887,-47.6277008057,4.4865999222,0,True,True,False,False,False,False
9,505.9259033203,-47.6063995361,4.4794001579,0,True,True,False,False,False,False
9,509.7937927246,-47.1491012573,4.507900238,0,True,True,False,False,False,False
9,505.6412963867,-46.8238983154,4.6730999947,0,True,True,False,False,False,False
9,515.1138916016,-48.1137008667,4.6175999641,0,True,True,False,False,False,False
9,523.1434936523,-47.9393005371,4.2793998718,0,True,True,False,False,False,False
9,516.5119018555,-47.4415016174,4.3400998116,0,True,True,False,False,False,False
9,525.3851928711,-48.8409996033,4.670800209,0,True,True,False,False,False,False
9,531.9996948242,-49.3252983093,4.2839999199,0,True,True,False,False,False,False
9,532.9307250977,-49.0345993042,4.0982999802,0,True,True,False,False,False,False
9,536.2205200195,-48.9520988464,4.3569002151,0,True,True,False,False,False,False
9,541.7305908203,-48.7789993286,4.5103001595,0,True,False,False,False,False,False
9,544.5784912109,-47.5110015869,4.5476999283,0,True,False,False,False,False,False
9,549.678894043,-49.0427017212,4.4998998642,0,True,False,False,False,False,False
9,553.4437866211,-48.1071014404,4.3769001961,0,True,False,False,False,False,False
9,555.8076171875,-48.1540985107,4.5241999626,0,True,False,False,False,False,False
9,559.3043212891,-49.1864013672,4.0135998726,0,True,False,False,False,False,False
9,564.8489990234,-48.0270004272,4.4478998184,0,True,False,False,False,False,False
9,563.7188720703,-48.1996002197,4.1930999756,0,True,False,False,False,False,False
9,567.545715332,-48.8969993591,4.1374001503,0,True,False,False,False,False,False
9,571.4664916992,-49.2276992798,4.084400177,0,True,False,False,False,False,False
9,575.5065917969,-48.582901001,4.2975997925,0,True,False,False,False,False,False
9,575.9711303711,-49.0685997009,4.1252999306,0,True,False,False,False,False,False
9,582.8461914062,-48.4663009644,4.054599762,0,True,False,False,False,False,False
9,587.9329833984,-48.8852005005,4.1777000427,0,True,False,False,False,False,False
9,590.7390136719,-49.009601593,4.2663998604,0,True,False,False,False,False,False
9,592.844909668,-48.8624992371,4.3466000557,0,True,False,False,False,False,False
9,591.6572265625,-48.5242996216,4.0037999153,0,True,False,False,False,False,False
9,599.6672973633,-48.439201355,4.4963002205,0,True,False,False,False,False,False
9,600.5665283203,-48.0875015259,4.2761998177,0,True,False,False,False,False,False
9,602.356628418,-47.7247009277,4.078499794,0,True,False,False,False,False,False
9,605.8613891602,-47.2078018188,4.0366001129,0,True,False,False,False,False,False
9,610.7028198242,-47.373298645,4.1849999428,0,True,False,False,False,False,False
9,608.6301269531,-47.1790008545,4.2213001251,0,True,False,False,False,False,False
9,613.3889770508,-47.4893989563,4.3229999542,0,True,False,False,False,False,False
9,617.6256713867,-47.5882987976,4.277200222,0,True,False,False,False,False,False
9,619.1860961914,-47.2393989563,3.9330999851,0,True,False,False,False,False,False
9,621.7664794922,-47.7464981079,3.9899001122,0,True,False,False,False,False,False
9,626.4895019531,-46.7421989441,3.7135000229,0,True,False,False,False,False,False
9,626.4353027344,-47.4566001892,4.0630998611,0,True,False,False,False,False,False
9,631.5866088867,-46.5185012817,3.9453999996,0,True,False,False,False,False,False
9,634.878112793,-46.1194000244,3.7622001171,0,True,False,False,False,False,False
9,631.274597168,-45.9272003174,4.1174001694,0,True,False,False,False,False,False
9,637.1220703125,-45.6879997253,3.9093999863,0,True,False,False,False,False,False
9,637.8876953125,-46.1015014648,3.9588999748,0,True,False,False,False,False,False
9,641.6995849609,-46.167301178,4.1255998611,0,True,False,False,False,False,False
9,646.3535766602,-45.4281997681,3.9500999451,0,True,False,False,False,False,False
9,646.6235961914,-45.4510993958,3.8821001053,0,True,False,False,False,False,False
9,648.518371582,-45.5508003235,4.0430998802,0,True,False,False,False,False,False
9,652.3375244141,-44.7242012024,3.9384000301,0,True,False,False,False,False,False
9,647.5925292969,-45.4460983276,3.9372999668,0,True,False,False,False,False,False
9,656.5369873047,-44.6896018982,3.7651998997,0,True,False,False,False,False,False
9,662.5603027344,-44.8867988586,4.0423998833,0,True,False,False,False,False,False
9,662.7857055664,-43.7806015015,4.0089001656,0,True,False,False,False,False,False
9,662.2330932617,-44.9393005371,4.0648999214,0,True,False,False,False,False,False
9,664.912902832,-44.202999115,3.8220000267,0,True,False,False,False,False,False
9,667.9675292969,-44.1645011902,3.8661000729,0,True,False,False,False,False,False
9,667.7634277344,-43.7116012573,3.7627000809,0,True,False,False,False,False,False
9,669.9631958008,-43.5335006714,3.8190999031,0,True,False,False,False,False,False
9,672.5131835938,-43.5074005127,3.6403000355,0,True,False,False,False,False,False
9,675.8717041016,-43.5158004761,3.9137001038,0,True,False,False,False,False,False
9,676.1140136719,-43.7089004517,3.7016999722,0,True,False,False,False,False,False
9,680.8959960938,-43.0329017639,4.0560998917,0,True,False,False,False,False,False
9,683.4664916992,-42.4901008606,3.7251999378,0,True,False,False,False,False,False
9,680.3748168945,-42.4149017334,3.9035000801,0,True,False,False,False,False,False
9,687.5980834961,-43.0308990479,4.0170998573,0,True,False,False,False,False,False
9,685.2045898438,-42.9897003174,3.7602000237,0,True,False,False,False,False,False
9,690.5081176758,-43.1100997925,3.673899889,0,True,False,False,False,False,False
9,690.4885864258,-42.2202987671,4.0528001785,0,True,False,False,False,False,False
9,694.3596191406,-42.5509986877,3.8145999908,0,True,False,False,False,False,False
9,696.2578735352,-42.5108985901,3.8046998978,0,True,False,False,False,False,False
9,698.5817871094,-43.0491981506,3.6410999298,0,True,False,False,False,False,False
9,693.9439086914,-42.3600006104,3.9119999409,0,True,False,False,False,False,False
9,703.018371582,-43.1282997131,3.8053998947,0,True,False,False,False,False,False
9,701.2877197266,-43.0303001404,3.9800000191,0,True,False,False,False,False,False
9,701.2186889648,-42.6819000244,4.0153999329,0,True,False,False,False,False,False
9,702.1436157227,-42.8581008911,3.6888999939,0,True,False,False,False,False,False
9,708.2861938477,-43.1969985962,3.6205000877,0,True,False,False,False,False,False
9,707.6522216797,-43.9858016968,4.206799984,0,True,False,False,False,False,False
9,711.7293701172,-42.7840995789,3.9633998871,0,True,False,False,False,False,False
10,196.713104248,-54.9017982483,4.3656001091,0,True,True,False,False,False,False
10,211.2474060059,-55.4042015076,4.1637001038,0,True,True,False,False,False,False
10,218.663192749,-55.1139984131,4.7157998085,0,True,True,False,False,False,False
10,225.6605987549,-55.7932014465,4.426199913,0,True,True,False,False,False,False
10,231.9156951904,-55.7644996643,4.8597998619,0,True,True,False,False,False,False
10,242.2337036133,-54.6551017761,4.7625999451,0,True,True,False,False,False,False
10,251.0005950928,-54.8102989197,4.6377000809,0,True,True,False,False,False,False
10,257.1771850586,-54.743598938,4.7172999382,0,True,True,False,False,False,False
10,262.7352905273,-53.9980010986,4.498000145,0,True,True,False,False,False,False
10,273.2937927246,-54.4700012207,4.448800087,0,True,True,False,False,False,False
10,279.2109985352,-54.1021003723,4.6550002098,0,True,True,False,False,False,False
10,293.0963134766,-54.0,4.5374999046,0,True,True,False,False,False,False
10,298.9988098145,-54.3414001465,4.7926001549,0,True,True,False,False,False,False
10,304.7439880371,-54.0099983215,4.5384998322,0,True,True,False,False,False,False
10,312.1723022461,-54.4384002686,4.4938998222,0,True,True,False,False,False,False
10,317.8428039551,-54.086101532,4.5609002113,0,True,True,False,False,False,False
10,324.5331115723,-53.5018005371,4.7311000824,0,True,True,False,False,False,False
10,332.3283996582,-54.4108009338,4.5928001404,0,True,True,False,False,False,False
10,339.7752990723,-54.1870002747,4.5387997627,0,True,True,False,False,False,False
10,344.9849853516,-54.1094017029,4.656899929,0,True,True,False,False,False,False
10,353.0297851562,-53.518901825,4.5588002205,0,True,True,False,False,False,False
10,359.6311950684,-54.4777984619,4.6328001022,0,True,True,False,False,False,False
10,365.6886901855,-53.2760009766,4.2863998413,0,True,True,False,False,False,False
10,372.8446960449,-53.4616012573,4.594399929,0,True,True,False,False,False,False
10,381.0852966309,-54.5289001465,4.5208001137,0,True,True,False,False,False,False
10,388.7109985352,-53.6114997864,4.4460000992,0,True,True,False,False,False,False
10,390.975402832,-54.9141998291,4.3566999435,0,True,True,False,False,False,False
10,400.8525085449,-54.7747993469,4.4306001663,0,True,True,False,False,False,False
10,406.4530944824,-54.8760986328,4.6996998787,0,True,True,False,False,False,False
10,408.6932983398,-54.9861984253,4.7698998451,0,True,True,False,False,False,False
10,415.554107666,-55.3555984497,4.3119001389,0,True,True,False,False,False,False
10,423.0542907715,-55.0166015625,4.6807999611,0,True,True,False,False,False,False
10,424.7518005371,-55.7162017822,4.5513000488,0,True,True,False,False,False,False
10,433.071685791,-55.7416000366,4.4433999062,0,True,True,False,False,False,False
10,441.7192077637,-54.9552001953,4.5057997704,0,True,True,False,False,False,False
10,445.0591125488,-55.9286003113,4.4881000519,0,True,True,False,False,False,False
10,452.3075866699,-56.3572006226,4.7203001976,0,True,True,False,False,False,False
10,453.3992004395,-56.043800354,4.0441999435,0,True,True,False,False,False,False
10,458.7150878906,-56.8387985229,4.6041002274,0,True,True,False,False,False,False
10,467.3991088867,-55.8885002136,4.6045999527,0,True,True,False,False,False,False
10,470.2323913574,-56.6347999573,4.5595002174,0,True,True,False,False,False,False
10,475.9047851562,-56.5430984497,4.483300209,0,True,True,False,False,False,False
10,481.9942016602,-57.4720993042,4.3604998589,0,True,True,False,False,False,False
10,486.1028137207,-57.0798988342,4.3973999023,0,True,True,False,False,False,False
10,490.5640869141,-57.6632003784,4.4649000168,0,True,True,False,False,False,False
10,496.6293945312,-58.0913009644,4.7070999146,0,True,True,False,False,False,False
10,500.6846923828,-57.6041984558,4.2704000473,0,True,True,False,False,False,False
10,509.0245056152,-58.0475997925,4.4878997803,0,True,True,False,False,False,False
10,509.3005065918,-58.146900177,4.3895001411,0,True,True,False,False,False,False
10,514.3967895508,-58.2016983032,4.1929998398,0,True,True,False,False,False,False
10,518.2556152344,-57.0653991699,4.2673001289,0,True,True,False,False,False,False
10,522.7553710938,-58.1777000427,4.3907999992,0,True,True,False,False,False,False
10,528.0139770508,-58.9826011658,4.3736000061,0,True,True,False,False,False,False
10,536.5463256836,-58.8269996643,4.2392997742,0,True,True,False,False,False,False
10,537.7073974609,-59.0334014893,4.399600029,0,True,True,False,False,False,False
10,543.9179077148,-59.3741989136,4.0945000648,0,True,False,False,False,False,False
10,543.7612915039,-60.3762016296,4.0528001785,0,True,False,False,False,False,False
10,549.8557128906,-59.5077018738,4.2476000786,0,True,False,False,False,False,False
10,552.7296142578,-59.1068992615,3.943500042,0,True,False,False,False,False,False
10,553.0208129883,-59.4961013794,4.2073001862,0,True,False,False,False,False,False
10,562.5065917969,-59.0264015198,4.1881999969,0,True,False,False,False,False,False
10,561.1400146484,-60.1554985046,4.2463002205,0,True,False,False,False,False,False
10,568.9572143555,-60.1085014343,4.1996998787,0,True,False,False,False,False,False
10,571.423828125,-59.3462982178,4.2442998886,0,True,False,False,False,False,False
10,574.8067016602,-61.2225990295,4.3660001755,0,True,False,False,False,False,False
10,576.5916137695,-59.5611000061,4.1518998146,0,True,False,False,False,False,False
10,583.0034790039,-58.9891014099,4.1586999893,0,True,False,False,False,False,False
10,581.979309082,-59.0060005188,4.3770999908,0,True,False,False,False,False,False
10,589.4085083008,-59.2860984802,4.3713002205,0,True,False,False,False,False,False
10,591.9298706055,-60.3871994019,4.1342000961,0,True,False,False,False,False,False
10,594.057800293,-60.3147010803,4.2925000191,0,True,False,False,False,False,False
10,599.6477050781,-60.706401825,3.9400000572,0,True,False,False,False,False,False
10,604.3803100586,-59.4482002258,4.3330998421,0,True,False,False,False,False,False
10,604.2128295898,-59.9550018311,3.9944000244,0,True,False,False,False,False,False
10,608.4910888672,-60.3315010071,4.1550998688,0,True,False,False,False,False,False
10,611.8511962891,-59.6652984619,4.1802000999,0,True,False,False,False,False,False
10,614.7717895508,-59.664100647,3.6867001057,0,True,False,False,False,False,False
10,614.7802734375,-58.4366989136,4.1089000702,0,True,False,False,False,False,False
10,619.1154174805,-59.7234992981,4.220099926,0,True,False,False,False,False,False
10,624.5706787109,-59.5984992981,3.8554999828,0,True,False,False,False,False,False
10,628.3894042969,-60.1666984558,3.906899929,0,True,False,False,False,False,False
10,630.0861816406,-59.379901886,3.7323999405,0,True,False,False,False,False,False
10,632.3618164062,-58.7820014954,3.886300087,0,True,False,False,False,False,False
10,637.7614746094,-58.3031005859,3.8599998951,0,True,False,False,False,False,False
10,641.0350952148,-58.4519996643,3.7067000866,0,True,False,False,False,False,False
10,638.7164916992,-59.1338005066,3.8485999107,0,True,False,False,False,False,False
10,643.7758789062,-58.7818984985,3.7167999744,0,True,False,False,False,False,False
10,647.5164794922,-58.966999054,3.9628999233,0,True,False,False,False,False,False
10,651.8692016602,-58.7097015381,3.8620998859,0,True,False,False,False,False,False
10,656.7805175781,-57.1427001953,3.6254000664,0,True,False,False,False,False,False
10,653.3543701172,-58.2066993713,3.5785999298,0,True,False,False,False,False,False
10,655.7407226562,-57.5677986145,3.6558001041,0,True,False,False,False,False,False
10,659.6148071289,-56.8586997986,3.6707999706,0,True,False,False,False,False,False
10,663.1220092773,-56.893699646,3.5643000603,0,True,False,False,False,False,False
10,661.4013061523,-56.5302009583,4.0468997955,0,True,False,False,False,False,False
10,666.9658813477,-56.4687995911,3.7037000656,0,True,False,False,False,False,False
10,668.2005004883,-56.4071998596,3.5125000477,0,True,False,False,False,False,False
10,670.4976196289,-56.28099823,3.5836999416,0,True,False,False,False,False,False
10,673.2615966797,-55.9898986816,3.8773999214,0,True,False,False,False,False,False
10,676.0552978516,-56.4746017456,4.0025000572,0,True,False,False,False,False,False
10,678.147277832,-55.936000824,3.5583999157,0,True,False,False,False,False,False
10,681.3034057617,-55.573600769,3.5218000412,0,True,False,False,False,False,False
10,683.1525268555,-55.4654006958,3.7111999989,0,True,False,False,False,False,False
10,686.8654785156,-55.382900238,3.8568999767,0,True,False,False,False,False,False
10,688.250793457,-54.9864006042,3.5657000542,0,True,False,False,False,False,False
10,689.2454223633,-55.0382995605,3.6872999668,0,True,False,False,False,False,False
10,690.8779907227,-55.2448005676,3.7799999714,0,True,False,False,False,False,False
10,695.8328857422,-55.1724014282,3.8331000805,0,True,False,False,False,False,False
10,696.8775024414,-54.2309989929,3.6531000137,0,True,False,False,False,False,False
10,697.0988769531,-54.3592987061,3.6489999294,0,True,False,False,False,False,False
10,702.1317138672,-54.4151000977,3.6196000576,0,True,False,False,False,False,False
10,701.2360229492,-54.1445999146,3.6468999386,0,True,False,False,False,False,False
10,705.4948730469,-53.7429008484,3.7049999237,0,True,False,False,False,False,False
10,709.4935913086,-54.692401886,3.5968999863,0,True,False,False,False,False,False
10,708.7064819336,-54.3563995361,3.5413000584,0,True,False,False,False,False,False
10,708.4545288086,-54.7242012024,3.6986999512,0,True,False,False,False,False,False
10,708.9916992188,-53.7765007019,3.8131000996,0,True,False,False,False,False,False
10,711.787902832,-55.1413002014,3.2809998989,0,True,False,False,False,False,False
11,202.7131958008,-41.8558998108,4.4398999214,0,True,True,False,False,False,False
11,204.6051940918,-41.5035018921,4.3315000534,0,True,True,False,False,False,False
11,214.9351043701,-41.5442008972,4.6915001869,0,True,True,False,False,False,False
11,227.1484069824,-41.4347000122,4.5858998299,0,True,True,False,False,False,False
11,230.2375030518,-42.0862998962,4.5062999725,0,True,True,False,False,False,False
11,239.1898040771,-41.3697013855,4.7843999863,0,True,True,False,False,False,False
11,246.2789001465,-40.9896011353,4.5433998108,0,True,True,False,False,False,False
11,254.0200042725,-40.9184989929,4.5156002045,0,True,True,False,False,False,False
11,261.4334106445,-40.4262008667,4.6609997749,0,True,True,False,False,False,False
11,268.8669128418,-40.6707992554,4.2498998642,0,True,True,False,False,False,False
11,274.424407959,-40.9720001221,4.5377998352,0,True,True,False,False,False,False
11,285.625213623,-41.5712013245,4.55919981,0,True,True,False,False,False,False
11,290.2380981445,-40.5727996826,4.7170000076,0,True,True,False,False,False,False
11,299.2948913574,-40.8097991943,4.4923000336,0,True,True,False,False,False,False
11,306.9843139648,-39.7037010193,4.3871002197,0,True,True,False,False,False,False
11,310.4888916016,-40.3132019043,4.4089999199,0,True,True,False,False,False,False
11,320.5382995605,-40.9567985535,4.5714001656,0,True,True,False,False,False,False
11,326.8219909668,-40.5845985413,4.4052000046,0,True,True,False,False,False,False
11,329.2991943359,-41.0648994446,4.3963999748,0,True,True,False,False,False,False
11,338.937286377,-40.1668014526,4.5058999062,0,True,True,False,False,False,False
11,338.6651916504,-39.6259002686,4.4878997803,0,True,True,False,False,False,False
11,347.625,-40.2265014648,4.5664000511,0,True,True,False,False,False,False
11,355.5960083008,-41.5392990112,4.668900013,0,True,True,False,False,False,False
11,358.4776916504,-40.9784011841,4.4836001396,0,True,True,False,False,False,False
11,367.8529968262,-40.1197013855,4.6511998177,0,True,True,False,False,False,False
11,377.1264038086,-41.3609008789,4.6054000854,0,True,True,False,False,False,False
11,381.576385498,-41.0003013611,4.5911998749,0,True,True,False,False,False,False
11,388.2677001953,-41.8549995422,4.5991001129,0,True,True,False,False,False,False
11,392.2015075684,-41.8827018738,4.4001002312,0,True,True,False,False,False,False
11,399.8346862793,-40.9006004333,4.5500998497,0,True,True,False,False,False,False
11,405.003112793,-41.4865989685,4.3158998489,0,True,True,False,False,False,False
11,409.6366882324,-41.7887001038,4.5310997963,0,True,True,False,False,False,False
11,414.9453125,-41.8945999146,4.4442000389,0,True,True,False,False,False,False
11,419.5003967285,-41.9914016724,4.4418001175,0,True,True,False,False,False,False
11,427.2604980469,-41.9859008789,4.3020000458,0,True,True,False,False,False,False
11,431.2853088379,-42.4165000916,4.2150998116,0,True,True,False,False,False,False
11,435.525604248,-41.8689002991,4.6898999214,0,True,True,False,False,False,False
11,440.7001037598,-43.3891983032,4.4194002151,0,True,True,False,False,False,False
11,447.5455932617,-42.6548995972,4.6627001762,0,True,True,False,False,False,False
11,452.550994873,-43.1618003845,4.3731999397,0,True,True,False,False,False,False
11,458.6582946777,-43.4417991638,4.4661002159,0,True,True,False,False,False,False
11,459.0911865234,-43.6352996826,4.3674001694,0,True,True,False,False,False,False
11,465.3475036621,-44.0348014832,4.3923997879,0,True,True,False,False,False,False
11,468.7279968262,-43.7737007141,4.3467998505,0,True,True,False,False,False,False
11,475.3153076172,-44.0047988892,4.5541000366,0,True,True,False,False,False,False
11,479.0918884277,-43.5816001892,4.261300087,0,True,True,False,False,False,False
11,481.0385131836,-44.220500946,4.2487998009,0,True,True,False,False,False,False
11,488.5476074219,-44.3316993713,4.1897997856,0,True,True,False,False,False,False
11,491.0281066895,-43.8810005188,4.4362998009,0,True,True,False,False,False,False
11,496.8428955078,-44.9872016907,4.3333997726,0,True,True,False,False,False,False
11,504.1767883301,-44.9408988953,3.9712998867,0,True,True,False,False,False,False
11,507.3541870117,-44.3967018127,4.3119001389,0,True,True,False,False,False,False
11,504.6263122559,-44.84400177,4.1567001343,0,True,True,False,False,False,False
11,511.9753112793,-45.2467002869,4.3919000626,0,True,True,False,False,False,False
11,517.9257202148,-44.5536003113,4.2239999771,0,True,True,False,False,False,False
11,520.606628418,-45.3414993286,4.5422000885,0,True,True,False,False,False,False
11,527.5697021484,-45.8195991516,4.4272999763,0,True,True,False,False,False,False
11,528.6567993164,-46.3403015137,4.3487000465,0,True,True,False,False,False,False
11,532.5888061523,-45.6362991333,3.9556999207,0,True,True,False,False,False,False
11,537.3571166992,-46.2840995789,4.5127000809,0,True,True,False,False,False,False
11,537.3009033203,-46.4154014587,4.3762001991,0,True,True,False,False,False,False
11,544.3693237305,-46.0993003845,4.4526000023,0,True,False,False,False,False,False
11,545.5678710938,-46.6155014038,4.0858998299,0,True,False,False,False,False,False
11,547.2719116211,-47.132900238,4.0735998154,0,True,False,False,False,False,False
11,554.3754882812,-47.0643997192,4.027200222,0,True,False,False,False,False,False
11,556.0715942383,-47.0079994202,4.1305999756,0,True,False,False,False,False,False
11,561.8140869141,-47.151599884,4.0411000252,0,True,False,False,False,False,False
11,568.1585083008,-47.0615005493,3.8306000233,0,True,False,False,False,False,False
11,569.9946289062,-45.8091011047,4.0666999817,0,True,False,False,False,False,False
11,568.7808227539,-46.4650001526,4.1772999763,0,True,False,False,False,False,False
11,575.2915039062,-46.4604988098,3.9405999184,0,True,False,False,False,False,False
11,576.8557739258,-46.1581001282,3.9093999863,0,True,False,False,False,False,False
11,575.8792724609,-46.6926994324,3.8160998821,0,True,False,False,False,False,False
11,580.5147094727,-45.9180984497,4.166200161,0,True,False,False,False,False,False
11,590.4663696289,-45.3033981323,3.9597001076,0,True,False,False,False,False,False
11,590.2028198242,-46.7338981628,4.0215001106,0,True,False,False,False,False,False
11,588.1915893555,-46.1495018005,3.8313999176,0,True,False,False,False,False,False
11,592.3530883789,-45.7843017578,3.7843999863,0,True,False,False,False,False,False
11,594.2044067383,-45.3890991211,3.7165999413,0,True,False,False,False,False,False
11,599.4105224609,-45.9215011597,3.997699976,0,True,False,False,False,False,False
11,604.7174072266,-46.1831016541,3.7530999184,0,True,False,False,False,False,False
11,605.2827148438,-45.1436004639,3.6824998856,0,True,False,False,False,False,False
11,608.0385742188,-45.2799987793,3.8266000748,0,True,False,False,False,False,False
11,610.8815917969,-44.1628990173,3.7764000893,0,True,False,False,False,False,False
11,613.6467285156,-45.3518981934,3.6707000732,0,True,False,False,False,False,False
11,610.3526000977,-45.3381004333,3.7964999676,0,True,False,False,False,False,False
11,620.3881835938,-44.9099006653,3.8201999664,0,True,False,False,False,False,False
11,620.2739868164,-44.7401008606,3.7792000771,0,True,False,False,False,False,False
11,624.5919799805,-44.8452987671,3.7039000988,0,True,False,False,False,False,False
11,623.5776977539,-43.9701004028,3.8187999725,0,True,False,False,False,False,False
11,626.791809082,-43.2770004272,3.5137999058,0,True,False,False,False,False,False
11,628.2067871094,-43.7081985474,3.4749999046,0,True,False,False,False,False,False
11,632.112487793,-43.0407981873,3.5801000595,0,True,False,False,False,False,False
11,633.7194824219,-43.5964012146,3.5906000137,0,True,False,False,False,False,False
11,637.3991088867,-43.1306991577,4.0627999306,0,True,False,False,False,False,False
11,639.92578125,-43.1562004089,3.6222000122,0,True,False,False,False,False,False
11,645.0385742188,-43.1453018188,3.684499979,0,True,False,False,False,False,False
11,644.7700195312,-42.7855987549,3.9038999081,0,True,False,False,False,False,False
11,646.5355224609,-42.386100769,3.5866000652,0,True,False,False,False,False,False
11,649.2899169922,-41.7587013245,3.6540000439,0,True,False,False,False,False,False
11,650.5858154297,-41.7319984436,3.8029000759,0,True,False,False,False,False,False
11,655.2064208984,-42.0150985718,3.8917000294,0,True,False,False,False,False,False
11,654.3352050781,-42.0446014404,3.9751000404,0,True,False,False,False,False,False
11,662.3217163086,-41.729598999,3.723400116,0,True,False,False,False,False,False
11,662.0352783203,-42.3125991821,3.6105999947,0,True,False,False,False,False,False
11,662.5527954102,-41.3730010986,3.6603000164,0,True,False,False,False,False,False
11,666.8455200195,-41.6791000366,3.7743000984,0,True,False,False,False,False,False
11,663.2722167969,-41.7350997925,3.7046000957,0,True,False,False,False,False,False
11,669.3532104492,-40.2210006714,3.6500999928,0,True,False,False,False,False,False
11,668.4375,-40.7565002441,3.7950999737,0,True,False,False,False,False,False
11,674.44921875,-40.7957992554,3.5264000893,0,True,False,False,False,False,False
11,672.8624267578,-41.3036994934,3.4625000954,0,True,False,False,False,False,False
11,673.9429931641,-39.3795013428,3.4370000362,0,True,False,False,False,False,False
11,679.8729858398,-40.5046005249,3.6436998844,0,True,False,False,False,False,False
11,680.4116210938,-40.582698822,3.3650000095,0,True,False,False,False,False,False
11,680.8914794922,-40.2631988525,3.4467000961,0,True,False,False,False,False,False
11,681.4028930664,-40.4272994995,3.3124001026,0,True,False,False,False,False,False
11,682.6713867188,-39.7593994141,3.3887999058,0,True,False,False,False,False,False
11,691.7161865234,-40.4729003906,3.4985001087,0,True,False,False,False,False,False
11,686.9251098633,-40.9622993469,3.3290998936,0,True,False,False,False,False,False
11,688.4982910156,-40.4550018311,3.4581999779,0,True,False,False,False,False,False
11,693.9603881836,-39.6568984985,3.5487000942,0,True,False,False,False,False,False
11,692.9177856445,-40.1575012207,3.3924000263,0,True,False,False,False,False,False
11,694.6303100586,-40.8325996399,3.6526999474,0,True,False,False,False,False,False
11,697.9204101562,-40.3376998901,3.5736999512,0,True,False,False,False,False,False
11,699.5488891602,-41.0932006836,3.7869000435,0,True,False,False,False,False,False
11,701.7694702148,-41.706401825,3.6015999317,0,True,False,False,False,False,False
11,704.9110717773,-41.4533996582,3.3894000053,0,True,False,False,False,False,False
11,708.5773925781,-41.6026992798,3.6742999554,0,True,False,False,False,False,False
11,707.0479125977,-41.5615997314,3.638600111,0,True,False,False,False,False,False
11,710.4191894531,-41.8894996643,3.4082999229,0,True,False,False,False,False,False
11,711.8206787109,-42.1730003357,3.7509999275,0,True,False,False,False,False,False
11,711.2327880859,-42.0355987549,3.4533998966,0,True,False,False,False,False,False
11,714.5601806641,-40.7728996277,3.4331998825,0,True,False,False,False,False,False
12,198.6233978271,-45.0509986877,6.1015000343,0,True,True,False,False,False,False
12,210.258102417,-45.5564002991,6.1111998558,0,True,True,False,False,False,False
12,215.354095459,-44.6333999634,6.2372999191,0,True,True,False,False,False,False
12,222.3928070068,-44.8377990723,6.4008998871,0,True,True,False,False,False,False
12,230.62840271,-45.0730018616,6.0982999802,0,True,True,False,False,False,False
12,237.9120941162,-44.3515014648,6.2462000847,0,True,True,False,False,False,False
12,253.9223937988,-44.6509017944,6.0640997887,0,True,True,False,False,False,False
12,256.9982910156,-44.6287994385,6.1468000412,0,True,True,False,False,False,False
12,266.172088623,-43.8722991943,6.3403000832,0,True,True,False,False,False,False
12,269.0719909668,-44.7387008667,6.2498002052,0,True,True,False,False,False,False
12,280.5542907715,-43.7676010132,6.3269000053,0,True,True,False,False,False,False
12,280.6330871582,-44.3652992249,6.073800087,0,True,True,False,False,False,False
12,292.7911987305,-45.3865013123,6.3137001991,0,True,True,False,False,False,False
12,299.5346069336,-44.5013008118,6.3737001419,0,True,True,False,False,False,False
12,309.4357910156,-43.5247001648,6.2923002243,0,True,True,False,False,False,False
12,313.1796875,-44.8736991882,6.2571001053,0,True,True,False,False,False,False
12,320.6261901855,-44.2518005371,6.3094000816,0,True,True,False,False,False,False
12,332.1267089844,-43.9645996094,6.3811998367,0,True,True,False,False,False,False
12,333.6711120605,-43.9799003601,6.1774997711,0,True,True,False,False,False,False
12,343.580291748,-43.7752990723,6.3495001793,0,True,True,False,False,False,False
12,346.1452026367,-44.1136016846,6.1231999397,0,True,True,False,False,False,False
12,354.878692627,-43.7274017334,6.1507000923,0,True,True,False,False,False,False
12,361.0859069824,-44.3219985962,6.1205000877,0,True,True,False,False,False,False
12,367.5657043457,-44.061000824,6.3316001892,0,True,True,False,False,False,False
12,374.8933105469,-44.5045013428,6.285900116,0,True,True,False,False,False,False
12,378.3363952637,-44.1150016785,6.3843998909,0,True,True,False,False,False,False
12,386.0552062988,-43.5209999084,6.3229999542,0,True,True,False,False,False,False
12,391.4802856445,-44.6869010925,6.3302998543,0,True,True,False,False,False,False
12,397.0881958008,-44.3515014648,6.0083999634,0,True,True,False,False,False,False
12,402.6062011719,-44.7156982422,6.1718001366,0,True,True,False,False,False,False
12,411.30859375,-44.7275009155,6.1139998436,0,True,True,False,False,False,False
12,414.1901855469,-45.3564987183,6.1888999939,0,True,True,False,False,False,False
12,419.9526062012,-45.4152984619,6.2291002274,0,True,True,False,False,False,False
12,423.2442016602,-45.0564002991,6.1290001869,0,True,True,False,False,False,False
12,428.7538146973,-45.3867988586,5.8256001472,0,True,True,False,False,False,False
12,433.7005004883,-45.9164009094,6.2213001251,0,True,True,False,False,False,False
12,443.2025146484,-44.6642990112,6.0286002159,0,True,True,False,False,False,False
12,449.8941040039,-46.573600769,6.0524001122,0,True,True,False,False,False,False
12,455.9942016602,-46.2913017273,6.1591000557,0,True,True,False,False,False,False
12,456.9507141113,-46.7268981934,6.0240998268,0,True,True,False,False,False,False
12,460.1271057129,-47.4849014282,6.1153998375,0,True,True,False,False,False,False
12,464.62109375,-45.7148017883,6.0939002037,0,True,True,False,False,False,False
12,470.4248046875,-47.9551010132,6.320400238,0,True,True,False,False,False,False
12,476.3139953613,-47.4887008667,6.2031998634,0,True,True,False,False,False,False
12,479.057800293,-47.595199585,5.9993000031,0,True,True,False,False,False,False
12,488.403503418,-47.8633003235,6.0362000465,0,True,True,False,False,False,False
12,490.8995056152,-48.1567001343,5.977399826,0,True,True,False,False,False,False
12,494.3053894043,-48.5788993835,5.6093997955,0,True,True,False,False,False,False
12,500.1354064941,-48.0662002563,6.1206998825,0,True,True,False,False,False,False
12,505.0849914551,-47.9756011963,6.2730998993,0,True,True,False,False,False,False
12,507.7927856445,-47.6506996155,5.9412999153,0,True,True,False,False,False,False
12,512.0498046875,-48.962600708,5.9952001572,0,True,True,False,False,False,False
12,518.1911010742,-48.8759994507,5.9107999802,0,True,True,False,False,False,False
12,516.7073974609,-49.2303009033,6.0630002022,0,True,True,False,False,False,False
12,523.6306152344,-48.4818000793,6.0117998123,0,True,True,False,False,False,False
12,523.7319946289,-48.4286994934,6.1652998924,0,True,True,False,False,False,False
12,530.2155761719,-49.2974014282,5.9223999977,0,True,True,False,False,False,False
12,538.1096191406,-48.6207008362,6.0451998711,0,True,True,False,False,False,False
12,537.9022216797,-49.6986999512,5.8555998802,0,True,True,False,False,False,False
12,544.3936767578,-49.6276016235,5.7895002365,0,True,False,False,False,False,False
12,542.7022094727,-49.9760017395,6.0177001953,0,True,False,False,False,False,False
12,549.63671875,-50.6837997437,5.8017997742,0,True,False,False,False,False,False
12,555.7905883789,-50.0758018494,5.8041000366,0,True,False,False,False,False,False
12,554.1444091797,-50.1520004272,5.7951002121,0,True,False,False,False,False,False
12,560.6917114258,-49.9023017883,5.7167000771,0,True,False,False,False,False,False
12,564.9805908203,-49.5796012878,5.6191000938,0,True,False,False,False,False,False
12,564.7258911133,-49.0153007507,5.7142000198,0,True,False,False,False,False,False
12,570.5419921875,-49.5368995667,5.7309999466,0,True,False,False,False,False,False
12,573.5521240234,-49.9150009155,5.6824002266,0,True,False,False,False,False,False
12,577.0399169922,-50.9231987,5.6535000801,0,True,False,False,False,False,False
12,578.796081543,-50.0885009766,5.7821002007,0,True,False,False,False,False,False
12,583.6832885742,-49.7480010986,5.4492998123,0,True,False,False,False,False,False
12,585.0369873047,-50.2977981567,5.4520998001,0,True,False,False,False,False,False
12,590.6047973633,-50.2780990601,5.4979000092,0,True,False,False,False,False,False
12,590.0338745117,-50.1725997925,5.2030000687,0,True,False,False,False,False,False
12,596.9808959961,-49.8125991821,5.7207999229,0,True,False,False,False,False,False
12,598.9749755859,-49.0778999329,5.5384001732,0,True,False,False,False,False,False
12,605.2308959961,-48.8866004944,5.6872000694,0,True,False,False,False,False,False
12,603.6112060547,-49.3714981079,5.5799999237,0,True,False,False,False,False,False
12,606.4290771484,-48.7252006531,5.7796998024,0,True,False,False,False,False,False
12,612.3143920898,-48.6319007874,5.6293001175,0,True,False,False,False,False,False
12,613.9310302734,-49.0718002319,5.646999836,0,True,False,False,False,False,False
12,617.9473876953,-48.3557014465,5.4239997864,0,True,False,False,False,False,False
12,621.7993774414,-48.9376983643,5.9430999756,0,True,False,False,False,False,False
12,625.3245239258,-48.1551017761,5.4140000343,0,True,False,False,False,False,False
12,622.0396728516,-48.4382019043,5.5384001732,0,True,False,False,False,False,False
12,626.3190917969,-48.1333007812,5.8008999825,0,True,False,False,False,False,False
12,628.2149047852,-47.6081008911,5.4980998039,0,True,False,False,False,False,False
12,632.4656982422,-48.0085983276,5.5510001183,0,True,False,False,False,False,False
12,637.4741821289,-47.2117004395,5.3277001381,0,True,False,False,False,False,False
12,636.1605834961,-48.3867988586,5.2663998604,0,True,False,False,False,False,False
12,639.3748779297,-47.3853988647,5.2470998764,0,True,False,False,False,False,False
12,642.4049072266,-47.8334007263,5.7416000366,0,True,False,False,False,False,False
12,645.9379882812,-47.2837982178,5.3786997795,0,True,False,False,False,False,False
12,648.8646850586,-46.2155990601,5.23939991,0,True,False,False,False,False,False
12,649.9116821289,-46.9396018982,5.1263999939,0,True,False,False,False,False,False
12,647.4052124023,-46.2557983398,5.2856998444,0,True,False,False,False,False,False
12,656.1148071289,-46.3554992676,5.3445000648,0,True,False,False,False,False,False
12,658.0303955078,-45.6991996765,5.4904999733,0,True,False,False,False,False,False
12,655.5614013672,-45.2215003967,5.3512997627,0,True,False,False,False,False,False
12,660.0703735352,-44.9592018127,5.3320999146,0,True,False,False,False,False,False
12,662.3607177734,-45.6666984558,5.4924998283,0,True,False,False,False,False,False
12,664.9498901367,-45.8637008667,5.2670001984,0,True,False,False,False,False,False
12,667.5064086914,-45.3614997864,5.4274997711,0,True,False,False,False,False,False
12,671.2604980469,-45.4744987488,5.5999999046,0,True,False,False,False,False,False
12,668.8950195312,-44.9838981628,5.252600193,0,True,False,False,False,False,False
12,678.7379760742,-44.8218002319,4.8733000755,0,True,False,False,False,False,False
12,676.387878418,-44.261100769,5.3639998436,0,True,False,False,False,False,False
12,676.9091186523,-44.952999115,5.1503000259,0,True,False,False,False,False,False
12,682.9263916016,-44.3101005554,5.247399807,0,True,False,False,False,False,False
12,680.0913696289,-44.3368988037,5.146900177,0,True,False,False,False,False,False
12,683.7399291992,-44.2052001953,5.1728000641,0,True,False,False,False,False,False
12,687.2548828125,-44.1496009827,5.293200016,0,True,False,False,False,False,False
12,690.8256835938,-44.3703994751,5.1654000282,0,True,False,False,False,False,False
12,689.9152832031,-43.1380996704,5.2118000984,0,True,False,False,False,False,False
12,688.5512084961,-44.4104995728,5.2406997681,0,True,False,False,False,False,False
12,693.9439086914,-43.7215995789,5.2170000076,0,True,False,False,False,False,False
12,694.4503173828,-43.936000824,5.3853001595,0,True,False,False,False,False,False
12,696.3510742188,-44.054599762,5.3768000603,0,True,False,False,False,False,False
12,698.7725219727,-44.1293983459,5.409599781,0,True,False,False,False,False,False
12,702.80078125,-44.4038009644,5.2249999046,0,True,False,False,False,False,False
12,701.8569946289,-43.6283988953,5.4299001694,0,True,False,False,False,False,False
12,704.7202758789,-43.5051002502,5.1089000702,0,True,False,False,False,False,False
12,706.8198242188,-44.9198989868,5.2225999832,0,True,False,False,False,False,False
12,707.7095947266,-44.4860992432,5.1799001694,0,True,False,False,False,False,False
12,708.4517822266,-44.0275001526,5.3892002106,0,True,False,False,False,False,False
12,713.0123291016,-44.1072006226,5.4187998772,0,True,False,False,False,False,False
13,197.8683013916,-57.9622001648,5.4949998856,0,True,True,False,False,False,False
13,211.3238983154,-56.3765983582,5.3190999031,0,True,True,False,False,False,False
13,217.6302032471,-55.484500885,5.5644001961,0,True,True,False,False,False,False
13,226.5751037598,-56.8739013672,5.3207001686,0,True,True,False,False,False,False
13,234.9459075928,-55.9121017456,5.4629998207,0,True,True,False,False,False,False
13,240.9250030518,-56.6445999146,5.4067001343,0,True,True,False,False,False,False
13,248.6535949707,-56.260799408,5.4577999115,0,True,True,False,False,False,False
13,259.3439941406,-56.3866996765,5.3126001358,0,True,True,False,False,False,False
13,267.9594116211,-55.5931015015,5.4386000633,0,True,True,False,False,False,False
13,274.5852966309,-55.4771995544,5.4328999519,0,True,True,False,False,False,False
13,281.2697143555,-55.223400116,5.5942001343,0,True,True,False,False,False,False
13,286.8922119141,-55.1852989197,5.652299881,0,True,True,False,False,False,False
13,295.1380004883,-54.8955993652,5.5197000504,0,True,True,False,False,False,False
13,305.7784118652,-54.6708984375,5.418900013,0,True,True,False,False,False,False
13,308.7344055176,-56.1776008606,5.7602000237,0,True,True,False,False,False,False
13,315.9349975586,-55.5682983398,5.4847002029,0,True,True,False,False,False,False
13,323.5757141113,-55.8269004822,5.4786000252,0,True,True,False,False,False,False
13,333.6766052246,-55.0838012695,5.3880000114,0,True,True,False,False,False,False
13,336.0874938965,-55.1867980957,5.616300106,0,True,True,False,False,False,False
13,341.3120117188,-55.4897994995,5.4011998177,0,True,True,False,False,False,False
13,351.3204040527,-56.3266983032,5.396999836,0,True,True,False,False,False,False
13,358.2683105469,-55.7019004822,5.2716999054,0,True,True,False,False,False,False
13,362.4266052246,-55.5295982361,5.2764000893,0,True,True,False,False,False,False
13,369.2713928223,-55.1220016479,5.3457999229,0,True,True,False,False,False,False
13,376.3811950684,-56.1422996521,5.4113001823,0,True,True,False,False,False,False
13,384.9259033203,-55.7910995483,5.4520998001,0,True,True,False,False,False,False
13,390.367401123,-55.6031990051,5.5626997948,0,True,True,False,False,False,False
13,397.611907959,-55.4542007446,5.4711999893,0,True,True,False,False,False,False
13,401.7702941895,-56.7528991699,5.2957000732,0,True,True,False,False,False,False
13,404.8812866211,-57.0712013245,5.5309000015,0,True,True,False,False,False,False
13,412.1704101562,-56.7238006592,5.5823998451,0,True,True,False,False,False,False
13,419.2202148438,-56.4421005249,5.1511998177,0,True,True,False,False,False,False
13,423.6889953613,-57.2445983887,5.1195001602,0,True,True,False,False,False,False
13,428.9939880371,-56.929901123,5.623000145,0,True,True,False,False,False,False
13,434.1596984863,-57.1313018799,5.529900074,0,True,True,False,False,False,False
13,443.1593017578,-56.8330001831,5.4663000107,0,True,True,False,False,False,False
13,448.400604248,-56.3694000244,5.3176999092,0,True,True,False,False,False,False
13,451.1317138672,-58.7448997498,5.4555001259,0,True,True,False,False,False,False
13,455.6575012207,-58.0297012329,5.2909002304,0,True,True,False,False,False,False
13,466.1236877441,-58.4612007141,5.2065000534,0,True,True,False,False,False,False
13,467.719909668,-57.8152999878,5.5324001312,0,True,True,False,False,False,False
13,472.6306152344,-58.3648986816,4.942800045,0,True,True,False,False,False,False
13,474.4450073242,-58.4494018555,5.2930002213,0,True,True,False,False,False,False
13,482.1213989258,-59.2288017273,5.3123002052,0,True,True,False,False,False,False
13,486.5223083496,-59.5582008362,5.5710000992,0,True,True,False,False,False,False
13,493.8056030273,-58.9445991516,5.168200016,0,True,True,False,False,False,False
13,496.7680053711,-59.8977012634,5.1340999603,0,True,True,False,False,False,False
13,501.178314209,-58.4305992126,5.3653001785,0,True,True,False,False,False,False
13,505.0841064453,-60.0825004578,5.1167001724,0,True,True,False,False,False,False
13,508.8976135254,-60.379901886,5.5044999123,0,True,True,False,False,False,False
13,514.7421875,-59.2915992737,5.1687002182,0,True,True,False,False,False,False
13,514.6707763672,-60.1795005798,5.5486998558,0,True,True,False,False,False,False
13,524.5139770508,-60.0173988342,5.3088998795,0,True,True,False,False,False,False
13,527.1420898438,-60.1245994568,5.0910000801,0,True,True,False,False,False,False
13,533.8438720703,-60.6400985718,5.0938000679,0,True,True,False,False,False,False
13,535.6586303711,-61.3535003662,5.4313001633,0,True,True,False,False,False,False
13,543.6127929688,-61.5537986755,5.2926001549,0,True,False,False,False,False,False
13,545.8942260742,-59.9056015015,5.13560009,0,True,False,False,False,False,False
13,548.5098876953,-61.8468017578,5.4067997932,0,True,False,False,False,False,False
13,549.5449829102,-61.1128005981,5.4233999252,0,True,False,False,False,False,False
13,554.9940795898,-61.1604003906,4.9772000313,0,True,False,False,False,False,False
13,559.0438232422,-61.5685005188,5.228099823,0,True,False,False,False,False,False
13,561.5881958008,-60.3051986694,5.1592998505,0,True,False,False,False,False,False
13,564.1251220703,-61.40599823,5.1807999611,0,True,False,False,False,False,False
13,569.8834838867,-61.7271995544,4.837100029,0,True,False,False,False,False,False
13,573.5629272461,-61.0563011169,5.1718997955,0,True,False,False,False,False,False
13,574.7756958008,-60.7946014404,5.1883001328,0,True,False,False,False,False,False
13,579.4281005859,-62.0787010193,5.0741000175,0,True,False,False,False,False,False
13,584.713684082,-61.0018005371,4.8892998695,0,True,False,False,False,False,False
13,586.0914916992,-61.4182014465,4.9082999229,0,True,False,False,False,False,False
13,588.5668945312,-61.4588012695,5.1413002014,0,True,False,False,False,False,False
13,593.3298950195,-60.7238006592,4.8702998161,0,True,False,False,False,False,False
13,597.0130004883,-62.0441017151,5.1448001862,0,True,False,False,False,False,False
13,601.7393188477,-61.0364990234,4.8573999405,0,True,False,False,False,False,False
13,603.1820068359,-61.5238990784,4.8748998642,0,True,False,False,False,False,False
13,603.0662231445,-61.4244995117,4.7684001923,0,True,False,False,False,False,False
13,606.3572998047,-60.5387001038,4.9896998405,0,True,False,False,False,False,False
13,608.3535766602,-61.3218994141,4.3986001015,0,True,False,False,False,False,False
13,613.7592163086,-60.9664993286,4.9100999832,0,True,False,False,False,False,False
13,616.8640136719,-61.2085990906,4.8386001587,0,True,False,False,False,False,False
13,620.8569946289,-60.1487998962,4.7185001373,0,True,False,False,False,False,False
13,626.2147827148,-61.0784988403,4.9327001572,0,True,False,False,False,False,False
13,626.4434204102,-60.554599762,4.7800998688,0,True,False,False,False,False,False
13,628.9741210938,-60.2103004456,5.0121998787,0,True,False,False,False,False,False
13,630.6920166016,-59.7284011841,4.9625000954,0,True,False,False,False,False,False
13,634.4450073242,-59.9785995483,4.7053999901,0,True,False,False,False,False,False
13,633.7498779297,-59.6246986389,4.6895999908,0,True,False,False,False,False,False
13,642.5701904297,-60.2998008728,4.6711997986,0,True,False,False,False,False,False
13,640.0883789062,-58.5718994141,4.5815000534,0,True,False,False,False,False,False
13,645.2708740234,-58.5499992371,4.5331997871,0,True,False,False,False,False,False
13,646.4772949219,-59.4283981323,4.6697001457,0,True,False,False,False,False,False
13,648.6201171875,-58.8502998352,4.4443001747,0,True,False,False,False,False,False
13,654.3275146484,-57.354598999,4.7013998032,0,True,False,False,False,False,False
13,652.1657714844,-57.7574005127,4.6672000885,0,True,False,False,False,False,False
13,653.0751953125,-57.7667999268,4.4735999107,0,True,False,False,False,False,False
13,654.6315917969,-57.6371002197,4.6005001068,0,True,False,False,False,False,False
13,665.0772094727,-58.3223991394,4.7776999474,0,True,False,False,False,False,False
13,662.1962280273,-58.239200592,4.6785001755,0,True,False,False,False,False,False
13,669.8732299805,-56.9356002808,4.5833001137,0,True,False,False,False,False,False
13,669.3040771484,-57.39220047,4.8847999573,0,True,False,False,False,False,False
13,670.1561889648,-56.5209999084,4.6936001778,0,True,False,False,False,False,False
13,672.2922973633,-57.3503990173,4.5967998505,0,True,False,False,False,False,False
13,678.6514892578,-56.8098983765,4.6799001694,0,True,False,False,False,False,False
13,677.3634033203,-56.2400016785,4.6427001953,0,True,False,False,False,False,False
13,681.6013793945,-56.2085990906,4.6294999123,0,True,False,False,False,False,False
13,682.5678710938,-56.204498291,4.5135002136,0,True,False,False,False,False,False
13,685.194519043,-55.2492980957,4.69080019,0,True,False,False,False,False,False
13,687.9309082031,-55.8293991089,4.4910998344,0,True,False,False,False,False,False
13,688.2222290039,-56.2326011658,4.2315998077,0,True,False,False,False,False,False
13,688.4869995117,-55.8534011841,4.5664000511,0,True,False,False,False,False,False
13,697.2943115234,-55.521900177,4.617099762,0,True,False,False,False,False,False
13,697.8140258789,-56.1175003052,4.6325998306,0,True,False,False,False,False,False
13,699.3433837891,-55.6727981567,4.5349998474,0,True,False,False,False,False,False
13,691.9860229492,-55.0378990173,4.5766000748,0,True,False,False,False,False,False
13,703.3236083984,-56.0432014465,4.7276000977,0,True,False,False,False,False,False
13,703.1599731445,-55.2872009277,4.5637001991,0,True,False,False,False,False,False
13,707.9208984375,-56.6441001892,4.4660000801,0,True,False,False,False,False,False
13,706.9727172852,-54.9528999329,4.5281000137,0,True,False,False,False,False,False
13,710.5745849609,-55.2346992493,4.7136998177,0,True,False,False,False,False,False
13,710.8745727539,-55.8517990112,4.6598000526,0,True,False,False,False,False,False
13,712.7944946289,-55.4813995361,4.4512000084,0,True,False,False,False,False,False
14,201.2537994385,-55.8208007812,4.8650999069,0,True,True,False,False,False,False
14,209.091003418,-55.4889984131,5.372399807,0,True,True,False,False,False,False
14,218.6862945557,-54.9640007019,5.2953000069,0,True,True,False,False,False,False
14,227.4736938477,-55.3708000183,4.9028000832,0,True,True,False,False,False,False
14,232.5989990234,-55.8216018677,5.0015997887,0,True,True,False,False,False,False
14,243.2469024658,-54.4911994934,4.9861001968,0,True,True,False,False,False,False
14,250.6938018799,-54.8731994629,5.0109000206,0,True,True,False,False,False,False
14,257.7756958008,-53.8886985779,4.8976998329,0,True,True,False,False,False,False
14,269.6000976562,-54.2416992188,5.001999855,0,True,True,False,False,False,False
14,276.2343139648,-54.084400177,4.9260001183,0,True,True,False,False,False,False
14,284.8308105469,-53.8981018066,5.168200016,0,True,True,False,False,False,False
14,290.2124938965,-54.1628990173,5.1161999702,0,True,True,False,False,False,False
14,299.4024047852,-54.0304985046,5.4175000191,0,True,True,False,False,False,False
14,308.2518920898,-53.7486991882,4.9284000397,0,True,True,False,False,False,False
14,313.212310791,-53.9378013611,5.0865001678,0,True,True,False,False,False,False
14,320.7316894531,-54.751499176,5.0942997932,0,True,True,False,False,False,False
14,330.362701416,-54.1783981323,5.3592000008,0,True,True,False,False,False,False
14,335.2959899902,-54.2837982178,5.0197000504,0,True,True,False,False,False,False
14,344.0484008789,-53.1180000305,4.9731998444,0,True,True,False,False,False,False
14,350.1391906738,-54.6180000305,4.984099865,0,True,True,False,False,False,False
14,358.8223876953,-54.3630981445,4.972700119,0,True,True,False,False,False,False
14,364.3503112793,-53.7237014771,5.1016001701,0,True,True,False,False,False,False
14,373.4263916016,-53.3834991455,4.9457001686,0,True,True,False,False,False,False
14,380.634185791,-54.912399292,5.0679998398,0,True,True,False,False,False,False
14,385.0777893066,-54.0517997742,5.073800087,0,True,True,False,False,False,False
14,390.0734863281,-55.3897018433,5.32310009,0,True,True,False,False,False,False
14,398.2308959961,-54.0648994446,5.1957001686,0,True,True,False,False,False,False
14,403.3544921875,-54.8783988953,5.0411000252,0,True,True,False,False,False,False
14,408.3638000488,-54.28099823,4.9608998299,0,True,True,False,False,False,False
14,417.9433898926,-54.7691001892,5.0583000183,0,True,True,False,False,False,False
14,423.6264953613,-54.5997009277,4.8449997902,0,True,True,False,False,False,False
14,430.3203125,-55.8573989868,4.9553999901,0,True,True,False,False,False,False
14,432.1044921875,-55.7214012146,5.1852002144,0,True,True,False,False,False,False
14,437.5073852539,-55.0732002258,4.9931998253,0,True,True,False,False,False,False
14,446.9067077637,-55.0063018799,5.0274000168,0,True,True,False,False,False,False
14,451.2188110352,-55.7476005554,5.2509999275,0,True,True,False,False,False,False
14,455.8071899414,-55.4575004578,4.9386000633,0,True,True,False,False,False,False
14,460.0006103516,-57.1468009949,5.1019001007,0,True,True,False,False,False,False
14,471.5484924316,-55.8588981628,4.7048997879,0,True,True,False,False,False,False
14,472.3147888184,-56.1036987305,4.8239998817,0,True,True,False,False,False,False
14,476.0409851074,-56.018901825,4.7418999672,0,True,True,False,False,False,False
14,481.0267028809,-56.1893997192,4.9003000259,0,True,True,False,False,False,False
14,490.608795166,-56.4350013733,5.0050997734,0,True,True,False,False,False,False
14,493.9031066895,-56.5415992737,5.1616001129,0,True,True,False,False,False,False
14,498.2470092773,-56.9693984985,4.7042999268,0,True,True,False,False,False,False
14,505.0358886719,-57.1483001709,4.976099968,0,True,True,False,False,False,False
14,506.3334960938,-56.7304992676,4.8365001678,0,True,True,False,False,False,False
14,515.4426879883,-58.0632019043,4.7383999825,0,True,True,False,False,False,False
14,518.6917724609,-57.4850006104,5.1891999245,0,True,True,False,False,False,False
14,520.7005004883,-57.7743988037,4.8427000046,0,True,True,False,False,False,False
14,522.7606201172,-58.3179016113,4.8787999153,0,True,True,False,False,False,False
14,529.7026977539,-58.4729995728,5.0984997749,0,True,True,False,False,False,False
14,538.1337280273,-59.1104011536,4.6229000092,0,True,True,False,False,False,False
14,536.5358886719,-58.1967010498,4.8169999123,0,True,True,False,False,False,False
14,544.4235229492,-58.2759017944,4.8253998756,0,True,False,False,False,False,False
14,553.0961914062,-59.3745994568,4.773900032,0,True,False,False,False,False,False
14,555.013671875,-58.9269981384,4.8280000687,0,True,False,False,False,False,False
14,557.7741088867,-58.6612014771,4.8060002327,0,True,False,False,False,False,False
14,561.8145141602,-59.2132987976,4.6124000549,0,True,False,False,False,False,False
14,565.1815795898,-59.60779953,4.4368000031,0,True,False,False,False,False,False
14,568.9830932617,-59.7178001404,4.8709001541,0,True,False,False,False,False,False
14,574.1735839844,-58.9165000916,4.6098999977,0,True,False,False,False,False,False
14,575.091003418,-59.9842987061,4.4415001869,0,True,False,False,False,False,False
14,581.9099731445,-60.2372016907,4.6483998299,0,True,False,False,False,False,False
14,582.8931884766,-58.9655990601,4.6862998009,0,True,False,False,False,False,False
14,589.530090332,-59.9379005432,4.5536999702,0,True,False,False,False,False,False
14,590.2135009766,-59.7271995544,4.6484999657,0,True,False,False,False,False,False
14,596.1514892578,-58.6102981567,4.6687002182,0,True,False,False,False,False,False
14,603.0330810547,-59.2691001892,4.8361001015,0,True,False,False,False,False,False
14,603.0393066406,-58.8097000122,4.4407000542,0,True,False,False,False,False,False
14,607.3762817383,-59.7634010315,4.6881999969,0,True,False,False,False,False,False
14,613.1748046875,-59.6851997375,4.4994997978,0,True,False,False,False,False,False
14,615.0228271484,-59.9746017456,4.3414001465,0,True,False,False,False,False,False
14,619.4067993164,-59.4135017395,4.2718000412,0,True,False,False,False,False,False
14,620.8394775391,-59.3796005249,4.5366997719,0,True,False,False,False,False,False
14,623.6682739258,-58.7122001648,4.4832000732,0,True,False,False,False,False,False
14,628.6389770508,-58.976398468,4.6073999405,0,True,False,False,False,False,False
14,629.1848144531,-60.2640991211,4.3249998093,0,True,False,False,False,False,False
14,628.2202758789,-59.7414016724,4.5585999489,0,True,False,False,False,False,False
14,630.6176757812,-58.7882003784,4.3791999817,0,True,False,False,False,False,False
14,637.3007202148,-58.7303009033,4.2603001595,0,True,False,False,False,False,False
14,638.9323120117,-58.817401886,4.4903001785,0,True,False,False,False,False,False
14,640.9014282227,-58.5652008057,4.269299984,0,True,False,False,False,False,False
14,645.0139160156,-58.6605987549,4.3417000771,0,True,False,False,False,False,False
14,650.970703125,-58.7496986389,4.328499794,0,True,False,False,False,False,False
14,652.0319824219,-58.3404998779,4.0816001892,0,True,False,False,False,False,False
14,653.5277709961,-58.2405014038,4.539899826,0,True,False,False,False,False,False
14,655.1818237305,-57.9244003296,4.413599968,0,True,False,False,False,False,False
14,659.2653198242,-56.8474006653,4.2617001534,0,True,False,False,False,False,False
14,663.4923706055,-56.7865982056,4.219399929,0,True,False,False,False,False,False
14,665.0408935547,-57.1129989624,4.2732000351,0,True,False,False,False,False,False
14,667.2990112305,-57.1811981201,3.8757998943,0,True,False,False,False,False,False
14,668.542175293,-56.9337005615,4.5430002213,0,True,False,False,False,False,False
14,670.9885864258,-55.9926986694,4.3784999847,0,True,False,False,False,False,False
14,676.5004272461,-55.3605003357,4.3021001816,0,True,False,False,False,False,False
14,675.1995849609,-56.8370018005,4.2562999725,0,True,False,False,False,False,False
14,678.9973754883,-55.1473999023,4.1086001396,0,True,False,False,False,False,False
14,684.2963256836,-56.0788002014,3.890599966,0,True,False,False,False,False,False
14,686.3435058594,-56.5127983093,4.2895998955,0,True,False,False,False,False,False
14,691.8461303711,-55.5355987549,4.0567998886,0,True,False,False,False,False,False
14,690.4000854492,-55.7568016052,4.2445001602,0,True,False,False,False,False,False
14,695.7144775391,-55.2116012573,4.2399001122,0,True,False,False,False,False,False
14,695.3031005859,-54.7569999695,4.1470999718,0,True,False,False,False,False,False
14,700.7263183594,-54.1003990173,4.2926998138,0,True,False,False,False,False,False
14,700.2373046875,-54.4631996155,4.2107000351,0,True,False,False,False,False,False
14,706.1600952148,-54.6339988708,4.1034998894,0,True,False,False,False,False,False
14,707.9104003906,-54.4337005615,4.3276000023,0,True,False,False,False,False,False
14,706.6397094727,-54.5047988892,4.0654997826,0,True,False,False,False,False,False
14,711.5588989258,-54.1782989502,4.1149997711,0,True,False,False,False,False,False
14,714.3729858398,-53.9440002441,4.3562998772,0,True,False,False,False,False,False
14,712.0546264648,-53.9905014038,3.9165000916,0,True,False,False,False,False,False
15,203.5153045654,-43.317401886,5.4479999542,0,True,True,False,False,False,False
15,210.8733062744,-43.878200531,5.4653000832,0,True,True,False,False,False,False
15,222.7485046387,-43.3574981689,5.6911001205,0,True,True,False,False,False,False
15,224.7915039062,-42.9396018982,5.6283998489,0,True,True,False,False,False,False
15,230.5740966797,-43.2974014282,5.6300997734,0,True,True,False,False,False,False
15,237.7407989502,-43.6212997437,5.7919998169,0,True,True,False,False,False,False
15,245.1427001953,-42.5159988403,5.9716000557,0,True,True,False,False,False,False
15,256.4034118652,-43.4995994568,5.6065998077,0,True,True,False,False,False,False
15,268.4728088379,-42.7901000977,5.6092000008,0,True,True,False,False,False,False
15,272.9230041504,-42.2321014404,5.7396998405,0,True,True,False,False,False,False
15,277.5574035645,-41.8726997375,5.593100071,0,True,True,False,False,False,False
15,286.1370849609,-42.28099823,6.0430998802,0,True,True,False,False,False,False
15,293.5400085449,-41.9676017761,5.6807999611,0,True,True,False,False,False,False
15,301.407989502,-42.1749000549,6.05189991,0,True,True,False,False,False,False
15,307.3500061035,-41.9457015991,5.6996002197,0,True,True,False,False,False,False
15,314.4468078613,-42.0112991333,5.6652002335,0,True,True,False,False,False,False
15,324.297088623,-42.0686988831,5.9668002129,0,True,True,False,False,False,False
15,327.5852050781,-41.5973014832,5.4924001694,0,True,True,False,False,False,False
15,336.9151000977,-42.0755996704,5.728700161,0,True,True,False,False,False,False
15,343.2178039551,-42.3694000244,5.7006001472,0,True,True,False,False,False,False
15,349.9436950684,-41.8109016418,5.7870998383,0,True,True,False,False,False,False
15,355.5791931152,-41.6893005371,5.8091001511,0,True,True,False,False,False,False
15,362.0072021484,-42.3190994263,5.8067998886,0,True,True,False,False,False,False
15,367.850402832,-42.2979011536,5.9997000694,0,True,True,False,False,False,False
15,377.1463928223,-41.8381996155,5.6977000237,0,True,True,False,False,False,False
15,381.6875,-43.2125015259,5.6719999313,0,True,True,False,False,False,False
15,386.2799072266,-43.3496017456,5.7513999939,0,True,True,False,False,False,False
15,388.0071105957,-42.9926986694,5.7388000488,0,True,True,False,False,False,False
15,399.3485107422,-43.0271987915,5.6434001923,0,True,True,False,False,False,False
15,405.3604125977,-43.1120986938,5.9123997688,0,True,True,False,False,False,False
15,405.6657104492,-43.5447006226,5.785200119,0,True,True,False,False,False,False
15,414.2860107422,-42.2605018616,5.7522001266,0,True,True,False,False,False,False
15,426.7171936035,-43.1827011108,6.0124998093,0,True,True,False,False,False,False
15,429.863494873,-43.3867988586,5.6677999496,0,True,True,False,False,False,False
15,434.1745910645,-43.8182983398,5.7309999466,0,True,True,False,False,False,False
15,440.3225097656,-44.1861991882,5.4644999504,0,True,True,False,False,False,False
15,442.0913085938,-44.3751983643,6.0110998154,0,True,True,False,False,False,False
15,451.674987793,-44.1176986694,5.6150999069,0,True,True,False,False,False,False
15,455.5737915039,-44.8301010132,5.6380000114,0,True,True,False,False,False,False
15,459.2907104492,-44.4963989258,5.7220001221,0,True,True,False,False,False,False
15,463.258392334,-45.1682014465,5.8206000328,0,True,True,False,False,False,False
15,470.1582946777,-44.556098938,5.4914999008,0,True,True,False,False,False,False
15,473.3440856934,-45.4743003845,5.703499794,0,True,True,False,False,False,False
15,478.6275024414,-44.9149017334,5.5248999596,0,True,True,False,False,False,False
15,485.2543029785,-46.2762985229,5.486000061,0,True,True,False,False,False,False
15,491.1471862793,-45.6547012329,5.2894001007,0,True,True,False,False,False,False
15,490.6995849609,-46.2198982239,5.6291999817,0,True,True,False,False,False,False
15,499.8782043457,-45.9146995544,5.8034000397,0,True,True,False,False,False,False
15,501.0202941895,-45.1772003174,5.8248000145,0,True,True,False,False,False,False
15,507.5422058105,-46.8413009644,5.469399929,0,True,True,False,False,False,False
15,510.7856140137,-46.4109992981,5.6108999252,0,True,True,False,False,False,False
15,515.4916992188,-46.2122001648,5.4548001289,0,True,True,False,False,False,False
15,521.0966796875,-46.7373008728,5.6048002243,0,True,True,False,False,False,False
15,520.8316040039,-46.6360015869,5.7098999023,0,True,True,False,False,False,False
15,526.8883056641,-47.6577987671,5.4168000221,0,True,True,False,False,False,False
15,530.9133300781,-47.1529006958,5.4356999397,0,True,True,False,False,False,False
15,535.8713989258,-47.5643997192,5.3611998558,0,True,True,False,False,False,False
15,538.2105712891,-47.9171981812,5.2381000519,0,True,True,False,False,False,False
15,543.1369018555,-48.0946998596,5.4781999588,0,True,False,False,False,False,False
15,547.0233154297,-48.0223007202,5.6098999977,0,True,False,False,False,False,False
15,549.9602050781,-46.9869995117,5.3112998009,0,True,False,False,False,False,False
15,554.6947021484,-48.0029983521,5.5215001106,0,True,False,False,False,False,False
15,557.0667114258,-48.3184013367,5.3274002075,0,True,False,False,False,False,False
15,561.0307006836,-47.7849006653,5.3408999443,0,True,False,False,False,False,False
15,566.5529174805,-48.1836013794,5.4317998886,0,True,False,False,False,False,False
15,566.1898193359,-48.0522003174,5.6005997658,0,True,False,False,False,False,False
15,574.286315918,-48.0400009155,5.3186998367,0,True,False,False,False,False,False
15,573.4013061523,-48.6870994568,5.4897999763,0,True,False,False,False,False,False
15,580.4428710938,-48.2308006287,5.0788002014,0,True,False,False,False,False,False
15,583.4277954102,-47.7168006897,5.1683001518,0,True,False,False,False,False,False
15,582.8823242188,-48.3261985779,5.2182998657,0,True,False,False,False,False,False
15,590.0974731445,-48.4850006104,5.2239999771,0,True,False,False,False,False,False
15,593.7750244141,-48.6367988586,5.1644001007,0,True,False,False,False,False,False
15,593.9390869141,-47.7778015137,5.0753998756,0,True,False,False,False,False,False
15,598.9458007812,-48.2019004822,5.2789001465,0,True,False,False,False,False,False
15,601.3812866211,-48.3768005371,4.8951997757,0,True,False,False,False,False,False
15,600.4763183594,-47.3456993103,5.2999000549,0,True,False,False,False,False,False
15,603.7922973633,-47.5110015869,5.2290000916,0,True,False,False,False,False,False
15,611.4086303711,-48.1631011963,5.0942001343,0,True,False,False,False,False,False
15,612.0524902344,-47.7244987488,5.4015002251,0,True,False,False,False,False,False
15,614.938293457,-46.9296989441,5.1346998215,0,True,False,False,False,False,False
15,615.3616943359,-47.4020996094,5.1528000832,0,True,False,False,False,False,False
15,620.5327758789,-47.2489013672,4.9984998703,0,True,False,False,False,False,False
15,620.0587768555,-46.4053993225,5.0071997643,0,True,False,False,False,False,False
15,626.8433837891,-46.8639984131,5.2758002281,0,True,False,False,False,False,False
15,629.907409668,-46.9743995667,5.2634000778,0,True,False,False,False,False,False
15,632.5150146484,-46.0131988525,5.0872998238,0,True,False,False,False,False,False
15,637.8861083984,-46.8714981079,5.1887001991,0,True,False,False,False,False,False
15,636.4346923828,-46.1001014709,5.0917000771,0,True,False,False,False,False,False
15,639.5045166016,-45.5110015869,4.7427000999,0,True,False,False,False,False,False
15,643.2301025391,-46.136100769,5.1472001076,0,True,False,False,False,False,False
15,642.9487915039,-45.498298645,4.7848000526,0,True,False,False,False,False,False
15,647.0065917969,-45.6669006348,4.7044000626,0,True,False,False,False,False,False
15,649.2631225586,-45.2821006775,5.2002000809,0,True,False,False,False,False,False
15,652.2387084961,-44.4306983948,5.0859999657,0,True,False,False,False,False,False
15,652.0214233398,-44.757598877,4.9142999649,0,True,False,False,False,False,False
15,655.3142700195,-44.2333984375,5.1413002014,0,True,False,False,False,False,False
15,657.5595703125,-44.4314002991,5.1318001747,0,True,False,False,False,False,False
15,659.1129760742,-44.4949989319,4.9257001877,0,True,False,False,False,False,False
15,662.9625854492,-43.709400177,4.8435997963,0,True,False,False,False,False,False
15,665.8442993164,-43.8810997009,4.8720998764,0,True,False,False,False,False,False
15,667.8944091797,-43.0465011597,4.7516999245,0,True,False,False,False,False,False
15,670.2619018555,-43.5568008423,4.7680997849,0,True,False,False,False,False,False
15,673.200378418,-44.5234985352,4.9563999176,0,True,False,False,False,False,False
15,672.8121948242,-43.6108016968,4.5594000816,0,True,False,False,False,False,False
15,678.4014282227,-42.7563018799,4.8814001083,0,True,False,False,False,False,False
15,678.0269165039,-42.7667999268,4.8480000496,0,True,False,False,False,False,False
15,681.2827758789,-41.5537986755,5.0469999313,0,True,False,False,False,False,False
15,680.1585083008,-41.9790992737,4.8225998878,0,True,False,False,False,False,False
15,684.0336303711,-42.723400116,4.8621001244,0,True,False,False,False,False,False
15,687.1394042969,-41.6898994446,4.7565999031,0,True,False,False,False,False,False
15,688.1845703125,-42.9962005615,4.7543001175,0,True,False,False,False,False,False
15,691.6538085938,-43.056098938,4.8298001289,0,True,False,False,False,False,False
15,693.6295776367,-41.1683998108,4.9636998177,0,True,False,False,False,False,False
15,693.5186767578,-41.8781013489,4.8420000076,0,True,False,False,False,False,False
15,702.0482177734,-42.307800293,4.8968000412,0,True,False,False,False,False,False
15,701.3662109375,-41.8401985168,4.8447999954,0,True,False,False,False,False,False
15,701.9907836914,-42.4387016296,4.8793001175,0,True,False,False,False,False,False
15,705.9033813477,-42.3162002563,4.7727999687,0,True,False,False,False,False,False
15,704.9796142578,-42.3237991333,4.7288999557,0,True,False,False,False,False,False
15,706.1519775391,-41.5876998901,4.7697000504,0,True,False,False,False,False,False
15,708.2551269531,-42.7235984802,4.6700000763,0,True,False,False,False,False,False
15,711.7543945312,-42.3149986267,4.6728000641,0,True,False,False,False,False,False
15,707.8786010742,-42.273399353,4.8157000542,0,True,False,False,False,False,False
15,713.7802734375,-42.676700592,4.5566000938,0,True,False,False,False,False,False
16,201.9806060791,-56.0544013977,5.7126002312,0,True,True,False,False,False,False
16,205.6829071045,-56.7476005554,5.6775999069,0,True,True,False,False,False,False
16,220.0641021729,-56.6444015503,5.5243000984,0,True,True,False,False,False,False
16,222.4147949219,-55.632598877,5.9324002266,0,True,True,False,False,False,False
16,229.2738952637,-55.9612998962,5.6774997711,0,True,True,False,False,False,False
16,244.0028991699,-56.5205001831,5.709499836,0,True,True,False,False,False,False
16,247.5587005615,-55.6880989075,5.5353999138,0,True,True,False,False,False,False
16,259.729888916,-54.2827987671,5.9138998985,0,True,True,False,False,False,False
16,261.7984924316,-56.198299408,5.7048001289,0,True,True,False,False,False,False
16,272.5166931152,-56.1538009644,5.6701998711,0,True,True,False,False,False,False
16,275.5390930176,-55.8045005798,5.8165998459,0,True,True,False,False,False,False
16,286.6152954102,-55.1217002869,5.7581000328,0,True,True,False,False,False,False
16,295.129486084,-54.7177009583,6.1746997833,0,True,True,False,False,False,False
16,299.1807861328,-55.3431015015,5.5539999008,0,True,True,False,False,False,False
16,306.4281005859,-55.1063995361,5.7477002144,0,True,True,False,False,False,False
16,310.5957946777,-56.3606987,5.6626000404,0,True,True,False,False,False,False
16,320.2327880859,-54.2667007446,5.763999939,0,True,True,False,False,False,False
16,323.1354064941,-55.8853988647,5.638299942,0,True,True,False,False,False,False
16,334.1893920898,-54.2751998901,5.8586001396,0,True,True,False,False,False,False
16,341.808807373,-55.2107009888,5.3143000603,0,True,True,False,False,False,False
16,346.8525085449,-55.0954017639,5.6191000938,0,True,True,False,False,False,False
16,355.7514953613,-54.8577003479,5.6680002213,0,True,True,False,False,False,False
16,358.0361022949,-55.1413993835,6.1068000793,0,True,True,False,False,False,False
16,365.462890625,-55.7154998779,5.7207999229,0,True,True,False,False,False,False
16,368.3971862793,-55.4673995972,5.7487001419,0,True,True,False,False,False,False
16,379.049987793,-54.9751014709,5.7656998634,0,True,True,False,False,False,False
16,385.0653991699,-54.5887985229,5.4924001694,0,True,True,False,False,False,False
16,393.4256896973,-55.4081993103,5.6982998848,0,True,True,False,False,False,False
16,399.8688049316,-55.3981018066,5.5721001625,0,True,True,False,False,False,False
16,401.0805053711,-54.8506011963,5.7171998024,0,True,True,False,False,False,False
16,407.3059082031,-56.448299408,5.6161999702,0,True,True,False,False,False,False
16,411.3806152344,-56.620300293,5.8225998878,0,True,True,False,False,False,False
16,418.2554016113,-56.2314987183,5.6167998314,0,True,True,False,False,False,False
16,423.4693908691,-56.2028999329,5.7077999115,0,True,True,False,False,False,False
16,426.4642028809,-55.8316001892,5.7933998108,0,True,True,False,False,False,False
16,434.4002990723,-57.2916984558,5.5780000687,0,True,True,False,False,False,False
16,444.825012207,-55.5256004333,5.3734002113,0,True,True,False,False,False,False
16,446.8869934082,-56.7644004822,5.603700161,0,True,True,False,False,False,False
16,454.920501709,-57.1537017822,5.8109998703,0,True,True,False,False,False,False
16,457.6041870117,-58.1603012085,5.7593998909,0,True,True,False,False,False,False
16,460.5303955078,-57.1509017944,5.7379999161,0,True,True,False,False,False,False
16,470.604309082,-58.7419013977,5.8666000366,0,True,True,False,False,False,False
16,467.3413085938,-58.5647010803,5.8573999405,0,True,True,False,False,False,False
16,479.3366088867,-58.2854995728,5.5735001564,0,True,True,False,False,False,False
16,480.0250854492,-58.6478996277,5.5645999908,0,True,True,False,False,False,False
16,486.9614868164,-58.2840003967,5.6746001244,0,True,True,False,False,False,False
16,488.1531066895,-59.668800354,5.6704998016,0,True,True,False,False,False,False
16,494.387298584,-59.9861984253,5.3748998642,0,True,True,False,False,False,False
16,498.2367858887,-57.9897994995,5.4642000198,0,True,True,False,False,False,False
16,501.9218139648,-59.054901123,5.3592000008,0,True,True,False,False,False,False
16,504.262512207,-59.4020004272,5.4935002327,0,True,True,False,False,False,False
16,510.6181030273,-58.6253013611,5.5047998428,0,True,True,False,False,False,False
16,513.0175170898,-59.8039016724,5.4734997749,0,True,True,False,False,False,False
16,521.80859375,-59.8003997803,5.4675002098,0,True,True,False,False,False,False
16,525.6072998047,-60.2919998169,5.317800045,0,True,True,False,False,False,False
16,526.5571289062,-59.9723014832,5.5430002213,0,True,True,False,False,False,False
16,531.7833862305,-60.1749992371,5.5534000397,0,True,True,False,False,False,False
16,536.0642089844,-60.5867004395,5.1353998184,0,True,True,False,False,False,False
16,536.7592163086,-61.7125015259,5.581799984,0,True,True,False,False,False,False
16,541.8652954102,-61.6775016785,5.3410000801,0,True,False,False,False,False,False
16,548.8250732422,-60.9704017639,5.3323998451,0,True,False,False,False,False,False
16,549.3615112305,-61.0937995911,5.3484997749,0,True,False,False,False,False,False
16,551.1450195312,-60.3726997375,5.4117999077,0,True,False,False,False,False,False
16,558.617980957,-61.4784011841,5.3190999031,0,True,False,False,False,False,False
16,560.7155151367,-60.3077011108,5.1345000267,0,True,False,False,False,False,False
16,562.0565795898,-60.9061012268,5.4271001816,0,True,False,False,False,False,False
16,568.0933837891,-60.4141998291,5.2172999382,0,True,False,False,False,False,False
16,570.3572998047,-61.2411003113,5.2484002113,0,True,False,False,False,False,False
16,575.9837036133,-60.4379997253,5.2638001442,0,True,False,False,False,False,False
16,578.0440063477,-60.5614013672,5.2599000931,0,True,False,False,False,False,False
16,578.6505126953,-61.5425987244,5.0460000038,0,True,False,False,False,False,False
16,582.6575927734,-61.0626983643,5.1406998634,0,True,False,False,False,False,False
16,590.5526123047,-60.6859016418,5.2922000885,0,True,False,False,False,False,False
16,588.5618286133,-60.8572998047,5.3789000511,0,True,False,False,False,False,False
16,596.6585083008,-61.1972999573,5.0714998245,0,True,False,False,False,False,False
16,593.5709838867,-59.810798645,5.0464000702,0,True,False,False,False,False,False
16,596.6461181641,-60.0979995728,5.2157998085,0,True,False,False,False,False,False
16,601.4649047852,-59.7238006592,5.053800106,0,True,False,False,False,False,False
16,601.9534912109,-60.1719017029,5.0550999641,0,True,False,False,False,False,False
16,607.7858276367,-60.6561012268,4.8968000412,0,True,False,False,False,False,False
16,613.4244995117,-60.740398407,5.1175999641,0,True,False,False,False,False,False
16,611.2835083008,-60.6834983826,4.9857001305,0,True,False,False,False,False,False
16,617.2780761719,-60.1568984985,5.060500145,0,True,False,False,False,False,False
16,624.7066040039,-59.9934005737,4.9180998802,0,True,False,False,False,False,False
16,617.5516967773,-60.7751998901,4.9618000984,0,True,False,False,False,False,False
16,622.7980957031,-59.5005989075,5.0584998131,0,True,False,False,False,False,False
16,625.4102172852,-59.1440010071,5.0739002228,0,True,False,False,False,False,False
16,629.0498046875,-58.3871002197,4.8903999329,0,True,False,False,False,False,False
16,631.0512084961,-58.9975013733,5.0859999657,0,True,False,False,False,False,False
16,633.8411254883,-58.5591011047,4.9120001793,0,True,False,False,False,False,False
16,635.8880004883,-58.9286003113,5.1199002266,0,True,False,False,False,False,False
16,638.7221069336,-57.8176002502,4.8941001892,0,True,False,False,False,False,False
16,639.5040893555,-58.4075012207,4.7870998383,0,True,False,False,False,False,False
16,646.2844848633,-58.2515983582,4.8726000786,0,True,False,False,False,False,False
16,649.0446777344,-58.2137985229,4.8899998665,0,True,False,False,False,False,False
16,650.0440063477,-57.3853988647,4.7948999405,0,True,False,False,False,False,False
16,650.171875,-57.2363014221,4.9467000961,0,True,False,False,False,False,False
16,650.6655883789,-57.0807991028,4.6687002182,0,True,False,False,False,False,False
16,653.4487915039,-56.6319999695,4.7544999123,0,True,False,False,False,False,False
16,656.7797851562,-56.4519996643,4.780600071,0,True,False,False,False,False,False
16,660.9359741211,-56.8786010742,4.8938999176,0,True,False,False,False,False,False
16,659.329284668,-55.7863998413,4.5293002129,0,True,False,False,False,False,False
16,661.9197998047,-56.138999939,4.3811001778,0,True,False,False,False,False,False
16,667.883972168,-55.5758018494,4.8357000351,0,True,False,False,False,False,False
16,670.3676757812,-55.9047012329,4.888299942,0,True,False,False,False,False,False
16,671.0916748047,-56.4812011719,4.6847000122,0,True,False,False,False,False,False
16,673.0001220703,-56.3474006653,4.7933001518,0,True,False,False,False,False,False
16,676.2620849609,-55.949798584,4.5776000023,0,True,False,False,False,False,False
16,678.7108764648,-55.4790992737,4.6472001076,0,True,False,False,False,False,False
16,682.5861816406,-55.7186012268,4.7399001122,0,True,False,False,False,False,False
16,678.584777832,-55.4100990295,4.6027002335,0,True,False,False,False,False,False
16,681.4193725586,-54.5614013672,5.0802998543,0,True,False,False,False,False,False
16,687.7290039062,-56.5387992859,4.7109999657,0,True,False,False,False,False,False
16,686.3389282227,-55.1310005188,4.5859999657,0,True,False,False,False,False,False
16,686.3234863281,-54.7025985718,4.8396000862,0,True,False,False,False,False,False
16,691.9489135742,-54.7442016602,4.9045000076,0,True,False,False,False,False,False
16,695.459777832,-55.4645996094,4.9078998566,0,True,False,False,False,False,False
16,692.6245727539,-54.3813018799,4.5152001381,0,True,False,False,False,False,False
16,702.5753173828,-55.42029953,4.9422998428,0,True,False,False,False,False,False
16,700.0659790039,-54.8726997375,4.8421998024,0,True,False,False,False,False,False
16,702.8947753906,-54.7579994202,4.8046998978,0,True,False,False,False,False,False
16,701.4818115234,-55.5765991211,4.7863998413,0,True,False,False,False,False,False
16,703.5679931641,-55.543598175,5.0009999275,0,True,False,False,False,False,False
16,708.4384155273,-55.2009010315,4.8414998055,0,True,False,False,False,False,False
16,709.9780273438,-55.8970985413,4.7782001495,0,True,False,False,False,False,False
16,708.8319702148,-54.7757987976,4.6071000099,0,True,False,False,False,False,False
16,710.8330078125,-55.7747993469,4.921599865,0,True,False,False,False,False,False
16,714.1350708008,-56.0194015503,4.5472002029,0,True,False,False,False,False,False
16,713.8538208008,-55.5615005493,4.7583999634,0,True,False,False,False,False,False
17,200.1676025391,-55.4016990662,5.0801000595,0,True,True,False,False,False,False
17,210.3860015869,-54.3031005859,5.5096998215,0,True,True,False,False,False,False
17,219.7407989502,-54.5519981384,5.214099884,0,True,True,False,False,False,False
17,222.5140991211,-55.5993995667,5.0384001732,0,True,True,False,False,False,False
17,231.4508972168,-54.5438995361,5.3334999084,0,True,True,False,False,False,False
17,239.3209075928,-55.1352005005,5.1421999931,0,True,True,False,False,False,False
17,249.2404022217,-54.7013015747,5.3432998657,0,True,True,False,False,False,False
17,256.2405090332,-54.7074012756,5.2462000847,0,True,True,False,False,False,False
17,266.5374145508,-53.3583984375,5.1118001938,0,True,True,False,False,False,False
17,270.1210021973,-54.3427009583,5.4531002045,0,True,True,False,False,False,False
17,279.5303039551,-53.6333007812,5.1592001915,0,True,True,False,False,False,False
17,287.1070861816,-53.6767997742,5.3994002342,0,True,True,False,False,False,False
17,295.2445983887,-53.7787017822,5.5504999161,0,True,True,False,False,False,False
17,299.5339050293,-52.9328994751,5.263299942,0,True,True,False,False,False,False
17,309.9425048828,-54.1598014832,5.4319000244,0,True,True,False,False,False,False
17,313.0231018066,-54.0806007385,4.9821000099,0,True,True,False,False,False,False
17,322.3901062012,-53.4882011414,5.4243001938,0,True,True,False,False,False,False
17,328.5441894531,-53.504699707,5.1560001373,0,True,True,False,False,False,False
17,335.6188964844,-53.8292999268,5.5307002068,0,True,True,False,False,False,False
17,339.9260864258,-53.8847999573,5.1451001167,0,True,True,False,False,False,False
17,347.7840881348,-54.363899231,5.2894001007,0,True,True,False,False,False,False
17,357.1445922852,-53.6366996765,5.3383002281,0,True,True,False,False,False,False
17,359.8960876465,-53.8084983826,5.1696000099,0,True,True,False,False,False,False
17,367.2601013184,-55.2743988037,5.2293000221,0,True,True,False,False,False,False
17,369.3728942871,-53.9630012512,5.1585998535,0,True,True,False,False,False,False
17,379.6462097168,-53.6785011292,5.4590001106,0,True,True,False,False,False,False
17,383.6014099121,-54.6007995605,5.4196000099,0,True,True,False,False,False,False
17,389.2904052734,-53.9132003784,5.1052999496,0,True,True,False,False,False,False
17,397.2388916016,-53.507598877,5.3248000145,0,True,True,False,False,False,False
17,405.720489502,-55.3064994812,5.3719000816,0,True,True,False,False,False,False
17,407.8504943848,-54.2766990662,5.3474001884,0,True,True,False,False,False,False
17,414.0050964355,-54.2738990784,5.0647001266,0,True,True,False,False,False,False
17,418.3966064453,-55.3757019043,5.1557002068,0,True,True,False,False,False,False
17,426.0483093262,-53.3098983765,5.3784999847,0,True,True,False,False,False,False
17,429.1406860352,-54.2621002197,5.2769999504,0,True,True,False,False,False,False
17,434.0192871094,-54.8683013916,5.3330001831,0,True,True,False,False,False,False
17,441.3377990723,-54.993598938,5.339700222,0,True,True,False,False,False,False
17,448.7065124512,-56.3292999268,5.3035998344,0,True,True,False,False,False,False
17,451.721496582,-55.004901886,5.0622000694,0,True,True,False,False,False,False
17,455.809387207,-55.2919006348,5.1890997887,0,True,True,False,False,False,False
17,465.5137023926,-55.6991996765,5.0529999733,0,True,True,False,False,False,False
17,467.2879943848,-55.5066986084,5.0464000702,0,True,True,False,False,False,False
17,471.5126953125,-56.8623008728,5.2115001678,0,True,True,False,False,False,False
17,476.2832946777,-57.3804016113,5.2291998863,0,True,True,False,False,False,False
17,478.8463134766,-57.0485992432,5.2167000771,0,True,True,False,False,False,False
17,484.2456970215,-57.1489982605,4.9984998703,0,True,True,False,False,False,False
17,486.2663879395,-58.1039009094,5.0437998772,0,True,True,False,False,False,False
17,494.4502868652,-58.03150177,5.293900013,0,True,True,False,False,False,False
17,495.3034973145,-57.2265014648,5.3702998161,0,True,True,False,False,False,False
17,502.1460876465,-59.0382003784,5.234099865,0,True,True,False,False,False,False
17,506.4186096191,-58.2518997192,5.0425000191,0,True,True,False,False,False,False
17,508.5166015625,-57.6837997437,5.1641998291,0,True,True,False,False,False,False
17,512.7512207031,-58.1399002075,4.9777002335,0,True,True,False,False,False,False
17,520.7033081055,-58.6621017456,4.9077000618,0,True,True,False,False,False,False
17,520.7598876953,-59.6801986694,5.0309000015,0,True,True,False,False,False,False
17,530.3634033203,-59.0994987488,5.0401000977,0,True,True,False,False,False,False
17,529.3983154297,-59.2509994507,5.1121997833,0,True,True,False,False,False,False
17,533.19140625,-58.3336982727,5.0785999298,0,True,True,False,False,False,False
17,538.4470825195,-58.927898407,4.9556999207,0,True,True,False,False,False,False
17,544.462890625,-59.1941986084,4.8127999306,0,True,False,False,False,False,False
17,546.1718139648,-59.3526992798,4.8980998993,0,True,False,False,False,False,False
17,550.888671875,-59.2197990417,4.6518998146,0,True,False,False,False,False,False
17,556.4385986328,-59.1680984497,4.9408998489,0,True,False,False,False,False,False
17,558.1508178711,-59.3931007385,4.8357000351,0,True,False,False,False,False,False
17,561.1181030273,-59.0699996948,4.7225999832,0,True,False,False,False,False,False
17,563.049987793,-60.2984008789,4.5876998901,0,True,False,False,False,False,False
17,566.1113891602,-59.5439987183,4.6623001099,0,True,False,False,False,False,False
17,570.8790283203,-60.1309013367,4.9418997765,0,True,False,False,False,False,False
17,572.7764892578,-58.7198982239,4.5865001678,0,True,False,False,False,False,False
17,575.8239135742,-60.0195999146,4.5914998055,0,True,False,False,False,False,False
17,579.7393188477,-59.5437011719,4.7315001488,0,True,False,False,False,False,False
17,583.9805297852,-58.8870010376,4.7705001831,0,True,False,False,False,False,False
17,586.0307006836,-60.1856994629,4.9141001701,0,True,False,False,False,False,False
17,588.8729248047,-60.3308982849,4.6305999756,0,True,False,False,False,False,False
17,594.6204833984,-58.2510986328,4.5510001183,0,True,False,False,False,False,False
17,599.104309082,-58.0418014526,4.5082001686,0,True,False,False,False,False,False
17,597.4794921875,-58.8210983276,4.6381001472,0,True,False,False,False,False,False
17,605.4066162109,-59.0378990173,4.7241997719,0,True,False,False,False,False,False
17,609.8068237305,-59.4187011719,4.7793998718,0,True,False,False,False,False,False
17,605.9639892578,-58.7526016235,4.6977000237,0,True,False,False,False,False,False
17,611.9829101562,-59.0666007996,4.8980998993,0,True,False,False,False,False,False
17,613.861328125,-58.2238006592,4.6557998657,0,True,False,False,False,False,False
17,618.8630981445,-57.6442985535,4.6125001907,0,True,False,False,False,False,False
17,621.0385742188,-58.4900016785,4.4232997894,0,True,False,False,False,False,False
17,624.3120727539,-58.3073997498,4.7337999344,0,True,False,False,False,False,False
17,625.1453857422,-57.207901001,4.4240999222,0,True,False,False,False,False,False
17,628.3767700195,-58.5056991577,4.355700016,0,True,False,False,False,False,False
17,629.3209838867,-56.9285011292,4.4706997871,0,True,False,False,False,False,False
17,634.0913085938,-57.6755981445,4.7399001122,0,True,False,False,False,False,False
17,635.9627075195,-56.9940986633,4.5374999046,0,True,False,False,False,False,False
17,635.3455810547,-56.6829986572,4.6101999283,0,True,False,False,False,False,False
17,637.1602783203,-57.320400238,4.4711999893,0,True,False,False,False,False,False
17,638.9235229492,-56.9090003967,4.2676000595,0,True,False,False,False,False,False
17,645.6784057617,-56.1736984253,4.646900177,0,True,False,False,False,False,False
17,648.1666870117,-54.8949012756,4.5191001892,0,True,False,False,False,False,False
17,648.2899780273,-56.8916015625,4.4289999008,0,True,False,False,False,False,False
17,653.1815185547,-57.1829986572,4.2642002106,0,True,False,False,False,False,False
17,649.4652709961,-55.162399292,4.3717999458,0,True,False,False,False,False,False
17,651.8040161133,-55.8731002808,4.2758002281,0,True,False,False,False,False,False
17,658.7368774414,-56.1356010437,4.3801999092,0,True,False,False,False,False,False
17,658.1198730469,-54.9650001526,4.2190999985,0,True,False,False,False,False,False
17,662.4694213867,-55.4435005188,4.1482000351,0,True,False,False,False,False,False
17,664.3538818359,-55.087600708,4.3508000374,0,True,False,False,False,False,False
17,667.2496948242,-54.5915985107,4.383600235,0,True,False,False,False,False,False
17,665.4321899414,-55.2235984802,4.4352998734,0,True,False,False,False,False,False
17,672.6276245117,-54.0964012146,4.2979998589,0,True,False,False,False,False,False
17,672.7290039062,-54.6483001709,4.5036997795,0,True,False,False,False,False,False
17,677.01171875,-53.5055999756,4.4365000725,0,True,False,False,False,False,False
17,681.624206543,-54.0601997375,4.1048998833,0,True,False,False,False,False,False
17,680.0343017578,-53.5259017944,4.3116998672,0,True,False,False,False,False,False
17,681.9478759766,-53.4462013245,4.3169999123,0,True,False,False,False,False,False
17,681.7772216797,-52.959400177,4.3015999794,0,True,False,False,False,False,False
17,682.37890625,-53.7717018127,4.4307999611,0,True,False,False,False,False,False
17,686.8095703125,-53.5505981445,4.3603000641,0,True,False,False,False,False,False
17,689.0227050781,-54.4592018127,4.206099987,0,True,False,False,False,False,False
17,688.6721801758,-54.8165016174,4.3987002373,0,True,False,False,False,False,False
17,697.0145874023,-53.6268005371,4.103000164,0,True,False,False,False,False,False
17,697.2064208984,-53.4432983398,4.0900001526,0,True,False,False,False,False,False
17,696.6857910156,-53.9907989502,4.0437002182,0,True,False,False,False,False,False
17,698.7570800781,-52.8554992676,4.4885001183,0,True,False,False,False,False,False
17,700.5147094727,-52.7557983398,4.4039001465,0,True,False,False,False,False,False
17,701.3980712891,-53.7341003418,4.2365999222,0,True,False,False,False,False,False
17,705.7357177734,-54.5878982544,4.3136000633,0,True,False,False,False,False,False
17,701.5,-53.7577018738,4.5317997932,0,True,False,False,False,False,False
17,710.8336181641,-54.382598877,4.2237000465,0,True,False,False,False,False,False
17,710.8491210938,-53.7557983398,4.4496998787,0,True,False,False,False,False,False
17,711.4857788086,-54.6581001282,4.2245001793,0,True,False,False,False,False,False
17,712.7955932617,-53.9082984924,4.2477998734,0,True,False,False,False,False,False
18,202.3805999756,-43.8771018982,6.1020002365,0,True,True,False,False,False,False
18,206.8652954102,-43.5816993713,6.1792001724,0,True,True,False,False,False,False
18,215.6165924072,-44.1870002747,6.3115000725,0,True,True,False,False,False,False
18,224.3482971191,-43.2294998169,6.2269001007,0,True,True,False,False,False,False
18,230.6405944824,-42.8320999146,6.0335001945,0,True,True,False,False,False,False
18,242.5561065674,-43.9435005188,5.9190998077,0,True,True,False,False,False,False
18,248.3851013184,-42.623500824,6.1131000519,0,True,True,False,False,False,False
18,257.628112793,-43.501701355,6.2722997665,0,True,True,False,False,False,False
18,264.8948974609,-43.5444984436,6.3453998566,0,True,True,False,False,False,False
18,269.7880859375,-43.6473007202,6.2389001846,0,True,True,False,False,False,False
18,275.6821899414,-42.4477005005,6.4755997658,0,True,True,False,False,False,False
18,283.8900146484,-43.8728981018,6.2709999084,0,True,True,False,False,False,False
18,291.9590148926,-42.5965003967,5.9145998955,0,True,True,False,False,False,False
18,300.6863098145,-42.779800415,6.3080000877,0,True,True,False,False,False,False
18,312.6549987793,-43.456401825,6.5553002357,0,True,True,False,False,False,False
18,316.9858093262,-43.9104003906,6.2469000816,0,True,True,False,False,False,False
18,322.0097961426,-43.2801017761,6.1458001137,0,True,True,False,False,False,False
18,331.2432861328,-43.0677986145,6.1827998161,0,True,True,False,False,False,False
18,337.4085998535,-43.2461013794,6.2565999031,0,True,True,False,False,False,False
18,346.0574951172,-42.5601005554,5.9003000259,0,True,True,False,False,False,False
18,350.5180053711,-43.2043991089,6.0290999413,0,True,True,False,False,False,False
18,353.4031982422,-41.7086982727,6.3137998581,0,True,True,False,False,False,False
18,363.9072875977,-43.3093986511,6.1696000099,0,True,True,False,False,False,False
18,370.7951965332,-42.7015991211,6.0454998016,0,True,True,False,False,False,False
18,376.7409057617,-42.7933006287,6.3088998795,0,True,True,False,False,False,False
18,378.1814880371,-43.5849990845,6.125,0,True,True,False,False,False,False
18,392.3688964844,-42.4541015625,5.9864001274,0,True,True,False,False,False,False
18,391.5776977539,-43.4592018127,6.3049001694,0,True,True,False,False,False,False
18,398.7893066406,-43.3903999329,6.233300209,0,True,True,False,False,False,False
18,404.3709106445,-43.5938987732,6.2130999565,0,True,True,False,False,False,False
18,411.3732910156,-43.8591003418,6.3067998886,0,True,True,False,False,False,False
18,417.024597168,-44.5004997253,6.2374000549,0,True,True,False,False,False,False
18,423.4934082031,-43.8616981506,6.2927999496,0,True,True,False,False,False,False
18,426.6748962402,-43.7411994934,6.3592000008,0,True,True,False,False,False,False
18,432.825012207,-44.3040008545,6.234000206,0,True,True,False,False,False,False
18,441.0758056641,-45.3275985718,6.1792998314,0,True,True,False,False,False,False
18,445.2450866699,-45.032699585,5.9516000748,0,True,True,False,False,False,False
18,450.6010131836,-44.5522994995,6.3073000908,0,True,True,False,False,False,False
18,455.9028930664,-45.4070014954,6.3867001534,0,True,True,False,False,False,False
18,461.0534973145,-45.1166000366,6.1539001465,0,True,True,False,False,False,False
18,465.496307373,-46.1896018982,6.1175999641,0,True,True,False,False,False,False
18,470.0404968262,-45.9201011658,6.1059999466,0,True,True,False,False,False,False
18,476.3046875,-45.9241981506,6.1065998077,0,True,True,False,False,False,False
18,476.4555969238,-46.1334991455,5.8540000916,0,True,True,False,False,False,False
18,486.1553039551,-45.25,6.2177000046,0,True,True,False,False,False,False
18,490.8021850586,-45.8562011719,6.1728000641,0,True,True,False,False,False,False
18,492.7304992676,-46.1911010742,6.0268001556,0,True,True,False,False,False,False
18,497.9266052246,-47.3694992065,5.9664001465,0,True,True,False,False,False,False
18,505.0109863281,-47.0042991638,6.1591000557,0,True,True,False,False,False,False
18,508.4247131348,-45.7655982971,5.9580998421,0,True,True,False,False,False,False
18,511.5491027832,-45.9406013489,6.0071997643,0,True,True,False,False,False,False
18,522.3712768555,-47.9718017578,6.1114001274,0,True,True,False,False,False,False
18,521.2249755859,-46.4828987122,6.0640997887,0,True,True,False,False,False,False
18,526.7169799805,-47.964099884,5.8628001213,0,True,True,False,False,False,False
18,531.50390625,-47.7621002197,5.7223000526,0,True,True,False,False,False,False
18,530.4448242188,-47.3316001892,5.8801999092,0,True,True,False,False,False,False
18,536.0327148438,-48.0087013245,5.858399868,0,True,True,False,False,False,False
18,540.5374755859,-48.2043991089,5.7326002121,0,True,True,False,False,False,False
18,544.0238037109,-48.9897994995,5.9319000244,0,True,False,False,False,False,False
18,549.9598999023,-48.3454017639,5.8083000183,0,True,False,False,False,False,False
18,553.2454223633,-48.5186004639,6.1121997833,0,True,False,False,False,False,False
18,561.2647094727,-49.3544998169,5.9320001602,0,True,False,False,False,False,False
18,560.8721923828,-48.701499939,5.9798998833,0,True,False,False,False,False,False
18,561.9672241211,-49.1767997742,5.9402999878,0,True,False,False,False,False,False
18,566.6478271484,-48.6296005249,5.7621002197,0,True,False,False,False,False,False
18,571.9868164062,-48.9009017944,5.7137999535,0,True,False,False,False,False,False
18,577.9868164062,-48.4084014893,5.6751999855,0,True,False,False,False,False,False
18,577.1865234375,-48.7010993958,5.8743000031,0,True,False,False,False,False,False
18,580.7100219727,-48.4740982056,5.5527000427,0,True,False,False,False,False,False
18,581.2399291992,-48.5769996643,5.5762000084,0,True,False,False,False,False,False
18,585.7141113281,-49.0317001343,5.8296999931,0,True,False,False,False,False,False
18,592.5391235352,-48.3426017761,5.4205999374,0,True,False,False,False,False,False
18,594.2131958008,-47.9458007812,5.9969000816,0,True,False,False,False,False,False
18,598.850402832,-48.5913009644,5.4506998062,0,True,False,False,False,False,False
18,601.7218017578,-49.3235015869,5.8302998543,0,True,False,False,False,False,False
18,603.3001708984,-48.6699981689,5.6753001213,0,True,False,False,False,False,False
18,605.0112304688,-48.2174987793,5.6317000389,0,True,False,False,False,False,False
18,612.9741210938,-48.5541000366,5.7540001869,0,True,False,False,False,False,False
18,613.3820800781,-48.3634986877,5.2649002075,0,True,False,False,False,False,False
18,618.0405273438,-47.8582992554,5.4120001793,0,True,False,False,False,False,False
18,617.2827148438,-47.6258010864,5.3449997902,0,True,False,False,False,False,False
18,618.953918457,-47.4277000427,5.2864999771,0,True,False,False,False,False,False
18,626.2506713867,-46.8525009155,5.6458997726,0,True,False,False,False,False,False
18,627.4381103516,-47.4135017395,5.4581999779,0,True,False,False,False,False,False
18,630.5648193359,-47.7958984375,5.6301999092,0,True,False,False,False,False,False
18,632.2078857422,-47.9463005066,5.5160999298,0,True,False,False,False,False,False
18,635.1467285156,-46.9696998596,5.3597998619,0,True,False,False,False,False,False
18,639.1782226562,-46.7107009888,5.3520998955,0,True,False,False,False,False,False
18,634.2308959961,-46.7561988831,5.3674998283,0,True,False,False,False,False,False
18,641.7971191406,-46.7988014221,5.2697000504,0,True,False,False,False,False,False
18,643.8928222656,-47.3604011536,5.3408999443,0,True,False,False,False,False,False
18,644.8082885742,-46.3958015442,5.3242998123,0,True,False,False,False,False,False
18,651.6475830078,-45.6572990417,5.269299984,0,True,False,False,False,False,False
18,656.7340087891,-45.4458007812,5.4976000786,0,True,False,False,False,False,False
18,654.9735107422,-45.011100769,5.1770000458,0,True,False,False,False,False,False
18,657.4562988281,-46.0891990662,5.3457999229,0,True,False,False,False,False,False
18,660.3809204102,-44.8502998352,5.2540001869,0,True,False,False,False,False,False
18,665.5961914062,-45.8372001648,5.4120001793,0,True,False,False,False,False,False
18,664.5556030273,-44.5862998962,5.381000042,0,True,False,False,False,False,False
18,667.2189941406,-43.5527992249,5.5387997627,0,True,False,False,False,False,False
18,668.5029296875,-44.2412986755,5.329199791,0,True,False,False,False,False,False
18,669.6182861328,-44.0346984863,5.1557002068,0,True,False,False,False,False,False
18,673.0996704102,-43.523601532,5.257999897,0,True,False,False,False,False,False
18,673.5681152344,-44.9435997009,5.279900074,0,True,False,False,False,False,False
18,677.8112182617,-43.5718994141,5.19810009,0,True,False,False,False,False,False
18,681.5833740234,-44.0477981567,5.0939998627,0,True,False,False,False,False,False
18,681.5393066406,-42.8474006653,4.8934001923,0,True,False,False,False,False,False
18,686.1710205078,-43.3352012634,5.3333001137,0,True,False,False,False,False,False
18,687.3265991211,-44.011100769,5.2214999199,0,True,False,False,False,False,False
18,687.6895141602,-42.789100647,5.0058999062,0,True,False,False,False,False,False
18,689.4990234375,-42.8507995605,4.9994997978,0,True,False,False,False,False,False
18,696.7108764648,-42.7648010254,5.2554998398,0,True,False,False,False,False,False
18,696.3657226562,-42.5688018799,5.296599865,0,True,False,False,False,False,False
18,696.3668212891,-43.0719985962,5.244699955,0,True,False,False,False,False,False
18,699.4888916016,-43.5231018066,5.1234002113,0,True,False,False,False,False,False
18,702.9722290039,-42.9070014954,5.3007001877,0,True,False,False,False,False,False
18,703.4680175781,-42.6441001892,5.0062999725,0,True,False,False,False,False,False
18,704.6165771484,-42.9482002258,5.3896999359,0,True,False,False,False,False,False
18,710.8214111328,-42.981300354,5.421599865,0,True,False,False,False,False,False
18,705.6027832031,-43.1552009583,5.3323001862,0,True,False,False,False,False,False
18,712.4243164062,-42.2109985352,4.8832998276,0,True,False,False,False,False,False
18,712.7551269531,-41.8490982056,5.2399997711,0,True,False,False,False,False,False
18,712.3991699219,-43.0503005981,4.9218997955,0,True,False,False,False,False,False
19,202.5482940674,-52.457901001,4.6340999603,0,True,True,False,False,False,False
19,211.7823028564,-52.7406005859,4.6957001686,0,True,True,False,False,False,False
19,217.6596069336,-51.3146018982,4.9601998329,0,True,True,False,False,False,False
19,229.7895050049,-51.3073005676,4.3408999443,0,True,True,False,False,False,False
19,236.591796875,-52.3278999329,4.706099987,0,True,True,False,False,False,False
19,240.8576965332,-50.8754997253,4.8298997879,0,True,True,False,False,False,False
19,255.0173034668,-51.3722991943,4.4535999298,0,True,True,False,False,False,False
19,259.0488891602,-52.2734985352,4.3253998756,0,True,True,False,False,False,False
19,269.7023925781,-50.7060012817,4.6121001244,0,True,True,False,False,False,False
19,277.516204834,-50.529800415,4.7729001045,0,True,True,False,False,False,False
19,284.7073059082,-50.6440010071,4.6972999573,0,True,True,False,False,False,False
19,290.0440063477,-50.7929992676,4.9471998215,0,True,True,False,False,False,False
19,299.9321899414,-51.2080001831,4.6229000092,0,True,True,False,False,False,False
19,308.7269897461,-50.6631011963,4.6704998016,0,True,True,False,False,False,False
19,311.7051086426,-50.9235992432,4.7961001396,0,True,True,False,False,False,False
19,321.3644104004,-50.2531013489,4.803899765,0,True,True,False,False,False,False
19,332.1234130859,-50.1628990173,4.8010001183,0,True,True,False,False,False,False
19,336.761505127,-50.5185012817,4.6887998581,0,True,True,False,False,False,False
19,343.216796875,-50.3438987732,4.7704000473,0,True,True,False,False,False,False
19,344.7980041504,-51.023399353,4.6784000397,0,True,True,False,False,False,False
19,356.7508850098,-51.2475013733,4.5349001884,0,True,True,False,False,False,False
19,364.4941101074,-50.8067016602,4.8800001144,0,True,True,False,False,False,False
19,372.6032104492,-50.9556007385,4.505300045,0,True,True,False,False,False,False
19,378.0759887695,-50.9098014832,4.6701998711,0,True,True,False,False,False,False
19,383.8793945312,-51.2808990479,4.8176999092,0,True,True,False,False,False,False
19,394.0198059082,-50.8222999573,4.6476998329,0,True,True,False,False,False,False
19,396.6034851074,-51.7751998901,4.6231999397,0,True,True,False,False,False,False
19,406.4325866699,-51.2658996582,4.5787000656,0,True,True,False,False,False,False
19,410.4039916992,-51.3563995361,4.6830000877,0,True,True,False,False,False,False
19,416.9592895508,-51.6545982361,4.6739997864,0,True,True,False,False,False,False
19,419.2518005371,-52.0831985474,4.6680002213,0,True,True,False,False,False,False
19,426.2997131348,-51.2882003784,4.4604997635,0,True,True,False,False,False,False
19,433.5409851074,-51.2150993347,4.950799942,0,True,True,False,False,False,False
19,443.1662902832,-52.918598175,4.4011998177,0,True,True,False,False,False,False
19,445.5736083984,-52.125,4.5265002251,0,True,True,False,False,False,False
19,450.6271972656,-53.3196983337,4.5861001015,0,True,True,False,False,False,False
19,459.2647094727,-52.6062011719,4.7729001045,0,True,True,False,False,False,False
19,466.0921936035,-53.4804992676,4.7105998993,0,True,True,False,False,False,False
19,468.4661865234,-52.8471984863,4.8056998253,0,True,True,False,False,False,False
19,476.5342102051,-53.3237991333,4.4749999046,0,True,True,False,False,False,False
19,479.1777038574,-54.1432991028,4.7151999474,0,True,True,False,False,False,False
19,485.8673095703,-54.2176017761,4.6445999146,0,True,True,False,False,False,False
19,491.3203125,-53.8997993469,4.4422998428,0,True,True,False,False,False,False
19,494.6268005371,-54.3866996765,4.5920000076,0,True,True,False,False,False,False
19,499.9538879395,-54.9861984253,4.6992998123,0,True,True,False,False,False,False
19,506.5960998535,-53.7658004761,4.4665999413,0,True,True,False,False,False,False
19,508.0354919434,-53.726600647,4.4612002373,0,True,True,False,False,False,False
19,513.5062866211,-54.9430007935,4.5227999687,0,True,True,False,False,False,False
19,519.1870727539,-53.3158988953,4.4510998726,0,True,True,False,False,False,False
19,523.9719238281,-54.1035995483,4.9086999893,0,True,True,False,False,False,False
19,530.1638793945,-55.4863014221,4.4808001518,0,True,True,False,False,False,False
19,532.4760131836,-54.5900001526,4.589799881,0,True,True,False,False,False,False
19,534.5941162109,-55.5106010437,4.3618998528,0,True,True,False,False,False,False
19,538.2935180664,-55.5234985352,4.4976000786,0,True,True,False,False,False,False
19,545.3876953125,-55.7974014282,4.1933999062,0,True,False,False,False,False,False
19,552.4735107422,-56.0593986511,4.5626001358,0,True,False,False,False,False,False
19,553.3375244141,-55.5438995361,4.5342001915,0,True,False,False,False,False,False
19,560.469909668,-55.6744003296,4.4531002045,0,True,False,False,False,False,False
19,563.9016723633,-55.8041000366,4.597099781,0,True,False,False,False,False,False
19,569.4381103516,-56.3614006042,4.027200222,0,True,False,False,False,False,False
19,572.1342163086,-55.9714012146,4.2456002235,0,True,False,False,False,False,False
19,577.2750854492,-55.7774009705,4.2277998924,0,True,False,False,False,False,False
19,576.1516723633,-56.8578987122,4.594399929,0,True,False,False,False,False,False
19,583.2305908203,-57.5057983398,4.43419981,0,True,False,False,False,False,False
19,587.2125244141,-56.7793998718,4.0981998444,0,True,False,False,False,False,False
19,591.8927001953,-57.0145988464,4.2237000465,0,True,False,False,False,False,False
19,592.5156860352,-55.9578018188,4.1888999939,0,True,False,False,False,False,False
19,599.823425293,-56.5670013428,4.0549998283,0,True,False,False,False,False,False
19,599.2670898438,-56.871799469,4.0720000267,0,True,False,False,False,False,False
19,606.4697875977,-57.3978004456,4.3710999489,0,True,False,False,False,False,False
19,608.0067749023,-57.3286018372,4.3979001045,0,True,False,False,False,False,False
19,611.6824951172,-57.1497001648,4.4338998795,0,True,False,False,False,False,False
19,617.6657104492,-56.8129005432,4.1579999924,0,True,False,False,False,False,False
19,620.3049926758,-56.4003982544,4.3729000092,0,True,False,False,False,False,False
19,619.2996826172,-57.0007019043,4.0847001076,0,True,False,False,False,False,False
19,625.7329711914,-56.7867012024,4.3136000633,0,True,False,False,False,False,False
19,631.3071289062,-56.2561988831,3.8492000103,0,True,False,False,False,False,False
19,634.8601074219,-55.5965995789,4.0735001564,0,True,False,False,False,False,False
19,632.4439697266,-55.6333007812,4.1173000336,0,True,False,False,False,False,False
19,637.512512207,-54.5788993835,4.2722001076,0,True,False,False,False,False,False
19,642.8942260742,-54.7705001831,4.1518001556,0,True,False,False,False,False,False
19,643.4423217773,-55.6097984314,3.8104999065,0,True,False,False,False,False,False
19,647.7890014648,-56.2229995728,3.6514999866,0,True,False,False,False,False,False
19,646.7163696289,-55.4145011902,3.9802999496,0,True,False,False,False,False,False
19,652.477722168,-55.2812004089,4.0069999695,0,True,False,False,False,False,False
19,654.9760742188,-54.8195991516,3.8106000423,0,True,False,False,False,False,False
19,656.5897216797,-54.2121009827,4.0636000633,0,True,False,False,False,False,False
19,661.0368041992,-53.9897994995,3.8912000656,0,True,False,False,False,False,False
19,666.4884033203,-54.8922996521,3.8273999691,0,True,False,False,False,False,False
19,665.0593261719,-53.909198761,4.1333999634,0,True,False,False,False,False,False
19,672.2241821289,-53.8664016724,3.92689991,0,True,False,False,False,False,False
19,674.5693969727,-53.4854011536,3.9784998894,0,True,False,False,False,False,False
19,679.7230224609,-54.3725013733,3.8677999973,0,True,False,False,False,False,False
19,675.5844726562,-54.0873985291,3.491300106,0,True,False,False,False,False,False
19,679.5822753906,-52.9719009399,3.6768000126,0,True,False,False,False,False,False
19,679.6292114258,-53.34349823,3.8773999214,0,True,False,False,False,False,False
19,685.2728881836,-52.9612007141,3.9746999741,0,True,False,False,False,False,False
19,694.258605957,-52.7504005432,3.44810009,0,True,False,False,False,False,False
19,685.655090332,-52.459400177,3.8289999962,0,True,False,False,False,False,False
19,688.1666870117,-52.0355987549,3.9505000114,0,True,False,False,False,False,False
19,693.8165893555,-51.7226982117,4.0647001266,0,True,False,False,False,False,False
19,695.7440185547,-51.371799469,3.8894999027,0,True,False,False,False,False,False
19,697.1411743164,-52.2136001587,3.7927999496,0,True,False,False,False,False,False
19,703.745300293,-51.82970047,3.6879999638,0,True,False,False,False,False,False
19,702.7426147461,-50.851398468,3.9637000561,0,True,False,False,False,False,False
19,705.0958251953,-51.1706008911,4.0229997635,0,True,False,False,False,False,False
19,708.0944213867,-51.3675994873,3.611399889,0,True,False,False,False,False,False
19,712.6649169922,-51.2770004272,3.519299984,0,True,False,False,False,False,False
19,713.9990234375,-52.1352005005,3.6700999737,0,True,False,False,False,False,False
20,198.9539031982,-55.1968994141,4.975399971,0,True,True,False,False,False,False
20,204.5960998535,-55.2807998657,4.9225001335,0,True,True,False,False,False,False
20,215.3784942627,-54.3246994019,4.8085999489,0,True,True,False,False,False,False
20,221.624206543,-54.4898986816,5.0302000046,0,True,True,False,False,False,False
20,229.9895019531,-54.7000007629,4.9910998344,0,True,True,False,False,False,False
20,239.854598999,-54.3633003235,5.0285000801,0,True,True,False,False,False,False
20,248.8188018799,-54.3133010864,5.24669981,0,True,True,False,False,False,False
20,252.2315063477,-54.7597007751,4.7946000099,0,True,True,False,False,False,False
20,260.9797973633,-54.3795013428,4.9678997993,0,True,True,False,False,False,False
20,264.5466918945,-53.3795013428,5.0069999695,0,True,True,False,False,False,False
20,274.8187866211,-53.8787002563,4.8748998642,0,True,True,False,False,False,False
20,278.9660949707,-54.1073989868,5.0508999825,0,True,True,False,False,False,False
20,288.503692627,-53.7290000916,5.1184000969,0,True,True,False,False,False,False
20,295.7620849609,-53.8338012695,4.7276000977,0,True,True,False,False,False,False
20,302.1300048828,-54.3429985046,5.1241002083,0,True,True,False,False,False,False
20,308.4613952637,-54.1321983337,4.8709998131,0,True,True,False,False,False,False
20,310.4779968262,-54.2512016296,5.0409002304,0,True,True,False,False,False,False
20,323.5845031738,-52.5362014771,4.7683000565,0,True,True,False,False,False,False
20,326.2564086914,-53.1876983643,5.410299778,0,True,True,False,False,False,False
20,333.0603942871,-53.5355987549,5.0384001732,0,True,True,False,False,False,False
20,341.3695983887,-53.4814987183,5.2344999313,0,True,True,False,False,False,False
20,342.9263000488,-54.6851997375,5.2930998802,0,True,True,False,False,False,False
20,351.0918884277,-54.0084991455,5.0240998268,0,True,True,False,False,False,False
20,356.9844970703,-54.1017990112,5.2336997986,0,True,True,False,False,False,False
20,362.4263916016,-53.6808013916,4.9608001709,0,True,True,False,False,False,False
20,368.702911377,-53.4710006714,5.0936999321,0,True,True,False,False,False,False
20,374.6328125,-53.8441009521,4.8562002182,0,True,True,False,False,False,False
20,381.9119873047,-53.6283988953,5.0402998924,0,True,True,False,False,False,False
20,388.5772094727,-54.087600708,4.9974999428,0,True,True,False,False,False,False
20,390.8580932617,-54.9043006897,4.8215999603,0,True,True,False,False,False,False
20,398.5238952637,-55.4408988953,4.9379000664,0,True,True,False,False,False,False
20,401.9256896973,-54.8837013245,5.1434998512,0,True,True,False,False,False,False
20,409.4731140137,-54.5606994629,5.0949997902,0,True,True,False,False,False,False
20,415.9447937012,-55.5046005249,4.9356999397,0,True,True,False,False,False,False
20,421.7838134766,-54.5822982788,4.9657001495,0,True,True,False,False,False,False
20,423.8356933594,-55.0155982971,5.2087001801,0,True,True,False,False,False,False
20,427.1382141113,-55.0707015991,5.0900001526,0,True,True,False,False,False,False
20,432.9966125488,-55.060798645,5.013999939,0,True,True,False,False,False,False
20,436.471496582,-55.6945991516,4.9734997749,0,True,True,False,False,False,False
20,445.2771911621,-57.1305007935,4.8990001678,0,True,True,False,False,False,False
20,448.178894043,-56.9595985413,4.6241002083,0,True,True,False,False,False,False
20,455.4140014648,-55.4856987,5.2259998322,0,True,True,False,False,False,False
20,460.8016967773,-56.5768013,4.7364997864,0,True,True,False,False,False,False
20,458.7174987793,-56.9570999146,4.9713001251,0,True,True,False,False,False,False
20,469.5104064941,-56.3488006592,4.5595998764,0,True,True,False,False,False,False
20,467.7323913574,-56.7925987244,5.2129001617,0,True,True,False,False,False,False
20,475.4812011719,-58.4720993042,4.9088001251,0,True,True,False,False,False,False
20,475.1012878418,-58.6910018921,4.8232998848,0,True,True,False,False,False,False
20,479.8492126465,-57.6903991699,4.7445998192,0,True,True,False,False,False,False
20,485.1290893555,-58.0493011475,4.9583001137,0,True,True,False,False,False,False
20,491.9389038086,-57.5116996765,4.9781999588,0,True,True,False,False,False,False
20,495.4169921875,-58.9637985229,4.8087000847,0,True,True,False,False,False,False
20,500.2561035156,-59.1713981628,4.8145999908,0,True,True,False,False,False,False
20,500.241607666,-58.7929000854,4.6824998856,0,True,True,False,False,False,False
20,506.7511901855,-58.9930992126,4.9566998482,0,True,True,False,False,False,False
20,513.0747070312,-58.3571014404,4.8095002174,0,True,True,False,False,False,False
20,510.9986877441,-59.0191993713,4.8320999146,0,True,True,False,False,False,False
20,513.6387939453,-58.8125,4.6876001358,0,True,True,False,False,False,False
20,525.419128418,-58.965801239,4.5917000771,0,True,True,False,False,False,False
20,527.7590942383,-58.7193984985,4.4211001396,0,True,True,False,False,False,False
20,525.807800293,-59.240398407,4.8994998932,0,True,True,False,False,False,False
20,532.7749023438,-59.6898002625,4.6104001999,0,True,True,False,False,False,False
20,535.2384033203,-58.9869003296,4.5612001419,0,True,True,False,False,False,False
20,538.3928222656,-59.9137992859,4.8983001709,0,True,True,False,False,False,False
20,539.0427246094,-58.534198761,4.5029997826,0,True,True,False,False,False,False
20,545.6810302734,-59.3820991516,4.5434999466,0,True,False,False,False,False,False
20,553.0911865234,-59.0810012817,4.5027999878,0,True,False,False,False,False,False
20,550.0438232422,-59.9739990234,4.5664000511,0,True,False,False,False,False,False
20,551.2202758789,-59.8125991821,4.6865000725,0,True,False,False,False,False,False
20,555.7803955078,-60.2006988525,4.4749999046,0,True,False,False,False,False,False
20,563.1682739258,-59.679599762,4.617099762,0,True,False,False,False,False,False
20,565.8358154297,-58.8880004883,4.6866002083,0,True,False,False,False,False,False
20,563.8466186523,-58.8414993286,4.1785001755,0,True,False,False,False,False,False
20,568.9938964844,-59.9373016357,4.7554001808,0,True,False,False,False,False,False
20,568.8698730469,-59.6992988586,4.3379998207,0,True,False,False,False,False,False
20,573.7078857422,-58.8865013123,4.564499855,0,True,False,False,False,False,False
20,581.7194824219,-59.4457015991,4.4857997894,0,True,False,False,False,False,False
20,579.4696044922,-58.084400177,4.5805997849,0,True,False,False,False,False,False
20,583.0755004883,-58.9043006897,4.5057001114,0,True,False,False,False,False,False
20,587.4859008789,-59.4542007446,4.3221998215,0,True,False,False,False,False,False
20,585.9326171875,-58.1869010925,4.2361001968,0,True,False,False,False,False,False
20,594.9223022461,-58.6281013489,4.4505000114,0,True,False,False,False,False,False
20,591.0881958008,-58.5337982178,4.3242001534,0,True,False,False,False,False,False
20,598.459777832,-58.6086006165,4.339700222,0,True,False,False,False,False,False
20,598.6987915039,-58.4221000671,4.314499855,0,True,False,False,False,False,False
20,604.1964111328,-57.8639984131,4.3262000084,0,True,False,False,False,False,False
20,603.5192871094,-58.5619010925,4.3418998718,0,True,False,False,False,False,False
20,605.7750854492,-56.8310012817,4.4043998718,0,True,False,False,False,False,False
20,609.4514770508,-57.3456993103,3.9372999668,0,True,False,False,False,False,False
20,611.3259887695,-57.3759002686,4.3028998375,0,True,False,False,False,False,False
20,612.1781005859,-57.0668983459,4.2638001442,0,True,False,False,False,False,False
20,614.8549194336,-56.2663993835,4.3182997704,0,True,False,False,False,False,False
20,621.2221069336,-56.6766014099,4.1166000366,0,True,False,False,False,False,False
20,622.5750732422,-55.965801239,4.285200119,0,True,False,False,False,False,False
20,623.3801269531,-56.0217018127,4.1578001976,0,True,False,False,False,False,False
20,624.2598876953,-55.8230018616,4.0886001587,0,True,False,False,False,False,False
20,626.3590087891,-56.9068984985,4.2832999229,0,True,False,False,False,False,False
20,629.3634033203,-55.9397010803,3.8506999016,0,True,False,False,False,False,False
20,633.7822875977,-54.7132987976,4.0071997643,0,True,False,False,False,False,False
20,634.2711791992,-55.7896003723,4.2832999229,0,True,False,False,False,False,False
20,635.4697265625,-54.820400238,4.2164998055,0,True,False,False,False,False,False
20,637.2114868164,-55.2402000427,4.3877000809,0,True,False,False,False,False,False
20,642.0377807617,-55.0141983032,4.2388000488,0,True,False,False,False,False,False
20,642.6953735352,-54.1304016113,4.0960998535,0,True,False,False,False,False,False
20,645.9583740234,-54.7986984253,4.0173001289,0,True,False,False,False,False,False
20,645.0001220703,-54.8824996948,4.3435997963,0,True,False,False,False,False,False
20,648.8922729492,-53.9463996887,3.9107999802,0,True,False,False,False,False,False
20,650.0294189453,-54.1847991943,3.9956998825,0,True,False,False,False,False,False
20,647.8665161133,-55.1738014221,4.1799001694,0,True,False,False,False,False,False
20,656.2404785156,-53.9730987549,4.0736999512,0,True,False,False,False,False,False
20,653.8854980469,-53.0960006714,4.2059001923,0,True,False,False,False,False,False
20,657.4525146484,-53.8185997009,4.0322999954,0,True,False,False,False,False,False
20,659.1343994141,-52.9578018188,4.0510997772,0,True,False,False,False,False,False
20,661.1447753906,-53.4948005676,4.0095000267,0,True,False,False,False,False,False
20,662.0440063477,-53.8039016724,4.0002999306,0,True,False,False,False,False,False
20,667.1159057617,-53.045501709,4.3288002014,0,True,False,False,False,False,False
20,670.2661132812,-52.9248008728,4.0285000801,0,True,False,False,False,False,False
20,668.405090332,-54.1534996033,3.9361000061,0,True,False,False,False,False,False
20,673.2446899414,-53.1624984741,4.103700161,0,True,False,False,False,False,False
20,671.0090942383,-53.7178993225,3.9746999741,0,True,False,False,False,False,False
20,676.9761962891,-53.9458999634,4.2628998756,0,True,False,False,False,False,False
20,673.3156738281,-53.3053016663,3.9360001087,0,True,False,False,False,False,False
20,677.2907714844,-53.2761001587,4.0527000427,0,True,False,False,False,False,False
20,678.6188964844,-54.0740013123,4.0566000938,0,True,False,False,False,False,False
20,683.7993164062,-53.6862983704,4.4211997986,0,True,False,False,False,False,False
20,685.3342285156,-53.4117012024,3.9881999493,0,True,False,False,False,False,False
20,682.5819091797,-53.9319992065,3.9177000523,0,True,False,False,False,False,False
20,684.8308105469,-54.0480003357,3.9893000126,0,True,False,False,False,False,False
20,693.3814086914,-54.9818992615,4.2684998512,0,True,False,False,False,False,False
20,687.7512817383,-53.9348983765,4.1202998161,0,True,False,False,False,False,False
20,689.2487182617,-54.1618995667,4.1205000877,0,True,False,False,False,False,False
20,694.0493774414,-54.5209007263,4.1729001999,0,True,False,False,False,False,False
20,696.3408203125,-54.9430999756,4.100399971,0,True,False,False,False,False,False
20,699.8648071289,-54.8945999146,3.8882000446,0,True,False,False,False,False,False
20,699.1024780273,-54.7743988037,4.2691998482,0,True,False,False,False,False,False
20,700.7401733398,-54.7340011597,4.1192998886,0,True,False,False,False,False,False
20,701.3895874023,-55.0842018127,4.2470998764,0,True,False,False,False,False,False
20,700.9188842773,-55.6403999329,4.3589000702,0,True,False,False,False,False,False
20,704.8369140625,-54.8319015503,4.211400032,0,True,False,False,False,False,False
20,704.1182250977,-56.431098938,4.1159000397,0,True,False,False,False,False,False
20,706.549621582,-56.1621017456,4.3074002266,0,True,False,False,False,False,False
20,712.5317993164,-56.0811004639,4.0169000626,0,True,False,False,False,False,False
20,710.0383300781,-56.2276000977,4.5222997665,0,True,False,False,False,False,False
20,708.8665161133,-56.8965988159,4.2764000893,0,True,False,False,False,False,False
20,713.6251220703,-56.8119010925,4.2764000893,0,True,False,False,False,False,False
20,713.9390258789,-57.2196998596,4.3021998405,0,True,False,False,False,False,False
21,204.3569030762,-39.042301178,6.428800106,0,True,True,False,False,False,False
21,205.1510925293,-38.748298645,6.3913998604,0,True,True,False,False,False,False
21,215.9795074463,-39.245300293,6.3133001328,0,True,True,False,False,False,False
21,226.1808929443,-38.2151985168,6.2888998985,0,True,True,False,False,False,False
21,232.395401001,-38.6665000916,6.3769001961,0,True,True,False,False,False,False
21,236.5299987793,-38.4894981384,6.6321997643,0,True,True,False,False,False,False
21,250.9385986328,-37.3461990356,6.3125,0,True,True,False,False,False,False
21,255.5417938232,-37.7211990356,6.5773000717,0,True,True,False,False,False,False
21,266.5226135254,-38.2290000916,6.3084998131,0,True,True,False,False,False,False
21,272.3714904785,-37.2369995117,6.1371002197,0,True,True,False,False,False,False
21,283.8352966309,-37.1184005737,6.6828999519,0,True,True,False,False,False,False
21,288.379486084,-37.7808990479,6.5040998459,0,True,True,False,False,False,False
21,295.091003418,-37.4435997009,6.2838997841,0,True,True,False,False,False,False
21,300.7099914551,-37.3684005737,6.3901000023,0,True,True,False,False,False,False
21,307.407989502,-37.2084007263,6.5749001503,0,True,True,False,False,False,False
21,316.612487793,-37.2233009338,6.4569997787,0,True,True,False,False,False,False
21,326.9318847656,-37.4273986816,6.6698999405,0,True,True,False,False,False,False
21,328.949798584,-37.8149986267,6.7558999062,0,True,True,False,False,False,False
21,332.471496582,-36.9939994812,6.3432002068,0,True,True,False,False,False,False
21,345.3009033203,-37.5623016357,6.5732998848,0,True,True,False,False,False,False
21,352.8901062012,-36.8068008423,6.3007998466,0,True,True,False,False,False,False
21,359.9497070312,-37.7667007446,6.5746998787,0,True,True,False,False,False,False
21,362.9465026855,-37.7546005249,6.4520998001,0,True,True,False,False,False,False
21,368.4161071777,-37.4160003662,6.5760002136,0,True,True,False,False,False,False
21,375.8685913086,-36.9919013977,6.5209999084,0,True,True,False,False,False,False
21,381.7860107422,-37.2895011902,6.2567000389,0,True,True,False,False,False,False
21,383.4327087402,-37.476600647,6.571199894,0,True,True,False,False,False,False
21,394.2308044434,-37.1316986084,6.4319000244,0,True,True,False,False,False,False
21,400.5665893555,-38.5777015686,6.3281998634,0,True,True,False,False,False,False
21,406.3340148926,-37.7148017883,6.5121002197,0,True,True,False,False,False,False
21,409.3450012207,-38.0505981445,6.2476000786,0,True,True,False,False,False,False
21,413.320892334,-38.5308990479,6.277299881,0,True,True,False,False,False,False
21,421.804107666,-38.4856987,6.469399929,0,True,True,False,False,False,False
21,428.8497009277,-39.2052001953,6.1258001328,0,True,True,False,False,False,False
21,435.0297851562,-38.7779998779,6.4825000763,0,True,True,False,False,False,False
21,439.6155090332,-39.1629981995,6.3505997658,0,True,True,False,False,False,False
21,442.4154052734,-38.7066993713,6.6076002121,0,True,True,False,False,False,False
21,447.2785949707,-39.3009986877,6.2175998688,0,True,True,False,False,False,False
21,453.780090332,-39.263999939,6.6438999176,0,True,True,False,False,False,False
21,458.4428100586,-39.2221984863,6.3035998344,0,True,True,False,False,False,False
21,463.1831054688,-40.4189987183,6.6357002258,0,True,True,False,False,False,False
21,472.5737915039,-39.4771995544,6.4085998535,0,True,True,False,False,False,False
21,475.6893005371,-40.3977012634,5.9850001335,0,True,True,False,False,False,False
21,477.7249145508,-41.3912010193,6.3148999214,0,True,True,False,False,False,False
21,482.6235961914,-41.1911010742,6.2663998604,0,True,True,False,False,False,False
21,487.4710998535,-41.2556991577,6.3826999664,0,True,True,False,False,False,False
21,492.5939941406,-41.0489006042,6.3112001419,0,True,True,False,False,False,False
21,496.8248901367,-41.2304000854,6.2242999077,0,True,True,False,False,False,False
21,502.0502929688,-41.1584014893,6.4278001785,0,True,True,False,False,False,False
21,507.8561096191,-42.0960998535,6.053800106,0,True,True,False,False,False,False
21,512.5355834961,-41.4375,6.3003997803,0,True,True,False,False,False,False
21,511.1437072754,-41.7801017761,6.2258000374,0,True,True,False,False,False,False
21,517.7122192383,-42.1302986145,6.1008000374,0,True,True,False,False,False,False
21,524.0819091797,-42.65650177,5.9516000748,0,True,True,False,False,False,False
21,528.0540771484,-42.0220985413,6.0478000641,0,True,True,False,False,False,False
21,533.2352294922,-42.8292999268,6.1930999756,0,True,True,False,False,False,False
21,536.8399047852,-41.7933006287,5.9670000076,0,True,True,False,False,False,False
21,537.7271728516,-43.1833000183,6.2335000038,0,True,True,False,False,False,False
21,541.0695800781,-42.9435997009,5.9861001968,0,True,False,False,False,False,False
21,546.5037841797,-43.3274993896,5.902900219,0,True,False,False,False,False,False
21,547.5341186523,-43.9113006592,6.0349998474,0,True,False,False,False,False,False
21,552.6804199219,-43.0866012573,5.8270998001,0,True,False,False,False,False,False
21,560.250793457,-42.6040992737,5.7677998543,0,True,False,False,False,False,False
21,560.6185913086,-43.2583999634,6.2119998932,0,True,False,False,False,False,False
21,562.6754150391,-44.0255012512,6.0440998077,0,True,False,False,False,False,False
21,567.4036865234,-42.9410018921,6.1698999405,0,True,False,False,False,False,False
21,571.9483032227,-43.0901985168,6.0570001602,0,True,False,False,False,False,False
21,572.9265136719,-43.9303016663,6.1332998276,0,True,False,False,False,False,False
21,579.6132202148,-43.6334991455,5.8070998192,0,True,False,False,False,False,False
21,578.6868286133,-44.1239013672,6.1231999397,0,True,False,False,False,False,False
21,588.5817871094,-43.7582015991,6.1869001389,0,True,False,False,False,False,False
21,588.986328125,-43.6665000916,6.190100193,0,True,False,False,False,False,False
21,590.8256225586,-42.6879005432,6.048500061,0,True,False,False,False,False,False
21,596.2578125,-42.979801178,6.2339000702,0,True,False,False,False,False,False
21,596.0894775391,-42.7560997009,5.7870998383,0,True,False,False,False,False,False
21,601.682800293,-42.820098877,6.1161999702,0,True,False,False,False,False,False
21,604.0411987305,-43.1988983154,6.1652002335,0,True,False,False,False,False,False
21,609.1649169922,-42.4782981873,5.9539999962,0,True,False,False,False,False,False
21,607.2069702148,-43.1166000366,5.7434000969,0,True,False,False,False,False,False
21,610.0872192383,-42.926700592,5.5529999733,0,True,False,False,False,False,False
21,618.2813720703,-42.6893997192,6.1001000404,0,True,False,False,False,False,False
21,616.3762817383,-42.6379013062,5.8298997879,0,True,False,False,False,False,False
21,622.757019043,-41.8852996826,5.6992001534,0,True,False,False,False,False,False
21,625.6204833984,-42.5166015625,5.9310998917,0,True,False,False,False,False,False
21,625.0994262695,-41.1707992554,5.594399929,0,True,False,False,False,False,False
21,628.5128173828,-40.6683006287,5.5799999237,0,True,False,False,False,False,False
21,630.2789916992,-41.4916000366,5.3468999863,0,True,False,False,False,False,False
21,630.9771118164,-40.557800293,5.8277997971,0,True,False,False,False,False,False
21,635.7720947266,-41.1101989746,5.7213997841,0,True,False,False,False,False,False
21,639.2528076172,-40.8087997437,5.9426999092,0,True,False,False,False,False,False
21,643.5935058594,-40.7825012207,5.5763001442,0,True,False,False,False,False,False
21,643.5408935547,-40.0150985718,5.6009998322,0,True,False,False,False,False,False
21,648.0563964844,-40.6932983398,5.7955999374,0,True,False,False,False,False,False
21,645.6165161133,-40.1380004883,5.4702000618,0,True,False,False,False,False,False
21,656.3593139648,-40.2230987549,5.4622001648,0,True,False,False,False,False,False
21,654.4547119141,-40.2375984192,5.7504000664,0,True,False,False,False,False,False
21,655.7249755859,-39.6383018494,5.6577000618,0,True,False,False,False,False,False
21,658.1032714844,-39.8338012695,5.7720999718,0,True,False,False,False,False,False
21,661.977722168,-39.6738014221,5.6862998009,0,True,False,False,False,False,False
21,665.8372192383,-38.9374008179,5.7039999962,0,True,False,False,False,False,False
21,665.5640258789,-38.3027992249,5.4604001045,0,True,False,False,False,False,False
21,667.8264770508,-38.8950004578,5.3955998421,0,True,False,False,False,False,False
21,671.712097168,-37.4910011292,5.3944001198,0,True,False,False,False,False,False
21,670.7603149414,-37.4770011902,5.4800000191,0,True,False,False,False,False,False
21,676.8629760742,-38.7214012146,5.518599987,0,True,False,False,False,False,False
21,676.9185180664,-37.9660987854,5.3737998009,0,True,False,False,False,False,False
21,677.3726196289,-37.6850013733,5.4607000351,0,True,False,False,False,False,False
21,680.8779907227,-38.2048988342,5.4186000824,0,True,False,False,False,False,False
21,681.1854858398,-38.5802001953,5.4721999168,0,True,False,False,False,False,False
21,683.1251831055,-37.8086013794,5.1732001305,0,True,False,False,False,False,False
21,684.8312988281,-37.5234985352,5.4012999535,0,True,False,False,False,False,False
21,687.7105102539,-38.0383987427,5.5840001106,0,True,False,False,False,False,False
21,690.9561157227,-37.1218986511,5.5362000465,0,True,False,False,False,False,False
21,695.0206298828,-37.3622016907,5.3348999023,0,True,False,False,False,False,False
21,697.1115722656,-37.2817993164,5.4801001549,0,True,False,False,False,False,False
21,699.6948852539,-37.3553009033,5.5998997688,0,True,False,False,False,False,False
21,700.4049072266,-38.373500824,5.4762001038,0,True,False,False,False,False,False
21,700.3206176758,-37.5867004395,5.3596000671,0,True,False,False,False,False,False
21,703.9923706055,-37.8156013489,5.4084000587,0,True,False,False,False,False,False
21,707.0015869141,-37.3144989014,5.4588999748,0,True,False,False,False,False,False
21,708.7559204102,-37.3077011108,5.4632000923,0,True,False,False,False,False,False
21,709.258605957,-37.2963981628,5.755300045,0,True,False,False,False,False,False
21,713.366027832,-38.1874008179,5.493999958,0,True,False,False,False,False,False
21,712.0407714844,-36.640499115,5.3228001595,0,True,False,False,False,False,False
21,710.5380859375,-38.4366989136,5.6704001427,0,True,False,False,False,False,False
22,196.1239929199,-46.0331993103,5.9969000816,0,True,True,False,False,False,False
22,206.3657989502,-45.4216995239,6.2267999649,0,True,True,False,False,False,False
22,219.7823028564,-45.0988998413,6.1897001266,0,True,True,False,False,False,False
22,223.7552032471,-45.0731010437,6.0921001434,0,True,True,False,False,False,False
22,233.8112030029,-46.0430984497,6.1592001915,0,True,True,False,False,False,False
22,243.574005127,-45.6617012024,6.2508997917,0,True,True,False,False,False,False
22,247.7980041504,-45.3914985657,6.5268001556,0,True,True,False,False,False,False
22,257.0907897949,-44.5084991455,6.0494999886,0,True,True,False,False,False,False
22,265.8836975098,-45.8398017883,5.8839998245,0,True,True,False,False,False,False
22,271.712097168,-44.7107009888,6.2165999413,0,True,True,False,False,False,False
22,282.5227966309,-44.2344017029,6.3527002335,0,True,True,False,False,False,False
22,286.8853149414,-44.8261985779,6.3702998161,0,True,True,False,False,False,False
22,296.9418029785,-45.0161018372,6.2416000366,0,True,True,False,False,False,False
22,300.7608947754,-44.5769004822,6.3605999947,0,True,True,False,False,False,False
22,308.7604980469,-44.0691986084,6.0581002235,0,True,True,False,False,False,False
22,314.1304931641,-44.1781997681,6.190199852,0,True,True,False,False,False,False
22,324.0909118652,-44.9761009216,6.4458999634,0,True,True,False,False,False,False
22,330.7720947266,-44.4948997498,6.1543002129,0,True,True,False,False,False,False
22,335.4509887695,-44.6529006958,6.3592000008,0,True,True,False,False,False,False
22,340.9820861816,-45.1105995178,5.9773001671,0,True,True,False,False,False,False
22,349.4421081543,-44.0661010742,6.206099987,0,True,True,False,False,False,False
22,359.0777893066,-44.4794998169,6.0900001526,0,True,True,False,False,False,False
22,359.3322143555,-45.0892982483,6.1669001579,0,True,True,False,False,False,False
22,368.3858032227,-44.6898994446,5.9375,0,True,True,False,False,False,False
22,378.8906860352,-45.8035011292,6.3445000648,0,True,True,False,False,False,False
22,376.1018066406,-44.8424987793,6.2031002045,0,True,True,False,False,False,False
22,389.6224060059,-44.077999115,6.2911000252,0,True,True,False,False,False,False
22,392.6846008301,-44.9077987671,6.0464000702,0,True,True,False,False,False,False
22,399.0981140137,-45.0601997375,6.1939997673,0,True,True,False,False,False,False
22,408.0577087402,-45.1724014282,6.198800087,0,True,True,False,False,False,False
22,411.4281005859,-44.5728988647,6.5232000351,0,True,True,False,False,False,False
22,416.9429931641,-46.0107002258,5.8870000839,0,True,True,False,False,False,False
22,426.4284057617,-46.5040016174,6.0936999321,0,True,True,False,False,False,False
22,430.7775878906,-46.4063987732,6.1043000221,0,True,True,False,False,False,False
22,435.2149963379,-46.0077018738,5.9477000237,0,True,True,False,False,False,False
22,439.6109924316,-46.0369987488,6.2702999115,0,True,True,False,False,False,False
22,443.7052001953,-46.9630012512,5.9546999931,0,True,True,False,False,False,False
22,452.195892334,-46.7210998535,6.3853998184,0,True,True,False,False,False,False
22,458.1578979492,-46.5391998291,6.1076998711,0,True,True,False,False,False,False
22,459.2219848633,-47.0168991089,6.345099926,0,True,True,False,False,False,False
22,464.4108886719,-48.1809005737,6.0109000206,0,True,True,False,False,False,False
22,470.8615112305,-47.0786018372,6.0377998352,0,True,True,False,False,False,False
22,474.2098999023,-47.2372016907,6.2279000282,0,True,True,False,False,False,False
22,479.4070129395,-47.8959007263,6.1198000908,0,True,True,False,False,False,False
22,486.9967041016,-47.7033996582,6.329199791,0,True,True,False,False,False,False
22,490.4096069336,-47.8863983154,6.0461001396,0,True,True,False,False,False,False
22,494.967010498,-47.7431983948,5.9513001442,0,True,True,False,False,False,False
22,495.7286987305,-48.6725006104,5.9744000435,0,True,True,False,False,False,False
22,498.5333862305,-48.5125999451,6.2382998466,0,True,True,False,False,False,False
22,506.7604064941,-48.7659988403,5.9310998917,0,True,True,False,False,False,False
22,515.5559082031,-48.9687995911,5.5760002136,0,True,True,False,False,False,False
22,519.1586914062,-48.7785987854,6.0425000191,0,True,True,False,False,False,False
22,521.8580932617,-49.1977996826,5.872399807,0,True,True,False,False,False,False
22,524.4652099609,-49.7270011902,5.9274997711,0,True,True,False,False,False,False
22,527.7153930664,-50.3572006226,5.7385001183,0,True,True,False,False,False,False
22,533.491394043,-49.4758987427,5.7967000008,0,True,True,False,False,False,False
22,536.587097168,-49.6115989685,5.8313999176,0,True,True,False,False,False,False
22,539.7062988281,-49.657699585,5.8206000328,0,True,True,False,False,False,False
22,550.608581543,-49.9668998718,6.0195999146,0,True,False,False,False,False,False
22,551.1846923828,-49.5976982117,5.8010001183,0,True,False,False,False,False,False
22,550.1798095703,-50.8292999268,6.0293998718,0,True,False,False,False,False,False
22,555.8323974609,-50.6940994263,5.6630001068,0,True,False,False,False,False,False
22,561.5012207031,-50.645198822,5.9707999229,0,True,False,False,False,False,False
22,560.9127807617,-50.5050010681,5.7722001076,0,True,False,False,False,False,False
22,570.4722900391,-49.6338996887,5.734000206,0,True,False,False,False,False,False
22,569.3673706055,-50.5003013611,5.9221000671,0,True,False,False,False,False,False
22,577.6008300781,-50.0439987183,5.6736001968,0,True,False,False,False,False,False
22,579.3383789062,-50.7915992737,5.5285000801,0,True,False,False,False,False,False
22,577.7442016602,-50.742401123,5.9060001373,0,True,False,False,False,False,False
22,579.9741821289,-49.9751014709,5.6015000343,0,True,False,False,False,False,False
22,586.0975952148,-50.9444007874,5.8594999313,0,True,False,False,False,False,False
22,592.7537841797,-49.6007995605,5.567800045,0,True,False,False,False,False,False
22,592.2299194336,-50.5045013428,5.4425001144,0,True,False,False,False,False,False
22,596.2337036133,-50.5091018677,5.6465997696,0,True,False,False,False,False,False
22,599.5740966797,-49.9449005127,5.4699997902,0,True,False,False,False,False,False
22,602.6829833984,-49.6736984253,5.6701002121,0,True,False,False,False,False,False
22,607.6669921875,-49.707698822,5.4734997749,0,True,False,False,False,False,False
22,611.9868164062,-49.6847991943,5.5843000412,0,True,False,False,False,False,False
22,608.7526855469,-50.0937004089,5.4327001572,0,True,False,False,False,False,False
22,615.9772949219,-50.0819015503,5.538599968,0,True,False,False,False,False,False
22,616.7598266602,-49.6034011841,5.546599865,0,True,False,False,False,False,False
22,619.5299072266,-48.8005981445,5.3369002342,0,True,False,False,False,False,False
22,625.3012695312,-50.0215988159,5.8225998878,0,True,False,False,False,False,False
22,623.1906738281,-49.6445999146,5.5032000542,0,True,False,False,False,False,False
22,633.0336914062,-48.6867980957,5.597799778,0,True,False,False,False,False,False
22,632.728515625,-48.287399292,5.5559000969,0,True,False,False,False,False,False
22,635.5358886719,-48.1966018677,5.5883002281,0,True,False,False,False,False,False
22,634.7322998047,-47.7341995239,5.4159002304,0,True,False,False,False,False,False
22,639.4691772461,-48.4118003845,5.6318001747,0,True,False,False,False,False,False
22,643.6760864258,-48.493598938,5.6340999603,0,True,False,False,False,False,False
22,646.0809936523,-47.9940986633,5.3681998253,0,True,False,False,False,False,False
22,651.0762939453,-48.1242980957,5.603700161,0,True,False,False,False,False,False
22,645.9180908203,-47.8515014648,5.4942002296,0,True,False,False,False,False,False
22,651.7719116211,-47.6365013123,5.5970001221,0,True,False,False,False,False,False
22,656.4091796875,-47.1143989563,5.4801998138,0,True,False,False,False,False,False
22,661.2980957031,-46.879901886,5.2646999359,0,True,False,False,False,False,False
22,660.1431884766,-46.984500885,5.5666999817,0,True,False,False,False,False,False
22,659.3820800781,-46.048500061,5.428899765,0,True,False,False,False,False,False
22,665.0963745117,-46.085899353,5.2969999313,0,True,False,False,False,False,False
22,662.8334960938,-45.9472007751,5.5654997826,0,True,False,False,False,False,False
22,668.1740722656,-46.4355010986,5.5223999023,0,True,False,False,False,False,False
22,667.4284057617,-46.3059997559,4.8572001457,0,True,False,False,False,False,False
22,671.1727905273,-46.2322006226,5.3175001144,0,True,False,False,False,False,False
22,675.0819091797,-45.4973983765,5.1132998466,0,True,False,False,False,False,False
22,675.1400146484,-45.1377983093,5.1195001602,0,True,False,False,False,False,False
22,681.8167114258,-45.2305984497,5.3506999016,0,True,False,False,False,False,False
22,678.5676879883,-44.8212013245,5.1675000191,0,True,False,False,False,False,False
22,685.1442871094,-44.3101005554,5.5543999672,0,True,False,False,False,False,False
22,686.155090332,-45.3620986938,5.1547999382,0,True,False,False,False,False,False
22,688.7788085938,-45.0402984619,5.2329001427,0,True,False,False,False,False,False
22,691.8690185547,-44.6568984985,5.2409000397,0,True,False,False,False,False,False
22,688.6071166992,-45.8185997009,5.2516999245,0,True,False,False,False,False,False
22,694.62109375,-43.6086997986,4.9586000443,0,True,False,False,False,False,False
22,696.225402832,-44.650100708,5.231400013,0,True,False,False,False,False,False
22,697.0520019531,-44.8605003357,5.2376999855,0,True,False,False,False,False,False
22,698.7017211914,-44.8151016235,5.2129998207,0,True,False,False,False,False,False
22,701.7423706055,-44.1383018494,5.3994002342,0,True,False,False,False,False,False
22,705.9390869141,-44.0961990356,4.9036998749,0,True,False,False,False,False,False
22,706.603515625,-44.7260017395,5.2262997627,0,True,False,False,False,False,False
22,706.0833129883,-44.0522994995,5.0258998871,0,True,False,False,False,False,False
22,710.3842163086,-44.7030982971,4.9200000763,0,True,False,False,False,False,False
22,710.5604248047,-45.6598014832,5.4826998711,0,True,False,False,False,False,False
22,713.9852294922,-44.4095993042,5.1005997658,0,True,False,False,False,False,False
23,200.6757965088,-48.45470047,5.7301998138,0,True,True,False,False,False,False
23,208.0818939209,-48.0418014526,5.476099968,0,True,True,False,False,False,False
23,218.525604248,-48.540599823,5.3878998756,0,True,True,False,False,False,False
23,224.1322021484,-48.7276992798,5.4569001198,0,True,True,False,False,False,False
23,231.1188964844,-47.4374008179,5.3928999901,0,True,True,False,False,False,False
23,243.4407958984,-48.0876998901,5.1840000153,0,True,True,False,False,False,False
23,248.3258972168,-48.3390007019,5.4869999886,0,True,True,False,False,False,False
23,255.2144927979,-47.1217002869,5.616300106,0,True,True,False,False,False,False
23,262.2974853516,-47.9026985168,5.6058001518,0,True,True,False,False,False,False
23,268.8174133301,-47.0928993225,5.4892997742,0,True,True,False,False,False,False
23,283.3931884766,-47.731098175,5.515999794,0,True,True,False,False,False,False
23,284.632598877,-45.4476013184,5.4520998001,0,True,True,False,False,False,False
23,290.5461120605,-47.1139984131,5.3811001778,0,True,True,False,False,False,False
23,300.4447937012,-47.611000061,5.2458000183,0,True,True,False,False,False,False
23,309.7963867188,-47.4908981323,5.4604001045,0,True,True,False,False,False,False
23,318.042388916,-47.0511016846,5.4972000122,0,True,True,False,False,False,False
23,323.5340881348,-46.9779014587,5.5011000633,0,True,True,False,False,False,False
23,331.1794128418,-46.2148017883,5.3961000443,0,True,True,False,False,False,False
23,333.7626037598,-47.2986984253,5.5018000603,0,True,True,False,False,False,False
23,344.7009887695,-46.3073997498,5.5027999878,0,True,True,False,False,False,False
23,346.5592956543,-47.1337013245,5.7230000496,0,True,True,False,False,False,False
23,355.8652038574,-46.6888008118,5.4832000732,0,True,True,False,False,False,False
23,359.4942932129,-47.0056991577,5.5234999657,0,True,True,False,False,False,False
23,363.9540100098,-47.2323989868,5.4180998802,0,True,True,False,False,False,False
23,372.8937988281,-46.6585006714,5.6841001511,0,True,True,False,False,False,False
23,377.1210021973,-46.8810997009,5.4240999222,0,True,True,False,False,False,False
23,388.7210083008,-48.2844009399,5.4576997757,0,True,True,False,False,False,False
23,393.2109069824,-47.5901985168,5.2961001396,0,True,True,False,False,False,False
23,397.4111938477,-48.5620002747,5.5286002159,0,True,True,False,False,False,False
23,403.2142028809,-48.4704017639,5.3505997658,0,True,True,False,False,False,False
23,408.7107849121,-48.0217018127,5.5208001137,0,True,True,False,False,False,False
23,415.786895752,-48.712600708,5.5546998978,0,True,True,False,False,False,False
23,419.8739013672,-48.2380981445,5.4358000755,0,True,True,False,False,False,False
23,429.2929077148,-48.3695983887,5.4924998283,0,True,True,False,False,False,False
23,431.953704834,-48.4761009216,5.4795999527,0,True,True,False,False,False,False
23,438.6594848633,-48.9616012573,5.4005999565,0,True,True,False,False,False,False
23,444.1983947754,-49.298500061,5.6029000282,0,True,True,False,False,False,False
23,442.6488952637,-49.0592002869,5.2663998604,0,True,True,False,False,False,False
23,453.0833129883,-49.3146018982,5.4949998856,0,True,True,False,False,False,False
23,460.0111083984,-49.5544013977,5.4935998917,0,True,True,False,False,False,False
23,459.0404968262,-49.6692008972,5.3396000862,0,True,True,False,False,False,False
23,466.7460021973,-49.1794013977,5.3685002327,0,True,True,False,False,False,False
23,473.0823059082,-49.1786994934,5.3516998291,0,True,True,False,False,False,False
23,479.1220092773,-50.4169998169,5.3931999207,0,True,True,False,False,False,False
23,479.2413024902,-50.1521987915,5.3027000427,0,True,True,False,False,False,False
23,483.3776855469,-49.5320014954,5.2125000954,0,True,True,False,False,False,False
23,492.8500976562,-50.3745994568,5.7073001862,0,True,True,False,False,False,False
23,493.7939147949,-50.5010986328,4.8987998962,0,True,True,False,False,False,False
23,503.3551025391,-50.2647018433,5.1536998749,0,True,True,False,False,False,False
23,505.6416015625,-51.6604995728,4.9661998749,0,True,True,False,False,False,False
23,506.0783081055,-52.2056999207,5.1856999397,0,True,True,False,False,False,False
23,514.2490844727,-51.0680999756,5.4375,0,True,True,False,False,False,False
23,515.1553955078,-51.5980987549,5.5338997841,0,True,True,False,False,False,False
23,522.5155029297,-52.7417984009,5.2915000916,0,True,True,False,False,False,False
23,528.4589233398,-51.8848991394,5.3147997856,0,True,True,False,False,False,False
23,528.4429931641,-52.0368995667,5.1034002304,0,True,True,False,False,False,False
23,533.3577880859,-52.6514015198,5.0493001938,0,True,True,False,False,False,False
23,536.2874755859,-52.6859016418,5.1687998772,0,True,True,False,False,False,False
23,539.6453857422,-52.5572013855,5.3189001083,0,True,True,False,False,False,False
23,547.3151855469,-52.3599014282,5.1683001518,0,True,False,False,False,False,False
23,546.7885131836,-52.3754005432,5.233399868,0,True,False,False,False,False,False
23,553.8635864258,-52.2862014771,5.0612001419,0,True,False,False,False,False,False
23,556.1002807617,-52.4416007996,5.1395001411,0,True,False,False,False,False,False
23,558.7163085938,-52.4888000488,4.896299839,0,True,False,False,False,False,False
23,562.2258300781,-53.2389984131,5.2775998116,0,True,False,False,False,False,False
23,566.8392944336,-52.3984985352,5.2178001404,0,True,False,False,False,False,False
23,569.5427246094,-52.7708015442,5.0859999657,0,True,False,False,False,False,False
23,571.0015258789,-52.6888008118,5.1026000977,0,True,False,False,False,False,False
23,575.6279907227,-53.5513000488,5.1842999458,0,True,False,False,False,False,False
23,581.1193847656,-53.2527008057,4.7052998543,0,True,False,False,False,False,False
23,585.8041992188,-53.3219985962,5.1712999344,0,True,False,False,False,False,False
23,585.911315918,-52.9448013306,5.002699852,0,True,False,False,False,False,False
23,590.7810058594,-52.9537010193,4.6949000359,0,True,False,False,False,False,False
23,591.4628295898,-52.7522010803,4.9134001732,0,True,False,False,False,False,False
23,596.0842285156,-52.9518013,4.8603000641,0,True,False,False,False,False,False
23,602.19921875,-52.9180984497,4.6296000481,0,True,False,False,False,False,False
23,605.5311279297,-51.90599823,5.0254001617,0,True,False,False,False,False,False
23,603.5388183594,-52.4725990295,4.7098999023,0,True,False,False,False,False,False
23,607.7692871094,-52.0693016052,5.1999998093,0,True,False,False,False,False,False
23,609.4094848633,-52.1436004639,4.8512997627,0,True,False,False,False,False,False
23,614.6099853516,-52.1467018127,4.6772999763,0,True,False,False,False,False,False
23,615.6279296875,-51.6934013367,4.6905999184,0,True,False,False,False,False,False
23,615.924621582,-51.6594009399,4.7947001457,0,True,False,False,False,False,False
23,620.6342163086,-52.0553016663,4.7793002129,0,True,False,False,False,False,False
23,623.8024291992,-52.1408996582,4.785900116,0,True,False,False,False,False,False
23,626.7659301758,-51.2653999329,4.5275998116,0,True,False,False,False,False,False
23,631.8049926758,-50.3339004517,4.7957000732,0,True,False,False,False,False,False
23,632.8421020508,-51.3877983093,4.660200119,0,True,False,False,False,False,False
23,635.8151855469,-50.3970985413,4.671500206,0,True,False,False,False,False,False
23,640.7501220703,-49.6347007751,4.5303997993,0,True,False,False,False,False,False
23,639.2723999023,-49.5889015198,4.7455000877,0,True,False,False,False,False,False
23,642.6624145508,-49.9543991089,4.4398999214,0,True,False,False,False,False,False
23,645.4719238281,-49.6701011658,4.8843998909,0,True,False,False,False,False,False
23,650.0845947266,-50.1114997864,4.6178998947,0,True,False,False,False,False,False
23,649.4454956055,-49.4665985107,4.9566001892,0,True,False,False,False,False,False
23,653.3358764648,-49.1938018799,4.6065001488,0,True,False,False,False,False,False
23,657.8449707031,-49.4147987366,4.7673997879,0,True,False,False,False,False,False
23,658.4268798828,-48.4413986206,4.3678998947,0,True,False,False,False,False,False
23,661.266784668,-48.7210998535,4.2245998383,0,True,False,False,False,False,False
23,658.9024047852,-47.9706001282,4.5929999352,0,True,False,False,False,False,False
23,664.0056762695,-48.5568008423,4.8165998459,0,True,False,False,False,False,False
23,664.6715698242,-48.8138008118,4.7132000923,0,True,False,False,False,False,False
23,666.741027832,-47.8226013184,4.4902000427,0,True,False,False,False,False,False
23,670.2940063477,-48.3387985229,4.5295000076,0,True,False,False,False,False,False
23,673.3380126953,-48.4538993835,4.6563000679,0,True,False,False,False,False,False
23,672.609375,-47.4598007202,4.4629001617,0,True,False,False,False,False,False
23,675.0241088867,-47.5429000854,4.6507000923,0,True,False,False,False,False,False
23,678.1697998047,-47.8540000916,4.6378002167,0,True,False,False,False,False,False
23,683.2125854492,-48.2808990479,4.4204001427,0,True,False,False,False,False,False
23,683.4423217773,-47.9250984192,4.4535999298,0,True,False,False,False,False,False
23,684.1458129883,-47.7789001465,4.5517001152,0,True,False,False,False,False,False
23,690.5545043945,-47.3776016235,4.3387999535,0,True,False,False,False,False,False
23,688.1987915039,-47.2337989807,4.564499855,0,True,False,False,False,False,False
23,689.5202026367,-46.6273002625,4.5813999176,0,True,False,False,False,False,False
23,691.0123901367,-47.2969017029,4.4932999611,0,True,False,False,False,False,False
23,694.2005004883,-47.0260009766,4.4331002235,0,True,False,False,False,False,False
23,699.6489868164,-46.3993988037,4.590400219,0,True,False,False,False,False,False
23,701.537109375,-46.9038009644,4.4832000732,0,True,False,False,False,False,False
23,699.6160888672,-47.6542015076,4.336400032,0,True,False,False,False,False,False
23,704.7788696289,-46.9248008728,4.4184999466,0,True,False,False,False,False,False
23,709.4016113281,-47.1380996704,4.5668001175,0,True,False,False,False,False,False
23,704.8748168945,-47.4401016235,4.6649999619,0,True,False,False,False,False,False
23,709.3502807617,-47.6157989502,4.6374998093,0,True,False,False,False,False,False
23,709.4572143555,-46.6827011108,4.1333999634,0,True,False,False,False,False,False
23,710.6248779297,-46.6882019043,4.6124000549,0,True,False,False,False,False,False
23,710.6110229492,-48.3456001282,4.4921998978,0,True,False,False,False,False,False
24,197.4031982422,-47.1456985474,5.5448999405,0,True,True,False,False,False,False
24,208.9425048828,-46.9211997986,5.343100071,0,True,True,False,False,False,False
24,217.8016967773,-48.0273017883,5.5293998718,0,True,True,False,False,False,False
24,226.0897979736,-46.5448989868,5.4675002098,0,True,True,False,False,False,False
24,231.6755981445,-46.4031982422,5.3078999519,0,True,True,False,False,False,False
24,237.7194061279,-46.6073989868,5.2976999283,0,True,True,False,False,False,False
24,252.4562072754,-47.2375984192,5.1638998985,0,True,True,False,False,False,False
24,257.7190856934,-46.387298584,5.1623001099,0,True,True,False,False,False,False
24,266.5006103516,-45.6983985901,5.6324000359,0,True,True,False,False,False,False
24,271.1322937012,-46.4590988159,5.2655000687,0,True,True,False,False,False,False
24,280.087310791,-46.4254989624,5.4570999146,0,True,True,False,False,False,False
24,290.3583068848,-46.2924003601,5.3534998894,0,True,True,False,False,False,False
24,292.5310974121,-45.1848983765,5.3028001785,0,True,True,False,False,False,False
24,304.3251953125,-45.813999176,5.1024999619,0,True,True,False,False,False,False
24,309.562713623,-46.6573982239,5.0885000229,0,True,True,False,False,False,False
24,316.7320861816,-45.6291007996,5.565100193,0,True,True,False,False,False,False
24,325.7547912598,-46.9435005188,5.2790999413,0,True,True,False,False,False,False
24,332.145111084,-45.9215011597,5.2715001106,0,True,True,False,False,False,False
24,336.3102111816,-45.4030990601,5.1883001328,0,True,True,False,False,False,False
24,346.7890014648,-45.9726982117,5.5191001892,0,True,True,False,False,False,False
24,349.4400939941,-45.8254013062,5.3695001602,0,True,True,False,False,False,False
24,360.479888916,-45.3642997742,5.204199791,0,True,True,False,False,False,False
24,365.6532897949,-45.790599823,5.2536001205,0,True,True,False,False,False,False
24,369.8945007324,-46.1888999939,5.3773999214,0,True,True,False,False,False,False
24,376.8894042969,-45.2639007568,5.1318998337,0,True,True,False,False,False,False
24,384.9106140137,-45.8283004761,5.6784000397,0,True,True,False,False,False,False
24,394.4255981445,-45.5606002808,5.4291000366,0,True,True,False,False,False,False
24,398.5339050293,-46.5155982971,5.340400219,0,True,True,False,False,False,False
24,406.8443908691,-47.2961006165,5.244699955,0,True,True,False,False,False,False
24,410.9364929199,-46.207698822,5.5762000084,0,True,True,False,False,False,False
24,417.4374084473,-46.2056007385,5.3315000534,0,True,True,False,False,False,False
24,419.4489135742,-46.559299469,5.2239999771,0,True,True,False,False,False,False
24,425.1726989746,-46.9880981445,5.5774998665,0,True,True,False,False,False,False
24,436.9349975586,-46.8877983093,5.2410001755,0,True,True,False,False,False,False
24,433.1130065918,-47.0750999451,5.3772997856,0,True,True,False,False,False,False
24,441.4543151855,-47.3106002808,4.9888000488,0,True,True,False,False,False,False
24,448.8606872559,-48.1358985901,5.334499836,0,True,True,False,False,False,False
24,456.4361877441,-48.1324005127,5.3359999657,0,True,True,False,False,False,False
24,458.9873046875,-47.78150177,5.2284002304,0,True,True,False,False,False,False
24,460.5328979492,-48.3757019043,5.4278998375,0,True,True,False,False,False,False
24,469.1293029785,-48.3348007202,5.2638998032,0,True,True,False,False,False,False
24,473.991394043,-48.7389984131,5.2211999893,0,True,True,False,False,False,False
24,479.8066101074,-48.3516998291,5.1543998718,0,True,True,False,False,False,False
24,480.2206115723,-49.5074996948,5.277900219,0,True,True,False,False,False,False
24,487.5526123047,-48.9687004089,5.1985998154,0,True,True,False,False,False,False
24,498.0356140137,-49.6641998291,5.2430000305,0,True,True,False,False,False,False
24,499.691986084,-50.7732009888,5.2017998695,0,True,True,False,False,False,False
24,504.5064086914,-48.8008003235,5.0125999451,0,True,True,False,False,False,False
24,509.2225036621,-49.2854995728,5.3958997726,0,True,True,False,False,False,False
24,512.5164794922,-50.0898017883,5.1838998795,0,True,True,False,False,False,False
24,517.7515258789,-50.2464981079,5.1531000137,0,True,True,False,False,False,False
24,525.5471801758,-50.3866996765,5.0440001488,0,True,True,False,False,False,False
24,527.0366821289,-50.1940994263,5.0366997719,0,True,True,False,False,False,False
24,529.8400268555,-50.7960014343,5.040599823,0,True,True,False,False,False,False
24,538.6090698242,-49.3880996704,5.1300001144,0,True,True,False,False,False,False
24,537.4934082031,-51.4035987854,5.1739997864,0,True,True,False,False,False,False
24,541.6954956055,-50.5157012939,5.1009001732,0,True,False,False,False,False,False
24,544.7373046875,-51.7018013,5.0637998581,0,True,False,False,False,False,False
24,546.9008789062,-51.0102996826,4.8207998276,0,True,False,False,False,False,False
24,555.1538696289,-50.6026000977,5.171500206,0,True,False,False,False,False,False
24,561.0396118164,-51.6391983032,5.040599823,0,True,False,False,False,False,False
24,563.0903930664,-51.995098114,5.3042998314,0,True,False,False,False,False,False
24,568.357421875,-53.2341995239,4.9809999466,0,True,False,False,False,False,False
24,565.6901245117,-51.503200531,5.0469999313,0,True,False,False,False,False,False
24,570.9591064453,-52.3027000427,4.962100029,0,True,False,False,False,False,False
24,574.0283813477,-50.9631004333,5.3250999451,0,True,False,False,False,False,False
24,578.6638793945,-52.4808006287,4.9766998291,0,True,False,False,False,False,False
24,583.7274169922,-51.3804016113,4.9881000519,0,True,False,False,False,False,False
24,582.7028198242,-52.1035003662,5.0473999977,0,True,False,False,False,False,False
24,590.3154907227,-51.4429016113,4.7796001434,0,True,False,False,False,False,False
24,589.2827758789,-50.945098877,4.6448001862,0,True,False,False,False,False,False
24,596.3087768555,-51.1735992432,4.9340000153,0,True,False,False,False,False,False
24,598.8746948242,-50.6983985901,4.7554998398,0,True,False,False,False,False,False
24,602.9420166016,-51.1912002563,4.7616000175,0,True,False,False,False,False,False
24,602.2086791992,-51.8330001831,4.6108999252,0,True,False,False,False,False,False
24,610.5341796875,-51.59400177,4.4703998566,0,True,False,False,False,False,False
24,610.8955078125,-51.2695007324,4.4984998703,0,True,False,False,False,False,False
24,614.4287719727,-50.8191986084,4.6107001305,0,True,False,False,False,False,False
24,623.4915771484,-51.3114013672,4.7927999496,0,True,False,False,False,False,False
24,620.020690918,-50.9268989563,4.7548999786,0,True,False,False,False,False,False
24,622.6057739258,-50.7066993713,4.8780999184,0,True,False,False,False,False,False
24,628.4868774414,-50.4590988159,4.6023001671,0,True,False,False,False,False,False
24,631.7687988281,-50.1964988708,4.5673999786,0,True,False,False,False,False,False
24,634.0582885742,-49.5661010742,4.4850997925,0,True,False,False,False,False,False
24,635.2622070312,-50.1271018982,4.3502001762,0,True,False,False,False,False,False
24,638.0170898438,-49.817199707,4.6016998291,0,True,False,False,False,False,False
24,643.3137817383,-49.8748016357,4.7133998871,0,True,False,False,False,False,False
24,644.4384765625,-49.327999115,4.5859999657,0,True,False,False,False,False,False
24,642.6950073242,-49.8277015686,4.5157999992,0,True,False,False,False,False,False
24,650.0612792969,-49.2951011658,4.7820000648,0,True,False,False,False,False,False
24,652.6323852539,-49.0270004272,4.6613001823,0,True,False,False,False,False,False
24,653.8552856445,-49.026599884,4.6564998627,0,True,False,False,False,False,False
24,655.5551757812,-48.7879981995,3.9909999371,0,True,False,False,False,False,False
24,661.9920043945,-47.1240997314,4.6463999748,0,True,False,False,False,False,False
24,659.1185302734,-49.0633010864,4.4562001228,0,True,False,False,False,False,False
24,664.3593139648,-49.0117988586,4.4787998199,0,True,False,False,False,False,False
24,668.6229858398,-47.3923988342,4.1434001923,0,True,False,False,False,False,False
24,666.5106201172,-47.3184013367,4.4110999107,0,True,False,False,False,False,False
24,666.8892211914,-47.4011993408,4.6440000534,0,True,False,False,False,False,False
24,671.1166992188,-47.8683013916,4.3445000648,0,True,False,False,False,False,False
24,676.5062255859,-47.5638008118,4.5343999863,0,True,False,False,False,False,False
24,677.0427246094,-46.8832015991,4.5008997917,0,True,False,False,False,False,False
24,679.4232788086,-46.7442016602,4.5602002144,0,True,False,False,False,False,False
24,681.4752807617,-47.270198822,4.1637997627,0,True,False,False,False,False,False
24,688.1682739258,-46.2608985901,4.3910999298,0,True,False,False,False,False,False
24,686.2297973633,-45.738899231,4.361000061,0,True,False,False,False,False,False
24,689.3737792969,-45.5971984863,4.4228000641,0,True,False,False,False,False,False
24,686.2208251953,-46.301700592,4.3352999687,0,True,False,False,False,False,False
24,690.5908813477,-46.2121009827,4.2003002167,0,True,False,False,False,False,False
24,696.0739746094,-46.5746002197,4.2083001137,0,True,False,False,False,False,False
24,698.0545043945,-45.2745018005,4.4011001587,0,True,False,False,False,False,False
24,703.2777099609,-46.0404014587,4.3256001472,0,True,False,False,False,False,False
24,701.0961914062,-45.5083999634,4.4696002007,0,True,False,False,False,False,False
24,704.5704956055,-45.5755996704,4.5461001396,0,True,False,False,False,False,False
24,706.4537963867,-46.0392990112,4.2073001862,0,True,False,False,False,False,False
24,710.3740234375,-45.6231002808,4.5005998611,0,True,False,False,False,False,False
24,712.2108154297,-46.2318992615,4.4293999672,0,True,False,False,False,False,False
24,710.3665771484,-45.6062011719,4.1289000511,0,True,False,False,False,False,False
24,712.720703125,-45.4816017151,4.5043997765,0,True,False,False,False,False,False
25,201.8847045898,-51.7817001343,5.8028001785,0,True,True,False,False,False,False
25,205.7062072754,-51.0270004272,5.7929000854,0,True,True,False,False,False,False
25,215.4420013428,-51.677898407,5.7385997772,0,True,True,False,False,False,False
25,222.0341033936,-50.6223983765,5.8744997978,0,True,True,False,False,False,False
25,233.1315002441,-50.5178985596,5.5567002296,0,True,True,False,False,False,False
25,240.9956970215,-51.0345001221,5.8227000237,0,True,True,False,False,False,False
25,252.1524963379,-51.2458992004,5.6673998833,0,True,True,False,False,False,False
25,257.1151123047,-50.7025985718,5.8157000542,0,True,True,False,False,False,False
25,265.544708252,-49.5850982666,5.6665000916,0,True,True,False,False,False,False
25,273.8996887207,-50.7690010071,5.7281999588,0,True,True,False,False,False,False
25,281.1441955566,-50.0237007141,5.6119999886,0,True,True,False,False,False,False
25,288.2150878906,-49.6012001038,5.7228999138,0,True,True,False,False,False,False
25,297.4479980469,-50.5574989319,5.886300087,0,True,True,False,False,False,False
25,309.1079101562,-50.204498291,6.0082998276,0,True,True,False,False,False,False
25,313.4767150879,-50.2019004822,5.5030999184,0,True,True,False,False,False,False
25,315.8143920898,-50.6563987732,5.7163000107,0,True,True,False,False,False,False
25,322.8226928711,-50.0870018005,5.743999958,0,True,True,False,False,False,False
25,336.5936889648,-50.3406982422,5.7170000076,0,True,True,False,False,False,False
25,343.3232116699,-50.3816986084,5.472700119,0,True,True,False,False,False,False
25,348.7457885742,-49.6335983276,5.6703000069,0,True,True,False,False,False,False
25,356.7323913574,-50.3527984619,5.898900032,0,True,True,False,False,False,False
25,364.8609924316,-49.896900177,5.5490999222,0,True,True,False,False,False,False
25,370.0404052734,-50.4933013916,5.8716001511,0,True,True,False,False,False,False
25,374.9515075684,-51.3283004761,5.8394999504,0,True,True,False,False,False,False
25,383.3245849609,-50.1287002563,5.7118000984,0,True,True,False,False,False,False
25,389.8593139648,-51.0853004456,5.6231999397,0,True,True,False,False,False,False
25,394.7623901367,-50.939201355,5.7123999596,0,True,True,False,False,False,False
25,402.2401123047,-51.4385986328,5.6526999474,0,True,True,False,False,False,False
25,407.5643920898,-50.7048988342,5.7354001999,0,True,True,False,False,False,False
25,414.7192993164,-51.466999054,5.8336000443,0,True,True,False,False,False,False
25,417.9345092773,-50.820400238,5.5927000046,0,True,True,False,False,False,False
25,423.3461914062,-51.8004989624,5.7122998238,0,True,True,False,False,False,False
25,431.0997009277,-51.5312004089,5.6525998116,0,True,True,False,False,False,False
25,433.953704834,-51.3922996521,5.7505002022,0,True,True,False,False,False,False
25,442.3716125488,-51.6468009949,5.519299984,0,True,True,False,False,False,False
25,447.9479064941,-52.4305000305,5.8024997711,0,True,True,False,False,False,False
25,453.0459899902,-52.1034011841,5.7448000908,0,True,True,False,False,False,False
25,457.2864990234,-51.990398407,5.7733001709,0,True,True,False,False,False,False
25,463.486114502,-52.434299469,5.8565001488,0,True,True,False,False,False,False
25,474.7777099609,-51.9882011414,5.8442997932,0,True,True,False,False,False,False
25,474.3546142578,-52.8078994751,5.6258997917,0,True,True,False,False,False,False
25,476.999786377,-53.3343009949,5.5974001884,0,True,True,False,False,False,False
25,482.0505981445,-54.109500885,6.0796999931,0,True,True,False,False,False,False
25,490.5884094238,-53.4928016663,5.780600071,0,True,True,False,False,False,False
25,497.1893920898,-53.4073982239,5.6970000267,0,True,True,False,False,False,False
25,500.9805908203,-52.888999939,5.603099823,0,True,True,False,False,False,False
25,507.108001709,-54.913898468,5.7849998474,0,True,True,False,False,False,False
25,510.8015136719,-53.5377998352,5.8987998962,0,True,True,False,False,False,False
25,515.3258056641,-54.0222015381,5.8625998497,0,True,True,False,False,False,False
25,519.849609375,-54.2910003662,5.7753000259,0,True,True,False,False,False,False
25,525.9763793945,-55.3666000366,5.6226000786,0,True,True,False,False,False,False
25,529.9130249023,-54.4870986938,5.5585999489,0,True,True,False,False,False,False
25,532.667175293,-54.638999939,5.6354999542,0,True,True,False,False,False,False
25,536.8737792969,-55.4812011719,5.5504999161,0,True,True,False,False,False,False
25,541.0239868164,-55.356300354,5.4025001526,0,True,False,False,False,False,False
25,547.8619995117,-55.9164009094,5.5071997643,0,True,False,False,False,False,False
25,549.6547241211,-55.3162002563,5.4107999802,0,True,False,False,False,False,False
25,551.0693969727,-54.3244018555,5.3329000473,0,True,False,False,False,False,False
25,557.7808837891,-55.0965003967,5.3790001869,0,True,False,False,False,False,False
25,562.0153198242,-55.8188018799,5.4233999252,0,True,False,False,False,False,False
25,565.6538085938,-56.7117996216,5.5243000984,0,True,False,False,False,False,False
25,568.5197753906,-56.0383987427,5.4980998039,0,True,False,False,False,False,False
25,572.325378418,-55.7132987976,5.3910999298,0,True,False,False,False,False,False
25,573.758972168,-56.5323982239,5.2154998779,0,True,False,False,False,False,False
25,580.8286132812,-56.2261009216,5.1270999908,0,True,False,False,False,False,False
25,580.8093261719,-55.9448013306,5.2375998497,0,True,False,False,False,False,False
25,586.2177734375,-56.101398468,5.2487998009,0,True,False,False,False,False,False
25,592.7894897461,-56.6309013367,5.0631999969,0,True,False,False,False,False,False
25,593.2432250977,-56.0536994934,5.184899807,0,True,False,False,False,False,False
25,595.7307128906,-56.5183982849,5.3432002068,0,True,False,False,False,False,False
25,604.1173706055,-55.6940002441,5.3656997681,0,True,False,False,False,False,False
25,606.9522705078,-56.4081993103,5.2708001137,0,True,False,False,False,False,False
25,610.7451782227,-55.5153999329,5.1343002319,0,True,False,False,False,False,False
25,612.9841918945,-56.2787017822,4.9601998329,0,True,False,False,False,False,False
25,615.4899291992,-55.8022003174,5.053800106,0,True,False,False,False,False,False
25,617.0604858398,-56.2518997192,5.2428002357,0,True,False,False,False,False,False
25,621.2083129883,-56.8362998962,5.3095998764,0,True,False,False,False,False,False
25,623.8129272461,-54.6456985474,4.9183998108,0,True,False,False,False,False,False
25,627.1907958984,-55.5480003357,4.8155999184,0,True,False,False,False,False,False
25,632.7924194336,-54.2905006409,5.1215000153,0,True,False,False,False,False,False
25,634.9501953125,-54.9580001831,4.9147000313,0,True,False,False,False,False,False
25,636.708984375,-54.5345001221,5.013999939,0,True,False,False,False,False,False
25,639.5529174805,-55.1978988647,4.9711999893,0,True,False,False,False,False,False
25,641.5974121094,-54.2682991028,5.0131998062,0,True,False,False,False,False,False
25,644.0565795898,-56.6534996033,4.7532000542,0,True,False,False,False,False,False
25,645.9566040039,-54.6223983765,4.9766001701,0,True,False,False,False,False,False
25,654.3911743164,-53.5321006775,5.3675999641,0,True,False,False,False,False,False
25,649.8676147461,-53.6618995667,5.2506999969,0,True,False,False,False,False,False
25,653.7977905273,-54.0287017822,5.0611000061,0,True,False,False,False,False,False
25,658.9207763672,-53.822101593,5.0563001633,0,True,False,False,False,False,False
25,658.0888061523,-54.3778991699,5.0040998459,0,True,False,False,False,False,False
25,665.5083007812,-53.007900238,4.9222998619,0,True,False,False,False,False,False
25,664.0350952148,-53.0805015564,5.1998000145,0,True,False,False,False,False,False
25,663.6945800781,-53.5946998596,4.9658999443,0,True,False,False,False,False,False
25,670.6619262695,-52.0397987366,4.6894001961,0,True,False,False,False,False,False
25,676.7393188477,-51.6484985352,4.9615998268,0,True,False,False,False,False,False
25,679.6672973633,-52.8180007935,4.8671998978,0,True,False,False,False,False,False
25,678.9755249023,-51.5679016113,4.8193998337,0,True,False,False,False,False,False
25,684.4650878906,-52.5619010925,4.9196000099,0,True,False,False,False,False,False
25,686.0657958984,-50.8227005005,4.5727000237,0,True,False,False,False,False,False
25,686.9627075195,-51.0158004761,4.943500042,0,True,False,False,False,False,False
25,689.6578979492,-51.3587989807,4.8046998978,0,True,False,False,False,False,False
25,690.3446044922,-50.8731002808,4.8028998375,0,True,False,False,False,False,False
25,691.7689208984,-51.8768997192,4.9127001762,0,True,False,False,False,False,False
25,697.6593017578,-51.0323982239,4.8097000122,0,True,False,False,False,False,False
25,700.0200195312,-51.2840003967,4.9630999565,0,True,False,False,False,False,False
25,698.0548095703,-51.1276016235,4.9281001091,0,True,False,False,False,False,False
25,703.0584716797,-50.8856010437,4.5728998184,0,True,False,False,False,False,False
25,702.2739257812,-50.9320983887,4.785299778,0,True,False,False,False,False,False
25,703.874206543,-50.9805984497,5.1401000023,0,True,False,False,False,False,False
25,710.4077758789,-50.1710014343,4.7523999214,0,True,False,False,False,False,False
25,713.0731811523,-49.2471008301,4.9962000847,0,True,False,False,False,False,False
25,714.3161010742,-51.0778007507,4.8544001579,0,True,False,False,False,False,False
26,194.8827056885,-44.5763015747,5.179500103,0,True,True,False,False,False,False
26,206.7819976807,-44.7043991089,4.8434000015,0,True,True,False,False,False,False
26,218.7767944336,-44.8352012634,4.9524998665,0,True,True,False,False,False,False
26,224.0104064941,-43.5239982605,5.2590999603,0,True,True,False,False,False,False
26,234.5576019287,-44.3511009216,4.9320998192,0,True,True,False,False,False,False
26,239.1918029785,-44.1600990295,4.906899929,0,True,True,False,False,False,False
26,249.7077026367,-43.7011985779,5.1079001427,0,True,True,False,False,False,False
26,257.1019897461,-43.9524993896,5.1491999626,0,True,True,False,False,False,False
26,261.9935913086,-43.516998291,5.0190000534,0,True,True,False,False,False,False
26,272.0151062012,-44.6729011536,5.1487998962,0,True,True,False,False,False,False
26,279.0231933594,-43.3742980957,4.8555998802,0,True,True,False,False,False,False
26,287.8587036133,-43.7849006653,4.8800997734,0,True,True,False,False,False,False
26,297.6969909668,-43.1605987549,5.4077000618,0,True,True,False,False,False,False
26,308.2565002441,-44.1916999817,5.1121997833,0,True,True,False,False,False,False
26,309.3457946777,-42.6539993286,5.0658998489,0,True,True,False,False,False,False
26,318.5628967285,-43.0922012329,5.022600174,0,True,True,False,False,False,False
26,322.9812011719,-43.9191017151,5.0507001877,0,True,True,False,False,False,False
26,330.7572021484,-43.9897994995,5.2564001083,0,True,True,False,False,False,False
26,333.6347045898,-42.942199707,5.1806001663,0,True,True,False,False,False,False
26,345.0018920898,-43.9477005005,4.7969999313,0,True,True,False,False,False,False
26,351.1188964844,-44.2695999146,5.1630001068,0,True,True,False,False,False,False
26,357.2529907227,-43.7462005615,5.1863999367,0,True,True,False,False,False,False
26,362.5109863281,-44.8036003113,5.1876001358,0,True,True,False,False,False,False
26,366.8534851074,-44.1652984619,5.1572999954,0,True,True,False,False,False,False
26,377.8619995117,-43.7402992249,5.0269999504,0,True,True,False,False,False,False
26,382.7890930176,-43.3903999329,5.1574997902,0,True,True,False,False,False,False
26,388.9841918945,-43.5222015381,5.214700222,0,True,True,False,False,False,False
26,393.563293457,-44.2984008789,5.4980998039,0,True,True,False,False,False,False
26,403.3761901855,-44.6640014648,5.1898999214,0,True,True,False,False,False,False
26,405.8790893555,-44.3768997192,5.222099781,0,True,True,False,False,False,False
26,411.033203125,-44.6324005127,5.029900074,0,True,True,False,False,False,False
26,418.7392883301,-44.9942016602,5.0205001831,0,True,True,False,False,False,False
26,424.6506958008,-44.4067001343,5.2968997955,0,True,True,False,False,False,False
26,427.9872131348,-44.6535987854,5.1626000404,0,True,True,False,False,False,False
26,433.4858093262,-45.3899002075,5.3225998878,0,True,True,False,False,False,False
26,435.1282043457,-44.5471992493,5.3165998459,0,True,True,False,False,False,False
26,441.8091125488,-45.9230995178,5.2389001846,0,True,True,False,False,False,False
26,452.5888061523,-45.0755004883,5.238699913,0,True,True,False,False,False,False
26,453.1199035645,-45.6529006958,4.9552001953,0,True,True,False,False,False,False
26,461.907989502,-45.7498016357,4.9597997665,0,True,True,False,False,False,False
26,467.1706848145,-45.4486999512,4.9278998375,0,True,True,False,False,False,False
26,471.5679016113,-46.3026008606,4.8770999908,0,True,True,False,False,False,False
26,478.3739013672,-46.673500061,4.7960000038,0,True,True,False,False,False,False
26,483.1484069824,-47.6008987427,5.1574997902,0,True,True,False,False,False,False
26,483.1123046875,-46.3949012756,5.1648001671,0,True,True,False,False,False,False
26,490.7058105469,-47.0218009949,4.7090001106,0,True,True,False,False,False,False
26,497.7446899414,-47.3405990601,4.940100193,0,True,True,False,False,False,False
26,500.1010131836,-46.9912986755,5.0567002296,0,True,True,False,False,False,False
26,504.570892334,-47.7416992188,4.980700016,0,True,True,False,False,False,False
26,508.1922912598,-47.1558990479,5.0494999886,0,True,True,False,False,False,False
26,512.0828857422,-48.2719993591,5.1062002182,0,True,True,False,False,False,False
26,515.0283203125,-47.8722000122,4.852399826,0,True,True,False,False,False,False
26,523.8676757812,-48.6343994141,4.8649001122,0,True,True,False,False,False,False
26,525.7324829102,-47.7817993164,5.2585000992,0,True,True,False,False,False,False
26,532.981628418,-48.1687011719,4.4917998314,0,True,True,False,False,False,False
26,530.9744873047,-48.1032981873,4.7574000359,0,True,True,False,False,False,False
26,539.3031005859,-48.7649993896,4.50330019,0,True,True,False,False,False,False
26,539.7424926758,-48.7112007141,4.852399826,0,True,True,False,False,False,False
26,545.3449707031,-48.6180992126,4.6350998878,0,True,False,False,False,False,False
26,548.5338134766,-49.6245002747,4.751999855,0,True,False,False,False,False,False
26,552.5579833984,-48.0988998413,4.6483001709,0,True,False,False,False,False,False
26,557.7573852539,-49.4971008301,4.6564998627,0,True,False,False,False,False,False
26,558.3018798828,-49.0386009216,4.6224999428,0,True,False,False,False,False,False
26,563.7390136719,-49.3933982849,5.0350999832,0,True,False,False,False,False,False
26,572.0673828125,-50.1571998596,4.7161002159,0,True,False,False,False,False,False
26,569.2609863281,-49.6297988892,4.7232999802,0,True,False,False,False,False,False
26,574.2080078125,-49.7266998291,4.918900013,0,True,False,False,False,False,False
26,580.5524902344,-49.2542991638,4.8673000336,0,True,False,False,False,False,False
26,582.9962158203,-49.7845993042,4.5363998413,0,True,False,False,False,False,False
26,585.25,-48.8940010071,4.5349001884,0,True,False,False,False,False,False
26,584.8701171875,-48.9900016785,4.5514001846,0,True,False,False,False,False,False
26,589.2570800781,-49.1801986694,4.6701998711,0,True,False,False,False,False,False
26,593.8828735352,-49.2151985168,4.460100174,0,True,False,False,False,False,False
26,598.9940795898,-49.29529953,4.5359997749,0,True,False,False,False,False,False
26,598.0806884766,-49.8714981079,4.7100000381,0,True,False,False,False,False,False
26,605.8654174805,-49.8601989746,4.2726998329,0,True,False,False,False,False,False
26,604.1126708984,-49.7881011963,4.4734997749,0,True,False,False,False,False,False
26,607.6696777344,-49.957901001,4.4685001373,0,True,False,False,False,False,False
26,611.8469238281,-49.0537986755,4.6834998131,0,True,False,False,False,False,False
26,613.0767211914,-48.1164016724,4.2909998894,0,True,False,False,False,False,False
26,619.7927246094,-47.9614982605,4.6677999496,0,True,False,False,False,False,False
26,618.9136962891,-49.9035987854,4.7038998604,0,True,False,False,False,False,False
26,625.9896240234,-49.9850997925,4.5626001358,0,True,False,False,False,False,False
26,627.0189819336,-47.6660995483,4.3864998817,0,True,False,False,False,False,False
26,631.51171875,-48.6820983887,4.5588998795,0,True,False,False,False,False,False
26,634.2211914062,-47.5646018982,4.3529000282,0,True,False,False,False,False,False
26,635.9479980469,-47.4236984253,4.4145002365,0,True,False,False,False,False,False
26,638.3599853516,-47.4936981201,4.3041000366,0,True,False,False,False,False,False
26,640.8411865234,-47.2389984131,4.1669998169,0,True,False,False,False,False,False
26,644.0310058594,-47.1394996643,4.2427000999,0,True,False,False,False,False,False
26,643.9592285156,-46.7323989868,3.9593999386,0,True,False,False,False,False,False
26,645.0897216797,-45.7882995605,4.391699791,0,True,False,False,False,False,False
26,648.2774047852,-46.4580993652,4.4373998642,0,True,False,False,False,False,False
26,652.2896728516,-46.1959991455,4.2364001274,0,True,False,False,False,False,False
26,656.7973022461,-46.6282997131,4.1395998001,0,True,False,False,False,False,False
26,656.7861938477,-45.8884010315,4.0034999847,0,True,False,False,False,False,False
26,658.8231201172,-45.7612991333,4.1012997627,0,True,False,False,False,False,False
26,663.2515869141,-46.3414993286,4.2021999359,0,True,False,False,False,False,False
26,661.2752075195,-45.2759017944,4.1939997673,0,True,False,False,False,False,False
26,667.7365722656,-44.9422988892,4.2631998062,0,True,False,False,False,False,False
26,671.9345092773,-45.0410003662,4.1626000404,0,True,False,False,False,False,False
26,670.2689819336,-44.8208999634,4.1290998459,0,True,False,False,False,False,False
26,673.0709838867,-45.4177017212,4.2189998627,0,True,False,False,False,False,False
26,677.1823730469,-45.1651992798,4.4351000786,0,True,False,False,False,False,False
26,678.100402832,-44.5041007996,3.986399889,0,True,False,False,False,False,False
26,678.8203125,-44.2252006531,4.0947999954,0,True,False,False,False,False,False
26,683.6301269531,-44.4637985229,4.1579999924,0,True,False,False,False,False,False
26,684.9440917969,-44.2188987732,3.9941000938,0,True,False,False,False,False,False
26,685.9691162109,-43.7526016235,4.2871999741,0,True,False,False,False,False,False
26,687.3294067383,-43.4715995789,4.0964999199,0,True,False,False,False,False,False
26,690.4114990234,-43.5811004639,4.0155000687,0,True,False,False,False,False,False
26,690.904296875,-43.0173988342,3.9028999805,0,True,False,False,False,False,False
26,697.0228271484,-43.2052993774,4.0855998993,0,True,False,False,False,False,False
26,695.6546020508,-43.6552009583,4.1898999214,0,True,False,False,False,False,False
26,694.4454956055,-43.6278991699,4.1873998642,0,True,False,False,False,False,False
26,702.0795288086,-43.1358985901,4.0051999092,0,True,False,False,False,False,False
26,704.6716918945,-43.5376014709,4.0637001991,0,True,False,False,False,False,False
26,704.7863769531,-42.7393989563,3.9811999798,0,True,False,False,False,False,False
26,708.8245849609,-43.2378005981,4.0914001465,0,True,False,False,False,False,False
26,710.0322265625,-44.6487007141,3.9583001137,0,True,False,False,False,False,False
26,711.1417236328,-43.2075996399,4.1884999275,0,True,False,False,False,False,False
26,709.754699707,-43.2718009949,4.2252001762,0,True,False,False,False,False,False
26,713.1248779297,-43.3386001587,4.1986999512,0,True,False,False,False,False,False
26,712.8602905273,-43.5441017151,4.1029000282,0,True,False,False,False,False,False
27,200.6398010254,-42.270198822,4.4464998245,0,True,True,False,False,False,False
27,208.6128997803,-41.3471984863,4.6448001862,0,True,True,False,False,False,False
27,219.4174957275,-41.1640014648,4.5357999802,0,True,True,False,False,False,False
27,225.1123962402,-41.8278999329,4.6940999031,0,True,True,False,False,False,False
27,234.9512023926,-41.245300293,4.3963999748,0,True,True,False,False,False,False
27,239.37550354,-40.3293991089,4.6456999779,0,True,True,False,False,False,False
27,248.2947998047,-41.6231002808,4.491300106,0,True,True,False,False,False,False
27,252.9098968506,-40.9375991821,4.4938998222,0,True,True,False,False,False,False
27,262.0252990723,-40.7206993103,4.4355998039,0,True,True,False,False,False,False
27,269.8499145508,-39.8863983154,4.3243999481,0,True,True,False,False,False,False
27,275.7164916992,-40.6128005981,4.7751002312,0,True,True,False,False,False,False
27,285.4437866211,-39.5853004456,4.5088000298,0,True,True,False,False,False,False
27,297.7609863281,-40.5074005127,4.7076997757,0,True,True,False,False,False,False
27,296.2279052734,-39.8658981323,4.469399929,0,True,True,False,False,False,False
27,304.5385131836,-40.8549995422,4.4636001587,0,True,True,False,False,False,False
27,309.3497009277,-40.4440994263,4.3824000359,0,True,True,False,False,False,False
27,315.3761901855,-39.8084983826,4.3654999733,0,True,True,False,False,False,False
27,327.3638916016,-40.1039009094,4.5644001961,0,True,True,False,False,False,False
27,328.5828857422,-39.9331016541,4.5472998619,0,True,True,False,False,False,False
27,338.4399108887,-40.5821990967,4.5746998787,0,True,True,False,False,False,False
27,344.0433044434,-40.1176986694,4.7435002327,0,True,True,False,False,False,False
27,348.762512207,-39.3675994873,4.4418001175,0,True,True,False,False,False,False
27,357.2984924316,-41.0041999817,4.6054000854,0,True,True,False,False,False,False
27,363.3023986816,-40.4444007874,4.5480999947,0,True,True,False,False,False,False
27,364.7008972168,-40.0418014526,4.4565000534,0,True,True,False,False,False,False
27,375.0960083008,-40.7052993774,4.4776000977,0,True,True,False,False,False,False
27,383.0982971191,-39.365398407,4.5805001259,0,True,True,False,False,False,False
27,384.4666137695,-40.6473999023,4.5342998505,0,True,True,False,False,False,False
27,390.6689147949,-40.5654983521,4.4341001511,0,True,True,False,False,False,False
27,397.4525146484,-40.6488990784,4.3891000748,0,True,True,False,False,False,False
27,403.7034912109,-41.3459014893,4.4072999954,0,True,True,False,False,False,False
27,408.5197143555,-39.8526992798,4.5497999191,0,True,True,False,False,False,False
27,414.3315124512,-41.3760986328,4.2918000221,0,True,True,False,False,False,False
27,420.1520080566,-41.020401001,4.2430000305,0,True,True,False,False,False,False
27,425.4381103516,-41.8613014221,4.7150998116,0,True,True,False,False,False,False
27,428.8193054199,-41.7507019043,4.4422001839,0,True,True,False,False,False,False
27,432.9154052734,-41.5059013367,4.1339001656,0,True,True,False,False,False,False
27,439.4244995117,-42.358001709,4.3413000107,0,True,True,False,False,False,False
27,439.4320983887,-42.1259002686,4.57310009,0,True,True,False,False,False,False
27,450.0624084473,-41.606098175,4.2758002281,0,True,True,False,False,False,False
27,453.0140075684,-42.9347991943,4.3839001656,0,True,True,False,False,False,False
27,458.6518859863,-42.8745002747,4.1371002197,0,True,True,False,False,False,False
27,462.5065002441,-43.3544006348,4.4228000641,0,True,True,False,False,False,False
27,470.1516113281,-42.983001709,4.4425001144,0,True,True,False,False,False,False
27,472.2445068359,-42.9098014832,4.4380998611,0,True,True,False,False,False,False
27,475.1849975586,-43.6731987,4.3775000572,0,True,True,False,False,False,False
27,482.2543945312,-44.1464004517,4.3453998566,0,True,True,False,False,False,False
27,483.3958129883,-44.0021018982,4.2951002121,0,True,True,False,False,False,False
27,491.6191101074,-43.6313018799,4.0739998817,0,True,True,False,False,False,False
27,492.3349914551,-43.6682014465,4.2961001396,0,True,True,False,False,False,False
27,498.7734069824,-44.9964981079,4.2210001945,0,True,True,False,False,False,False
27,503.2232971191,-45.0531997681,4.17689991,0,True,True,False,False,False,False
27,505.9198913574,-44.9291992188,4.4393000603,0,True,True,False,False,False,False
27,511.2417907715,-44.5041999817,4.059800148,0,True,True,False,False,False,False
27,512.1528930664,-44.8068008423,4.3993000984,0,True,True,False,False,False,False
27,520.9125976562,-45.4833984375,4.3635997772,0,True,True,False,False,False,False
27,517.5026245117,-45.9255981445,4.1958999634,0,True,True,False,False,False,False
27,526.0806884766,-45.1789016724,4.0078001022,0,True,True,False,False,False,False
27,527.2979736328,-46.3218994141,4.2024998665,0,True,True,False,False,False,False
27,531.4935302734,-45.2853012085,4.3207001686,0,True,True,False,False,False,False
27,535.003112793,-45.7977981567,4.2674999237,0,True,True,False,False,False,False
27,545.6215820312,-45.3399009705,4.2843999863,0,True,False,False,False,False,False
27,544.3220825195,-46.457698822,4.0792999268,0,True,False,False,False,False,False
27,548.0816040039,-46.8208999634,4.1262001991,0,True,False,False,False,False,False
27,550.2349853516,-45.8256988525,3.9707000256,0,True,False,False,False,False,False
27,555.0576171875,-46.5378990173,4.0998001099,0,True,False,False,False,False,False
27,555.7880859375,-45.5553016663,3.9414999485,0,True,False,False,False,False,False
27,559.8115844727,-47.220199585,4.0826997757,0,True,False,False,False,False,False
27,564.7719726562,-45.8578987122,3.8872001171,0,True,False,False,False,False,False
27,565.2866210938,-47.1972999573,4.0584998131,0,True,False,False,False,False,False
27,572.7260742188,-47.1902999878,3.802200079,0,True,False,False,False,False,False
27,573.1458740234,-46.7350006104,3.7054998875,0,True,False,False,False,False,False
27,577.856628418,-46.3428993225,4.0307998657,0,True,False,False,False,False,False
27,576.3817749023,-46.0480003357,3.8866999149,0,True,False,False,False,False,False
27,578.4420776367,-46.0041007996,4.0616998672,0,True,False,False,False,False,False
27,587.1765136719,-45.459400177,3.7214000225,0,True,False,False,False,False,False
27,587.5927124023,-44.3345985413,3.9660000801,0,True,False,False,False,False,False
27,592.8848876953,-44.8531990051,4.1550998688,0,True,False,False,False,False,False
27,590.7725830078,-45.7723007202,3.9123001099,0,True,False,False,False,False,False
27,599.0637207031,-44.8768005371,3.5174000263,0,True,False,False,False,False,False
27,596.3289794922,-44.8664016724,3.7653000355,0,True,False,False,False,False,False
27,600.6920166016,-45.4403991699,3.780600071,0,True,False,False,False,False,False
27,604.4752197266,-45.0792007446,3.616300106,0,True,False,False,False,False,False
27,609.2969970703,-45.3260002136,4.0149002075,0,True,False,False,False,False,False
27,610.6968994141,-44.7294998169,3.864700079,0,True,False,False,False,False,False
27,608.2551879883,-44.6338005066,3.7230000496,0,True,False,False,False,False,False
27,615.2485961914,-44.0788993835,3.92689991,0,True,False,False,False,False,False
27,616.3527832031,-43.7066001892,3.5971999168,0,True,False,False,False,False,False
27,615.8018798828,-44.2290000916,3.741699934,0,True,False,False,False,False,False
27,621.7429199219,-43.848400116,3.7987999916,0,True,False,False,False,False,False
27,625.9077148438,-42.8507995605,3.8008000851,0,True,False,False,False,False,False
27,629.6455078125,-43.4541015625,3.8052000999,0,True,False,False,False,False,False
27,628.032409668,-42.9734992981,3.6684999466,0,True,False,False,False,False,False
27,631.6516113281,-42.2322006226,3.5752000809,0,True,False,False,False,False,False
27,627.0202026367,-42.2728004456,3.4997000694,0,True,False,False,False,False,False
27,640.3746948242,-42.9163017273,3.7372999191,0,True,False,False,False,False,False
27,639.9603271484,-42.7981987,3.7060000896,0,True,False,False,False,False,False
27,640.7902832031,-42.2383995056,3.7495000362,0,True,False,False,False,False,False
27,644.9711914062,-41.5898017883,3.6205999851,0,True,False,False,False,False,False
27,648.8057250977,-41.870098114,3.6544001102,0,True,False,False,False,False,False
27,644.3842773438,-41.706401825,3.7044000626,0,True,False,False,False,False,False
27,646.7343139648,-41.9384002686,3.5416998863,0,True,False,False,False,False,False
27,652.4655151367,-41.7346000671,3.9425001144,0,True,False,False,False,False,False
27,655.0657958984,-41.46900177,3.6656000614,0,True,False,False,False,False,False
27,654.9083251953,-40.4856987,3.6496999264,0,True,False,False,False,False,False
27,657.7689819336,-40.9510002136,3.4572999477,0,True,False,False,False,False,False
27,664.4536743164,-41.5187988281,3.3654000759,0,True,False,False,False,False,False
27,667.4257202148,-40.6566009521,3.6872999668,0,True,False,False,False,False,False
27,665.5654296875,-41.0065994263,3.5620999336,0,True,False,False,False,False,False
27,666.0635986328,-40.6109008789,3.6475999355,0,True,False,False,False,False,False
27,665.6638793945,-40.695400238,3.5546000004,0,True,False,False,False,False,False
27,670.1209106445,-39.9724006653,3.3963999748,0,True,False,False,False,False,False
27,671.3363037109,-40.563999176,3.3922998905,0,True,False,False,False,False,False
27,674.2982788086,-40.2150001526,3.4667999744,0,True,False,False,False,False,False
27,678.6204833984,-40.8222999573,3.5745000839,0,True,False,False,False,False,False
27,677.1594238281,-40.5219993591,3.5592999458,0,True,False,False,False,False,False
27,679.9436035156,-40.0190010071,3.6052999496,0,True,False,False,False,False,False
27,678.9567260742,-40.0215988159,3.3987998962,0,True,False,False,False,False,False
27,681.4360961914,-39.822101593,3.5028998852,0,True,False,False,False,False,False
27,691.7312011719,-40.1959991455,3.3575000763,0,True,False,False,False,False,False
27,688.0781860352,-40.2261009216,3.4744000435,0,True,False,False,False,False,False
27,691.0678100586,-39.2882003784,3.4719998837,0,True,False,False,False,False,False
27,690.6646728516,-39.4613990784,3.7495000362,0,True,False,False,False,False,False
27,691.8280029297,-40.0802993774,3.3368000984,0,True,False,False,False,False,False
27,690.700378418,-40.5947990417,3.2051999569,0,True,False,False,False,False,False
27,696.8129272461,-40.1946983337,3.4212999344,0,True,False,False,False,False,False
27,696.2340087891,-40.3320007324,3.491699934,0,True,False,False,False,False,False
27,700.1290893555,-40.7682991028,3.446199894,0,True,False,False,False,False,False
27,700.5427246094,-40.9711990356,3.5920000076,0,True,False,False,False,False,False
27,706.6248779297,-41.0681991577,3.8180000782,0,True,False,False,False,False,False
27,702.3474121094,-40.5755996704,3.5741000175,0,True,False,False,False,False,False
27,708.4630126953,-41.9622993469,3.4173998833,0,True,False,False,False,False,False
27,707.3685913086,-40.9740982056,3.9170999527,0,True,False,False,False,False,False
27,709.8928833008,-42.9183998108,3.4267001152,0,True,False,False,False,False,False
27,709.912109375,-41.9263000488,3.4665000439,0,True,False,False,False,False,False
27,713.4144287109,-41.6829986572,3.5615999699,0,True,False,False,False,False,False
28,198.6683959961,-41.2761001587,5.7737998962,0,True,True,False,False,False,False
28,210.2003936768,-41.2500991821,6.0022997856,0,True,True,False,False,False,False
28,212.8094024658,-40.7919998169,6.1149997711,0,True,True,False,False,False,False
28,223.5839996338,-40.4578018188,6.1659998894,0,True,True,False,False,False,False
28,237.5424957275,-39.9007987976,5.8965997696,0,True,True,False,False,False,False
28,242.0081939697,-40.3176994324,5.9586000443,0,True,True,False,False,False,False
28,250.9869995117,-39.2969017029,5.9292998314,0,True,True,False,False,False,False
28,259.1527099609,-40.3562011719,5.9875998497,0,True,True,False,False,False,False
28,267.9910888672,-40.1166992188,6.1986999512,0,True,True,False,False,False,False
28,272.142791748,-40.612701416,6.1712999344,0,True,True,False,False,False,False
28,280.990814209,-40.6587982178,6.1479997635,0,True,True,False,False,False,False
28,289.0089111328,-39.8246994019,5.8828001022,0,True,True,False,False,False,False
28,299.6646118164,-39.2813987732,6.1739997864,0,True,True,False,False,False,False
28,302.3893127441,-39.0451011658,6.0666999817,0,True,True,False,False,False,False
28,311.6318969727,-39.7769012451,5.8857998848,0,True,True,False,False,False,False
28,319.5603942871,-39.2347984314,6.3278999329,0,True,True,False,False,False,False
28,323.7226867676,-39.2806015015,6.424200058,0,True,True,False,False,False,False
28,334.9366149902,-39.6124992371,6.0198001862,0,True,True,False,False,False,False
28,335.6997070312,-40.0343017578,5.7525000572,0,True,True,False,False,False,False
28,347.2499084473,-39.2700004578,6.0260000229,0,True,True,False,False,False,False
28,351.963104248,-39.1399993896,5.992099762,0,True,True,False,False,False,False
28,355.4945068359,-39.4184989929,6.208799839,0,True,True,False,False,False,False
28,366.5682983398,-40.0583992004,6.0099000931,0,True,True,False,False,False,False
28,374.3729858398,-39.6245994568,5.8719000816,0,True,True,False,False,False,False
28,377.4952087402,-39.826499939,5.9653000832,0,True,True,False,False,False,False
28,383.1203918457,-40.3289985657,6.3825998306,0,True,True,False,False,False,False
28,391.8351135254,-39.9970016479,6.1926999092,0,True,True,False,False,False,False
28,396.9469909668,-39.3849983215,6.1319999695,0,True,True,False,False,False,False
28,403.3055114746,-39.3883018494,6.1395001411,0,True,True,False,False,False,False
28,409.3508911133,-40.6893997192,6.2237000465,0,True,True,False,False,False,False
28,418.4996032715,-40.1969985962,5.9074001312,0,True,True,False,False,False,False
28,422.8468933105,-40.2067985535,6.0184001923,0,True,True,False,False,False,False
28,427.4722900391,-40.4127006531,5.9945001602,0,True,True,False,False,False,False
28,434.1217041016,-40.9282989502,6.2291002274,0,True,True,False,False,False,False
28,440.5014953613,-40.1551017761,5.9878997803,0,True,True,False,False,False,False
28,443.0801086426,-40.439201355,6.1009001732,0,True,True,False,False,False,False
28,449.5566101074,-42.4020004272,6.1402001381,0,True,True,False,False,False,False
28,454.4536132812,-40.3655014038,6.045800209,0,True,True,False,False,False,False
28,457.7380981445,-41.675201416,6.1414999962,0,True,True,False,False,False,False
28,468.9143981934,-41.839099884,5.8468999863,0,True,True,False,False,False,False
28,470.0747070312,-41.8077011108,6.0170998573,0,True,True,False,False,False,False
28,468.979309082,-41.581199646,5.8586997986,0,True,True,False,False,False,False
28,479.0802001953,-41.6567993164,5.8937997818,0,True,True,False,False,False,False
28,487.0823974609,-42.7570991516,6.1666998863,0,True,True,False,False,False,False
28,492.3774108887,-43.0009002686,6.0364999771,0,True,True,False,False,False,False
28,490.5893859863,-43.1622009277,5.801199913,0,True,True,False,False,False,False
28,499.4574890137,-43.2088012695,6.0370001793,0,True,True,False,False,False,False
28,506.8183898926,-43.3647994995,5.9816999435,0,True,True,False,False,False,False
28,507.3739013672,-43.3731002808,5.8074998856,0,True,True,False,False,False,False
28,513.6458740234,-44.3373985291,5.8859000206,0,True,True,False,False,False,False
28,518.3109130859,-44.3983001709,5.9239997864,0,True,True,False,False,False,False
28,520.9415893555,-44.0215988159,6.0552000999,0,True,True,False,False,False,False
28,525.1270141602,-44.5512008667,5.7583999634,0,True,True,False,False,False,False
28,529.2047119141,-45.0262985229,5.9148001671,0,True,True,False,False,False,False
28,533.3483276367,-44.6646995544,5.9345002174,0,True,True,False,False,False,False
28,534.1185913086,-43.367099762,5.8136000633,0,True,True,False,False,False,False
28,543.0297851562,-44.4968986511,5.7611999512,0,True,False,False,False,False,False
28,548.0388183594,-44.9020996094,5.6979999542,0,True,False,False,False,False,False
28,548.6875,-45.1114006042,5.763999939,0,True,False,False,False,False,False
28,554.9489746094,-45.3096008301,6.0201001167,0,True,False,False,False,False,False
28,556.8953857422,-43.7486000061,6.0625,0,True,False,False,False,False,False
28,563.1876831055,-45.6012001038,5.9264001846,0,True,False,False,False,False,False
28,565.3983154297,-44.525100708,5.6346001625,0,True,False,False,False,False,False
28,571.9617919922,-45.5220985413,5.6694002151,0,True,False,False,False,False,False
28,571.5211181641,-45.1002006531,5.7335000038,0,True,False,False,False,False,False
28,576.62109375,-45.5887985229,5.5802998543,0,True,False,False,False,False,False
28,579.1790161133,-45.8237991333,5.7957000732,0,True,False,False,False,False,False
28,580.5872192383,-46.0970001221,5.5535998344,0,True,False,False,False,False,False
28,589.1286010742,-45.3026008606,5.6760001183,0,True,False,False,False,False,False
28,590.8278808594,-45.5472984314,5.6723999977,0,True,False,False,False,False,False
28,593.6840820312,-44.9020996094,5.6968002319,0,True,False,False,False,False,False
28,593.5795898438,-45.3275985718,5.6156997681,0,True,False,False,False,False,False
28,599.7474975586,-46.2243003845,5.5569000244,0,True,False,False,False,False,False
28,603.6622924805,-45.6547012329,5.584499836,0,True,False,False,False,False,False
28,608.2114257812,-45.2416000366,5.3994998932,0,True,False,False,False,False,False
28,608.0399780273,-44.9446983337,5.7708001137,0,True,False,False,False,False,False
28,610.7238769531,-44.6124000549,5.5974998474,0,True,False,False,False,False,False
28,616.3264770508,-44.3992996216,5.2245001793,0,True,False,False,False,False,False
28,615.0540771484,-45.0559005737,5.5276999474,0,True,False,False,False,False,False
28,619.3828125,-45.1514015198,5.4755001068,0,True,False,False,False,False,False
28,622.5952758789,-44.5694007874,5.5494999886,0,True,False,False,False,False,False
28,626.1821289062,-44.8704986572,5.4246001244,0,True,False,False,False,False,False
28,627.1904907227,-43.1878013611,5.424200058,0,True,False,False,False,False,False
28,633.1207275391,-44.5405006409,5.1203999519,0,True,False,False,False,False,False
28,634.3997802734,-44.2896995544,5.5935001373,0,True,False,False,False,False,False
28,637.3588256836,-44.6338005066,5.2723999023,0,True,False,False,False,False,False
28,638.6401977539,-43.9407997131,5.4876999855,0,True,False,False,False,False,False
28,645.8322143555,-43.7831993103,5.366300106,0,True,False,False,False,False,False
28,647.5471801758,-43.4686012268,5.1406002045,0,True,False,False,False,False,False
28,649.3331298828,-42.6864013672,5.2751998901,0,True,False,False,False,False,False
28,650.7304077148,-43.5205993652,5.6676001549,0,True,False,False,False,False,False
28,659.8572998047,-41.8813018799,5.1493000984,0,True,False,False,False,False,False
28,657.0880126953,-42.3059005737,5.454199791,0,True,False,False,False,False,False
28,658.7841186523,-41.818901062,5.3877000809,0,True,False,False,False,False,False
28,656.8728027344,-41.167098999,5.460100174,0,True,False,False,False,False,False
28,664.3596801758,-41.8941993713,5.5204000473,0,True,False,False,False,False,False
28,667.1088867188,-41.8400001526,5.258699894,0,True,False,False,False,False,False
28,670.1560058594,-41.2322006226,5.2617001534,0,True,False,False,False,False,False
28,672.0297851562,-41.0301017761,5.0753002167,0,True,False,False,False,False,False
28,674.8775024414,-41.814201355,5.4752998352,0,True,False,False,False,False,False
28,680.8469238281,-40.6156997681,5.0595002174,0,True,False,False,False,False,False
28,681.1968994141,-40.715801239,5.184899807,0,True,False,False,False,False,False
28,678.4093017578,-40.8143005371,5.1044998169,0,True,False,False,False,False,False
28,682.2039794922,-40.8777008057,4.9249000549,0,True,False,False,False,False,False
28,684.2396850586,-40.8572006226,5.2385001183,0,True,False,False,False,False,False
28,688.1224975586,-40.9063987732,5.0008997917,0,True,False,False,False,False,False
28,687.0531005859,-40.734500885,5.1508998871,0,True,False,False,False,False,False
28,693.2655029297,-40.890499115,4.993999958,0,True,False,False,False,False,False
28,692.4902954102,-40.214099884,4.9963002205,0,True,False,False,False,False,False
28,695.0827026367,-39.1721000671,4.9779000282,0,True,False,False,False,False,False
28,698.7584838867,-39.1179008484,4.959499836,0,True,False,False,False,False,False
28,700.9536743164,-40.4110984802,5.3793001175,0,True,False,False,False,False,False
28,698.489074707,-39.0379981995,5.1880002022,0,True,False,False,False,False,False
28,702.912109375,-39.3065986633,5.1258997917,0,True,False,False,False,False,False
28,707.9677124023,-39.7425003052,4.9040999413,0,True,False,False,False,False,False
28,706.7587890625,-39.170501709,5.1887998581,0,True,False,False,False,False,False
28,713.9733276367,-39.5539016724,5.3306999207,0,True,False,False,False,False,False
29,196.8751068115,-46.40650177,5.3944997787,0,True,True,False,False,False,False
29,209.8719024658,-46.8661994934,5.1824998856,0,True,True,False,False,False,False
29,213.5867004395,-46.2759017944,4.9025998116,0,True,True,False,False,False,False
29,225.1981964111,-46.0714988708,5.0401000977,0,True,True,False,False,False,False
29,231.7440032959,-45.7037010193,4.928800106,0,True,True,False,False,False,False
29,244.3289031982,-45.7498016357,5.1427001953,0,True,True,False,False,False,False
29,248.3381958008,-46.4943008423,5.2164001465,0,True,True,False,False,False,False
29,256.9512939453,-44.7829017639,5.0574998856,0,True,True,False,False,False,False
29,269.7659912109,-45.5181007385,5.269299984,0,True,True,False,False,False,False
29,269.9702148438,-44.6526985168,5.1524000168,0,True,True,False,False,False,False
29,284.0978088379,-45.8009986877,4.9576001167,0,True,True,False,False,False,False
29,288.953704834,-46.0167007446,5.5033998489,0,True,True,False,False,False,False
29,296.7766113281,-45.6257019043,5.2730998993,0,True,True,False,False,False,False
29,303.7060852051,-45.6847000122,5.2961997986,0,True,True,False,False,False,False
29,314.9094848633,-44.8884010315,5.3003997803,0,True,True,False,False,False,False
29,322.2620849609,-44.5035018921,5.3706998825,0,True,True,False,False,False,False
29,331.1965942383,-45.2742004395,5.053800106,0,True,True,False,False,False,False
29,335.7655029297,-44.8292007446,5.2130999565,0,True,True,False,False,False,False
29,340.2896118164,-44.878200531,4.8866000175,0,True,True,False,False,False,False
29,348.9013977051,-44.8256988525,5.2321000099,0,True,True,False,False,False,False
29,355.2052001953,-45.0735015869,5.4738998413,0,True,True,False,False,False,False
29,359.6950073242,-45.4625015259,4.8867001534,0,True,True,False,False,False,False
29,368.029510498,-45.2370986938,5.3594999313,0,True,True,False,False,False,False
29,377.3941955566,-45.5749015808,5.3404998779,0,True,True,False,False,False,False
29,383.279296875,-45.2723007202,5.0384998322,0,True,True,False,False,False,False
29,385.304901123,-44.3572006226,5.3366999626,0,True,True,False,False,False,False
29,393.884185791,-45.5497016907,5.4038000107,0,True,True,False,False,False,False
29,395.2622070312,-45.2019004822,5.1930999756,0,True,True,False,False,False,False
29,403.3692016602,-46.1613006592,5.2915000916,0,True,True,False,False,False,False
29,414.2922058105,-46.3384017944,5.2470002174,0,True,True,False,False,False,False
29,414.3799133301,-45.7355003357,4.9672999382,0,True,True,False,False,False,False
29,424.5956115723,-46.1495018005,5.5164999962,0,True,True,False,False,False,False
29,429.8929138184,-46.2542991638,5.1736998558,0,True,True,False,False,False,False
29,436.0028991699,-46.0130004883,5.2729997635,0,True,True,False,False,False,False
29,435.8894958496,-45.7988014221,5.2343001366,0,True,True,False,False,False,False
29,445.9710998535,-46.3128013611,5.0669999123,0,True,True,False,False,False,False
29,453.1989135742,-47.9126014709,5.2083997726,0,True,True,False,False,False,False
29,455.0544128418,-46.9019012451,4.9024000168,0,True,True,False,False,False,False
29,463.5180969238,-47.5824012756,5.1644001007,0,True,True,False,False,False,False
29,466.633605957,-47.5135002136,4.9759998322,0,True,True,False,False,False,False
29,472.5025939941,-47.4411010742,5.0037999153,0,True,True,False,False,False,False
29,478.1896972656,-47.8138008118,4.9373998642,0,True,True,False,False,False,False
29,485.9822998047,-47.8334007263,4.9513998032,0,True,True,False,False,False,False
29,488.1787109375,-47.6786994934,5.2305998802,0,True,True,False,False,False,False
29,490.5617980957,-48.4431991577,4.8171000481,0,True,True,False,False,False,False
29,501.7481079102,-48.7122001648,4.8877000809,0,True,True,False,False,False,False
29,503.2759094238,-49.3137016296,4.9581999779,0,True,True,False,False,False,False
29,507.1741027832,-48.3777008057,5.123000145,0,True,True,False,False,False,False
29,510.3446044922,-49.179599762,5.0040001869,0,True,True,False,False,False,False
29,515.0291137695,-49.728099823,4.8309001923,0,True,True,False,False,False,False
29,524.948425293,-48.8922996521,4.8312001228,0,True,True,False,False,False,False
29,524.8936767578,-49.8511009216,5.0696997643,0,True,True,False,False,False,False
29,528.712097168,-50.3375015259,4.8594999313,0,True,True,False,False,False,False
29,535.6088867188,-50.2332992554,5.1079001427,0,True,True,False,False,False,False
29,539.1151123047,-49.445400238,5.1132001877,0,True,True,False,False,False,False
29,542.7084960938,-50.9443016052,4.8498997688,0,True,False,False,False,False,False
29,547.4497070312,-50.46900177,4.9349999428,0,True,False,False,False,False,False
29,547.6621704102,-51.0069999695,4.3763999939,0,True,False,False,False,False,False
29,558.2587280273,-50.5603981018,4.5728998184,0,True,False,False,False,False,False
29,561.8829956055,-49.8255996704,4.7498002052,0,True,False,False,False,False,False
29,565.1909179688,-51.5354003906,4.8474998474,0,True,False,False,False,False,False
29,567.5880126953,-50.935798645,4.5946998596,0,True,False,False,False,False,False
29,568.0634765625,-50.5537986755,4.8754000664,0,True,False,False,False,False,False
29,574.3273925781,-50.4418983459,4.8438000679,0,True,False,False,False,False,False
29,578.2224731445,-51.1064987183,4.5666999817,0,True,False,False,False,False,False
29,584.3190917969,-50.8760986328,4.7789001465,0,True,False,False,False,False,False
29,584.6066894531,-51.1792984009,4.8217000961,0,True,False,False,False,False,False
29,590.065612793,-51.3292007446,4.698800087,0,True,False,False,False,False,False
29,595.8635864258,-51.03099823,4.7611999512,0,True,False,False,False,False,False
29,598.3399047852,-50.3251991272,4.6024999619,0,True,False,False,False,False,False
29,599.3695068359,-50.9212989807,4.328499794,0,True,False,False,False,False,False
29,598.2603149414,-50.9366989136,4.5968999863,0,True,False,False,False,False,False
29,604.5610961914,-50.1106987,4.6213002205,0,True,False,False,False,False,False
29,609.7517700195,-50.0634994507,4.5882000923,0,True,False,False,False,False,False
29,612.916015625,-50.3552017212,4.5880999565,0,True,False,False,False,False,False
29,618.9172973633,-50.979801178,4.5629000664,0,True,False,False,False,False,False
29,618.0336914062,-50.5332984924,4.5040001869,0,True,False,False,False,False,False
29,620.1547851562,-50.7150993347,4.4306998253,0,True,False,False,False,False,False
29,630.1248779297,-49.7523994446,4.4303002357,0,True,False,False,False,False,False
29,629.3397216797,-50.5696983337,4.5985999107,0,True,False,False,False,False,False
29,631.9772949219,-49.9721984863,4.4531002045,0,True,False,False,False,False,False
29,635.1638793945,-50.5915985107,4.3684000969,0,True,False,False,False,False,False
29,635.3455810547,-50.576499939,4.7171001434,0,True,False,False,False,False,False
29,642.2152099609,-49.6806983948,4.2465000153,0,True,False,False,False,False,False
29,643.1198730469,-49.5979003906,4.6055002213,0,True,False,False,False,False,False
29,645.1646118164,-49.6957015991,4.507900238,0,True,False,False,False,False,False
29,650.5765991211,-49.3771018982,4.4758000374,0,True,False,False,False,False,False
29,650.2302856445,-49.4100990295,4.2372999191,0,True,False,False,False,False,False
29,657.4691162109,-49.7307014465,4.5524001122,0,True,False,False,False,False,False
29,657.8046264648,-48.5337982178,4.4190998077,0,True,False,False,False,False,False
29,653.6431274414,-47.4444007874,4.2382001877,0,True,False,False,False,False,False
29,656.7473144531,-48.4770011902,4.5581998825,0,True,False,False,False,False,False
29,664.4052734375,-47.973400116,4.3555998802,0,True,False,False,False,False,False
29,665.1461181641,-48.834400177,4.43419981,0,True,False,False,False,False,False
29,669.3159790039,-47.2957000732,4.6592001915,0,True,False,False,False,False,False
29,671.1329956055,-47.3297996521,4.3706002235,0,True,False,False,False,False,False
29,673.0399169922,-46.943901062,4.2536001205,0,True,False,False,False,False,False
29,677.8441162109,-48.9023017883,4.3442001343,0,True,False,False,False,False,False
29,679.1904296875,-47.7990989685,4.1992001534,0,True,False,False,False,False,False
29,681.5651245117,-46.0374984741,4.0363998413,0,True,False,False,False,False,False
29,682.4490966797,-46.118598938,4.4677000046,0,True,False,False,False,False,False
29,685.7540283203,-46.4411010742,4.2189002037,0,True,False,False,False,False,False
29,684.9362182617,-45.8633003235,4.2962999344,0,True,False,False,False,False,False
29,692.3939819336,-45.9733009338,4.185500145,0,True,False,False,False,False,False
29,691.9284057617,-45.8363990784,4.4243001938,0,True,False,False,False,False,False
29,695.0338745117,-45.8152008057,4.4600000381,0,True,False,False,False,False,False
29,697.6162719727,-45.3460006714,4.2495999336,0,True,False,False,False,False,False
29,700.0258789062,-46.2627983093,4.102399826,0,True,False,False,False,False,False
29,699.4281005859,-45.4142990112,4.3621997833,0,True,False,False,False,False,False
29,702.6436767578,-45.7883987427,4.0030999184,0,True,False,False,False,False,False
29,706.3618774414,-45.9211997986,4.0120000839,0,True,False,False,False,False,False
29,709.7821044922,-45.2806015015,4.146299839,0,True,False,False,False,False,False
29,711.8107910156,-44.645401001,4.4766001701,0,True,False,False,False,False,False
29,707.6362304688,-45.1563987732,4.2673997879,0,True,False,False,False,False,False
29,713.9821166992,-44.9118003845,3.9630999565,0,True,False,False,False,False,False
30,200.1360931396,-57.6995010376,4.8330998421,0,True,True,False,False,False,False
30,207.6013031006,-57.4387016296,5.0735998154,0,True,True,False,False,False,False
30,214.5090942383,-57.0533981323,4.8295998573,0,True,True,False,False,False,False
30,227.1672058105,-57.0171012878,4.7873997688,0,True,True,False,False,False,False
30,232.0092926025,-56.7382011414,5.2241997719,0,True,True,False,False,False,False
30,238.1585998535,-56.1963005066,4.9967999458,0,True,True,False,False,False,False
30,245.4795074463,-56.9417991638,4.8221001625,0,True,True,False,False,False,False
30,252.8238067627,-56.6399993896,5.0936999321,0,True,True,False,False,False,False
30,259.8114013672,-56.6641998291,4.823800087,0,True,True,False,False,False,False
30,267.8297119141,-56.6836013794,4.8467998505,0,True,True,False,False,False,False
30,273.7016906738,-56.1399993896,4.956099987,0,True,True,False,False,False,False
30,288.0816955566,-55.6666984558,5.1370000839,0,True,True,False,False,False,False
30,290.0903930664,-57.0242996216,4.9214000702,0,True,True,False,False,False,False
30,297.0053100586,-56.3725013733,4.8681001663,0,True,True,False,False,False,False
30,299.7892150879,-55.7481002808,4.9040999413,0,True,True,False,False,False,False
30,307.3633117676,-55.0760002136,4.7126998901,0,True,True,False,False,False,False
30,315.5647888184,-56.2032012939,4.876999855,0,True,True,False,False,False,False
30,321.6311035156,-56.5525016785,5.0798001289,0,True,True,False,False,False,False
30,328.0812072754,-57.2240982056,4.7263998985,0,True,True,False,False,False,False
30,334.8168029785,-56.598400116,5.0968999863,0,True,True,False,False,False,False
30,341.5743103027,-56.2468986511,4.9239001274,0,True,True,False,False,False,False
30,346.7070922852,-56.3399009705,4.8087000847,0,True,True,False,False,False,False
30,351.8576965332,-56.8213005066,5.0103998184,0,True,True,False,False,False,False
30,359.5409851074,-56.4474983215,5.016600132,0,True,True,False,False,False,False
30,363.9938049316,-56.0250015259,5.1149997711,0,True,True,False,False,False,False
30,372.826385498,-55.3844985962,5.1462001801,0,True,True,False,False,False,False
30,376.6246948242,-57.1525993347,5.0652999878,0,True,True,False,False,False,False
30,380.2489013672,-57.2430992126,4.7617998123,0,True,True,False,False,False,False
30,385.6687927246,-56.8089981079,5.1539001465,0,True,True,False,False,False,False
30,394.7302856445,-56.5031013489,4.7442998886,0,True,True,False,False,False,False
30,398.4034118652,-56.5621986389,5.0803999901,0,True,True,False,False,False,False
30,402.1617126465,-56.3241996765,5.0110001564,0,True,True,False,False,False,False
30,404.3393859863,-57.4230995178,5.0114002228,0,True,True,False,False,False,False
30,413.6383056641,-57.6561012268,5.1680002213,0,True,True,False,False,False,False
30,419.2080993652,-57.5839004517,4.8222999573,0,True,True,False,False,False,False
30,425.6780090332,-56.6608009338,4.8263001442,0,True,True,False,False,False,False
30,430.5999145508,-58.0079994202,5.0426998138,0,True,True,False,False,False,False
30,436.5769958496,-58.0705986023,4.6700000763,0,True,True,False,False,False,False
30,439.4991149902,-58.3833007812,5.2171998024,0,True,True,False,False,False,False
30,444.8757019043,-58.2523994446,4.8808999062,0,True,True,False,False,False,False
30,448.7994995117,-58.3154983521,5.1194000244,0,True,True,False,False,False,False
30,452.6534118652,-58.5913009644,4.9272999763,0,True,True,False,False,False,False
30,454.4992980957,-59.2472991943,5.048500061,0,True,True,False,False,False,False
30,465.3151855469,-59.7431983948,4.9229998589,0,True,True,False,False,False,False
30,465.1261901855,-59.9249000549,4.9421000481,0,True,True,False,False,False,False
30,470.1655883789,-59.5661010742,4.8154001236,0,True,True,False,False,False,False
30,474.0429992676,-60.1557006836,4.8449001312,0,True,True,False,False,False,False
30,481.9426879883,-60.0168991089,4.828400135,0,True,True,False,False,False,False
30,482.9106140137,-59.1958007812,4.9175000191,0,True,True,False,False,False,False
30,486.7887878418,-60.8855018616,4.6374998093,0,True,True,False,False,False,False
30,494.4354858398,-61.0828018188,4.7129998207,0,True,True,False,False,False,False
30,496.9826049805,-60.6823005676,4.4800000191,0,True,True,False,False,False,False
30,501.9085083008,-60.3130989075,4.5099000931,0,True,True,False,False,False,False
30,505.4447937012,-60.9189987183,4.7442002296,0,True,True,False,False,False,False
30,508.6943969727,-60.9286994934,4.5641999245,0,True,True,False,False,False,False
30,508.0382995605,-61.1590003967,4.8125,0,True,True,False,False,False,False
30,513.733581543,-62.348400116,4.5395998955,0,True,True,False,False,False,False
30,517.1419067383,-61.8322982788,4.5574002266,0,True,True,False,False,False,False
30,528.0609130859,-60.6711006165,4.4819002151,0,True,True,False,False,False,False
30,526.3565063477,-61.6049003601,4.8805999756,0,True,True,False,False,False,False
30,528.5675048828,-62.043800354,4.6359000206,0,True,True,False,False,False,False
30,533.0208740234,-62.0812988281,4.63560009,0,True,True,False,False,False,False
30,534.9887695312,-62.1525001526,4.4611001015,0,True,True,False,False,False,False
30,539.3901977539,-61.6629981995,4.3786997795,0,True,True,False,False,False,False
30,542.487487793,-62.2723007202,4.6862001419,0,True,False,False,False,False,False
30,546.4227294922,-62.4791984558,4.511300087,0,True,False,False,False,False,False
30,551.2529296875,-63.0298995972,4.4566001892,0,True,False,False,False,False,False
30,552.7504882812,-62.1771011353,4.4977998734,0,True,False,False,False,False,False
30,556.6090698242,-61.4873008728,4.4664001465,0,True,False,False,False,False,False
30,559.334777832,-62.0405006409,4.3624000549,0,True,False,False,False,False,False
30,561.2172851562,-62.1161994934,4.3857002258,0,True,False,False,False,False,False
30,564.2456054688,-61.6100006104,4.5640001297,0,True,False,False,False,False,False
30,567.8262939453,-62.0121002197,4.2119002342,0,True,False,False,False,False,False
30,574.3931884766,-61.0808982849,4.2877998352,0,True,False,False,False,False,False
30,571.9097290039,-61.9785995483,4.1757998466,0,True,False,False,False,False,False
30,575.9202270508,-61.8572998047,4.4397997856,0,True,False,False,False,False,False
30,579.9074707031,-62.1719017029,4.1993999481,0,True,False,False,False,False,False
30,581.6857299805,-62.3037986755,4.5840001106,0,True,False,False,False,False,False
30,585.2052001953,-61.6537017822,4.2884998322,0,True,False,False,False,False,False
30,587.8209228516,-61.7831993103,4.0194001198,0,True,False,False,False,False,False
30,588.0972900391,-61.2136001587,4.3029999733,0,True,False,False,False,False,False
30,590.0642700195,-61.961101532,4.3399000168,0,True,False,False,False,False,False
30,597.2128295898,-59.9076004028,4.3162999153,0,True,False,False,False,False,False
30,597.3510131836,-60.8848991394,3.9467000961,0,True,False,False,False,False,False
30,601.2734985352,-60.9404983521,4.3337001801,0,True,False,False,False,False,False
30,604.0068969727,-60.6175994873,4.1504998207,0,True,False,False,False,False,False
30,605.4423828125,-60.7039985657,4.043900013,0,True,False,False,False,False,False
30,605.4144287109,-59.9528999329,4.3850002289,0,True,False,False,False,False,False
30,609.2825927734,-59.64220047,4.1371998787,0,True,False,False,False,False,False
30,612.4240112305,-60.2247009277,4.2782001495,0,True,False,False,False,False,False
30,615.0407714844,-59.4291000366,4.2115001678,0,True,False,False,False,False,False
30,617.3240966797,-60.0041007996,3.9616999626,0,True,False,False,False,False,False
30,618.4053955078,-59.2416992188,4.1886000633,0,True,False,False,False,False,False
30,622.3759765625,-59.7150993347,3.9477000237,0,True,False,False,False,False,False
30,623.1414794922,-58.5881996155,4.0426998138,0,True,False,False,False,False,False
30,621.9633789062,-57.9665985107,4.1500000954,0,True,False,False,False,False,False
30,631.022277832,-58.5519981384,4.3629999161,0,True,False,False,False,False,False
30,635.0037231445,-57.8582000732,3.9756999016,0,True,False,False,False,False,False
30,628.8701782227,-57.5365982056,4.2263998985,0,True,False,False,False,False,False
30,639.5438232422,-57.7062988281,3.9342000484,0,True,False,False,False,False,False
30,635.3688964844,-58.2196006775,3.9219999313,0,True,False,False,False,False,False
30,641.1068115234,-57.4971008301,4.1055002213,0,True,False,False,False,False,False
30,641.5061035156,-57.9413986206,3.9439001083,0,True,False,False,False,False,False
30,642.5764770508,-57.8093986511,4.2073998451,0,True,False,False,False,False,False
30,642.232421875,-57.6329994202,3.984400034,0,True,False,False,False,False,False
30,647.6243286133,-57.246799469,3.9663999081,0,True,False,False,False,False,False
30,649.2208862305,-57.1447982788,3.9463000298,0,True,False,False,False,False,False
30,649.9830932617,-56.224899292,3.7701001167,0,True,False,False,False,False,False
30,650.6472167969,-57.0271987915,3.9191000462,0,True,False,False,False,False,False
30,656.0640258789,-56.2204017639,3.845099926,0,True,False,False,False,False,False
30,655.3278198242,-56.8703994751,3.7974998951,0,True,False,False,False,False,False
30,658.9263916016,-56.4075012207,3.8164999485,0,True,False,False,False,False,False
30,660.8222045898,-56.3689994812,3.7808001041,0,True,False,False,False,False,False
30,664.2910766602,-56.1666984558,4.3586001396,0,True,False,False,False,False,False
30,667.7025146484,-56.2276000977,3.8914000988,0,True,False,False,False,False,False
30,668.4840698242,-56.4972000122,4.0882000923,0,True,False,False,False,False,False
30,668.1284179688,-57.3759994507,3.8638000488,0,True,False,False,False,False,False
30,672.9514160156,-56.4398994446,4.0184998512,0,True,False,False,False,False,False
30,671.0241088867,-56.1722984314,4.0058999062,0,True,False,False,False,False,False
30,674.6484985352,-56.1753005981,4.1188998222,0,True,False,False,False,False,False
30,679.0961303711,-56.2792015076,4.2709999084,0,True,False,False,False,False,False
30,679.3043823242,-56.6903991699,3.6289999485,0,True,False,False,False,False,False
30,679.8128051758,-55.9771003723,3.9347000122,0,True,False,False,False,False,False
30,683.2128295898,-56.8772010803,3.9927000999,0,True,False,False,False,False,False
30,682.9437255859,-55.5433006287,3.7425000668,0,True,False,False,False,False,False
30,681.9227905273,-55.962600708,3.9402000904,0,True,False,False,False,False,False
30,686.8265991211,-56.2837982178,3.8991999626,0,True,False,False,False,False,False
30,690.5490112305,-57.1581993103,4.0208001137,0,True,False,False,False,False,False
30,693.6185302734,-56.7877006531,3.9339001179,0,True,False,False,False,False,False
30,688.4628295898,-56.8834991455,4.1380000114,0,True,False,False,False,False,False
30,695.1951904297,-57.1853981018,4.1784000397,0,True,False,False,False,False,False
30,696.0181274414,-57.4267997742,3.842799902,0,True,False,False,False,False,False
30,697.1810302734,-56.7775993347,3.9823999405,0,True,False,False,False,False,False
30,699.7583007812,-56.5931015015,4.4538998604,0,True,False,False,False,False,False
30,700.3383178711,-58.3571014404,3.993999958,0,True,False,False,False,False,False
30,700.4265136719,-57.8074989319,4.0833997726,0,True,False,False,False,False,False
30,703.8068847656,-58.6873016357,4.1093001366,0,True,False,False,False,False,False
30,702.2664794922,-57.7221984863,4.2624001503,0,True,False,False,False,False,False
30,705.3662719727,-57.8620986938,4.2343001366,0,True,False,False,False,False,False
30,707.2415161133,-57.0377998352,3.7451000214,0,True,False,False,False,False,False
30,711.2089233398,-58.8218994141,4.0341000557,0,True,False,False,False,False,False
30,710.0061035156,-58.0004997253,3.9883000851,0,True,False,False,False,False,False
30,712.0388183594,-59.0374984741,4.0534000397,0,True,False,False,False,False,False
30,712.834777832,-59.8012008667,4.0908999443,0,True,False,False,False,False,False
31,200.1417999268,-56.9364013672,6.0580000877,0,True,True,False,False,False,False
31,206.0986938477,-56.9555015564,5.6876001358,0,True,True,False,False,False,False
31,216.0901947021,-56.5984992981,5.6665000916,0,True,True,False,False,False,False
31,223.2162017822,-56.1268005371,5.703400135,0,True,True,False,False,False,False
31,232.3834075928,-55.6152992249,5.7339000702,0,True,True,False,False,False,False
31,240.1889038086,-55.5539016724,5.7119998932,0,True,True,False,False,False,False
31,243.9284057617,-55.5229988098,5.9805998802,0,True,True,False,False,False,False
31,257.2744140625,-56.273399353,5.579100132,0,True,True,False,False,False,False
31,262.9049072266,-55.8120002747,5.6633000374,0,True,True,False,False,False,False
31,269.7373046875,-55.7304000854,6.0276999474,0,True,True,False,False,False,False
31,276.7326049805,-55.3179016113,5.6244997978,0,True,True,False,False,False,False
31,286.8810119629,-55.8760986328,5.7747998238,0,True,True,False,False,False,False
31,290.811706543,-55.1679000854,5.8060002327,0,True,True,False,False,False,False
31,296.9714050293,-55.3777008057,5.9137997627,0,True,True,False,False,False,False
31,303.5815124512,-55.1180000305,5.7625999451,0,True,True,False,False,False,False
31,310.2857055664,-55.9016990662,5.5654997826,0,True,True,False,False,False,False
31,317.5105895996,-55.4692993164,5.738699913,0,True,True,False,False,False,False
31,328.1229858398,-55.354801178,5.6897001266,0,True,True,False,False,False,False
31,333.05859375,-54.7561988831,5.7743000984,0,True,True,False,False,False,False
31,339.4267883301,-55.4066009521,5.9176001549,0,True,True,False,False,False,False
31,351.0452880859,-55.9715003967,5.619699955,0,True,True,False,False,False,False
31,352.4841003418,-55.5166015625,6.0961999893,0,True,True,False,False,False,False
31,358.513092041,-55.5685997009,5.8975000381,0,True,True,False,False,False,False
31,363.2665100098,-56.1916999817,5.791200161,0,True,True,False,False,False,False
31,374.4660949707,-55.2341003418,5.7891001701,0,True,True,False,False,False,False
31,375.2355957031,-56.3325004578,5.8361001015,0,True,True,False,False,False,False
31,384.2980041504,-55.4467010498,5.7465000153,0,True,True,False,False,False,False
31,387.3229064941,-56.2061004639,5.9316000938,0,True,True,False,False,False,False
31,395.296295166,-56.2770996094,5.7195000648,0,True,True,False,False,False,False
31,401.8800048828,-56.9584999084,5.4060997963,0,True,True,False,False,False,False
31,405.0895996094,-56.6115989685,5.6847000122,0,True,True,False,False,False,False
31,412.2619934082,-56.6337013245,5.7080998421,0,True,True,False,False,False,False
31,414.6921081543,-56.6538009644,5.7133002281,0,True,True,False,False,False,False
31,423.808013916,-56.6203994751,5.5612001419,0,True,True,False,False,False,False
31,429.7008056641,-56.5098991394,5.6845002174,0,True,True,False,False,False,False
31,431.3391113281,-56.7767982483,5.7088999748,0,True,True,False,False,False,False
31,439.2593994141,-57.5773010254,5.8165998459,0,True,True,False,False,False,False
31,442.0484924316,-58.17029953,5.5755000114,0,True,True,False,False,False,False
31,446.820098877,-57.037399292,5.6226000786,0,True,True,False,False,False,False
31,453.7663879395,-58.165599823,5.5904998779,0,True,True,False,False,False,False
31,459.2074890137,-57.8824996948,5.7088999748,0,True,True,False,False,False,False
31,464.841003418,-57.4732017517,5.6856999397,0,True,True,False,False,False,False
31,467.1918029785,-57.8112983704,5.2803001404,0,True,True,False,False,False,False
31,471.3528137207,-58.3558006287,5.5552000999,0,True,True,False,False,False,False
31,480.0082092285,-58.6880989075,5.7539000511,0,True,True,False,False,False,False
31,481.9010925293,-58.1995010376,5.3186001778,0,True,True,False,False,False,False
31,483.9067077637,-59.0783996582,5.6360001564,0,True,True,False,False,False,False
31,489.5252075195,-59.2718009949,5.6133999825,0,True,True,False,False,False,False
31,494.5921936035,-59.3331985474,5.5178999901,0,True,True,False,False,False,False
31,498.6387939453,-59.9393997192,5.7224998474,0,True,True,False,False,False,False
31,503.7626037598,-60.7051010132,5.475399971,0,True,True,False,False,False,False
31,510.0181884766,-60.6463012695,5.4223999977,0,True,True,False,False,False,False
31,508.3440856934,-59.6605987549,5.5223999023,0,True,True,False,False,False,False
31,515.212097168,-60.0839996338,5.5482001305,0,True,True,False,False,False,False
31,518.3927001953,-59.8597984314,5.4762001038,0,True,True,False,False,False,False
31,523.6461791992,-60.3978996277,5.5064001083,0,True,True,False,False,False,False
31,525.4468994141,-60.4970016479,5.309899807,0,True,True,False,False,False,False
31,530.3239135742,-59.9715995789,5.567800045,0,True,True,False,False,False,False
31,537.2694702148,-60.7332000732,5.4517998695,0,True,True,False,False,False,False
31,538.4526977539,-61.6114006042,5.2291998863,0,True,True,False,False,False,False
31,540.8726196289,-60.6230010986,5.3392000198,0,True,False,False,False,False,False
31,545.4732055664,-61.7523002625,5.5873999596,0,True,False,False,False,False,False
31,548.8098754883,-61.4558982849,5.4217000008,0,True,False,False,False,False,False
31,555.4500732422,-60.7304992676,5.345099926,0,True,False,False,False,False,False
31,555.7770996094,-61.84400177,5.2326998711,0,True,False,False,False,False,False
31,557.008972168,-62.359500885,5.446199894,0,True,False,False,False,False,False
31,565.9658813477,-62.2270011902,5.0799999237,0,True,False,False,False,False,False
31,565.1174926758,-61.6507987976,5.2399001122,0,True,False,False,False,False,False
31,571.6904296875,-62.0530014038,5.4303998947,0,True,False,False,False,False,False
31,575.5635986328,-61.2714004517,5.2694997787,0,True,False,False,False,False,False
31,576.5930786133,-61.7378005981,4.9692001343,0,True,False,False,False,False,False
31,580.3513183594,-60.6875991821,5.1993999481,0,True,False,False,False,False,False
31,585.0327758789,-61.0427017212,5.2498998642,0,True,False,False,False,False,False
31,586.5812988281,-61.0778999329,5.2013998032,0,True,False,False,False,False,False
31,589.7974243164,-61.1767997742,5.2706999779,0,True,False,False,False,False,False
31,589.1763916016,-61.2983016968,5.0953998566,0,True,False,False,False,False,False
31,598.4592285156,-60.995300293,5.3073000908,0,True,False,False,False,False,False
31,600.0653076172,-61.2927017212,5.2272000313,0,True,False,False,False,False,False
31,599.5194091797,-60.0138015747,5.2762999535,0,True,False,False,False,False,False
31,606.0709838867,-60.3349990845,5.1353998184,0,True,False,False,False,False,False
31,606.6641845703,-61.0046005249,4.9997000694,0,True,False,False,False,False,False
31,607.5812988281,-60.0273017883,5.3137001991,0,True,False,False,False,False,False
31,615.0427856445,-59.5901985168,5.0524001122,0,True,False,False,False,False,False
31,615.6716918945,-59.9859008789,5.0124998093,0,True,False,False,False,False,False
31,616.4619140625,-59.7621002197,4.9184999466,0,True,False,False,False,False,False
31,617.7244873047,-60.1054992676,5.2417998314,0,True,False,False,False,False,False
31,619.4373168945,-59.9891014099,5.0380001068,0,True,False,False,False,False,False
31,625.739074707,-58.9886016846,4.8200998306,0,True,False,False,False,False,False
31,622.3607177734,-59.2882995605,4.9144001007,0,True,False,False,False,False,False
31,630.0852050781,-58.8867988586,5.1637997627,0,True,False,False,False,False,False
31,633.8475952148,-59.0065994263,5.0138001442,0,True,False,False,False,False,False
31,633.0913085938,-58.6525001526,4.8727002144,0,True,False,False,False,False,False
31,637.2147827148,-58.6010017395,4.7567000389,0,True,False,False,False,False,False
31,637.3225097656,-58.0399017334,4.6262001991,0,True,False,False,False,False,False
31,641.1276855469,-57.5643997192,5.1908998489,0,True,False,False,False,False,False
31,644.1533203125,-57.2714004517,4.8372998238,0,True,False,False,False,False,False
31,648.2501831055,-58.4458999634,4.6132001877,0,True,False,False,False,False,False
31,651.9895019531,-57.6879005432,4.9225001335,0,True,False,False,False,False,False
31,648.9893188477,-57.2708015442,5.2150998116,0,True,False,False,False,False,False
31,652.500793457,-57.5461006165,4.8102002144,0,True,False,False,False,False,False
31,654.2155761719,-58.0960998535,5.0029997826,0,True,False,False,False,False,False
31,656.5430297852,-55.9245986938,5.0074000359,0,True,False,False,False,False,False
31,659.2999267578,-56.6258010864,4.8656997681,0,True,False,False,False,False,False
31,663.0548095703,-56.0556983948,4.8386998177,0,True,False,False,False,False,False
31,662.5819702148,-56.4640007019,4.7343001366,0,True,False,False,False,False,False
31,667.6456298828,-55.7610015869,4.7631998062,0,True,False,False,False,False,False
31,667.8724975586,-56.9922981262,5.0037999153,0,True,False,False,False,False,False
31,667.9055786133,-55.4561004639,4.7975997925,0,True,False,False,False,False,False
31,676.0516967773,-56.0409011841,4.8242001534,0,True,False,False,False,False,False
31,676.4442749023,-55.4893989563,4.961400032,0,True,False,False,False,False,False
31,676.7006225586,-56.1021003723,4.7989001274,0,True,False,False,False,False,False
31,679.9522094727,-55.5101013184,4.7557997704,0,True,False,False,False,False,False
31,680.1212768555,-55.90650177,4.7890000343,0,True,False,False,False,False,False
31,681.9497070312,-56.5339012146,5.0472998619,0,True,False,False,False,False,False
31,682.8258056641,-55.5959014893,4.7449998856,0,True,False,False,False,False,False
31,684.4890136719,-55.3264007568,5.2638001442,0,True,False,False,False,False,False
31,685.2365112305,-54.956199646,4.4228000641,0,True,False,False,False,False,False
31,690.2188720703,-55.0942993164,4.7936000824,0,True,False,False,False,False,False
31,686.9616699219,-56.7293014526,5.043200016,0,True,False,False,False,False,False
31,693.7072753906,-55.573299408,5.0819997787,0,True,False,False,False,False,False
31,696.9205932617,-55.3452987671,4.6722002029,0,True,False,False,False,False,False
31,699.9357299805,-55.8291015625,4.9510002136,0,True,False,False,False,False,False
31,700.4437866211,-55.4957008362,4.7425999641,0,True,False,False,False,False,False
31,703.6207275391,-55.1586990356,4.9934000969,0,True,False,False,False,False,False
31,700.383605957,-56.4805984497,4.7744002342,0,True,False,False,False,False,False
31,700.1923217773,-55.7952003479,4.8126997948,0,True,False,False,False,False,False
31,711.637512207,-56.2924995422,4.6806001663,0,True,False,False,False,False,False
31,708.3909912109,-55.3185997009,4.7013998032,0,True,False,False,False,False,False
31,708.8635864258,-56.2442016602,4.7172999382,0,True,False,False,False,False,False
31,710.9671020508,-56.2411003113,5.0190000534,0,True,False,False,False,False,False
31,713.8897705078,-55.4222984314,4.9407000542,0,True,False,False,False,False,False
32,199.4685058594,-43.39220047,5.8928999901,0,True,True,False,False,False,False
32,209.12890625,-42.8231010437,5.8864002228,0,True,True,False,False,False,False
32,217.2512054443,-44.0497016907,5.9256000519,0,True,True,False,False,False,False
32,225.7203979492,-43.832698822,5.9296998978,0,True,True,False,False,False,False
32,232.3197937012,-43.6417999268,5.6823000908,0,True,True,False,False,False,False
32,238.8997955322,-43.0635986328,5.8411002159,0,True,True,False,False,False,False
32,248.2434997559,-42.0836982727,6.1463999748,0,True,True,False,False,False,False
32,256.5805969238,-42.7391014099,6.0314002037,0,True,True,False,False,False,False
32,261.6908874512,-43.0377998352,6.2350001335,0,True,True,False,False,False,False
32,270.3272094727,-42.1133995056,6.0102000237,0,True,True,False,False,False,False
32,279.3120117188,-42.1661987305,6.0173001289,0,True,True,False,False,False,False
32,282.2760925293,-42.5760993958,5.7887001038,0,True,True,False,False,False,False
32,285.9303894043,-42.5220985413,6.0097999573,0,True,True,False,False,False,False
32,300.0773925781,-41.6158981323,6.168200016,0,True,True,False,False,False,False
32,304.7240905762,-40.8740005493,5.9267001152,0,True,True,False,False,False,False
32,312.5658874512,-42.2904014587,5.8509001732,0,True,True,False,False,False,False
32,319.1263122559,-42.1962013245,6.2522997856,0,True,True,False,False,False,False
32,327.4472045898,-41.1745986938,6.0300002098,0,True,True,False,False,False,False
32,329.9023132324,-42.2332000732,6.0036001205,0,True,True,False,False,False,False
32,338.6520080566,-42.2966995239,6.1557002068,0,True,True,False,False,False,False
32,344.5212097168,-42.677898407,6.1694998741,0,True,True,False,False,False,False
32,352.0570068359,-42.0148010254,6.1863999367,0,True,True,False,False,False,False
32,358.0837097168,-41.6874008179,5.8754000664,0,True,True,False,False,False,False
32,364.8576049805,-43.1851005554,5.9225997925,0,True,True,False,False,False,False
32,370.4501953125,-41.5947990417,5.9622001648,0,True,True,False,False,False,False
32,373.7835083008,-42.0843009949,5.7990999222,0,True,True,False,False,False,False
32,384.8299865723,-42.9991989136,6.1283998489,0,True,True,False,False,False,False
32,391.2103881836,-42.3278999329,6.1652998924,0,True,True,False,False,False,False
32,392.0090942383,-42.226600647,5.6396999359,0,True,True,False,False,False,False
32,396.6971130371,-42.760799408,6.0819997787,0,True,True,False,False,False,False
32,403.4869995117,-43.2002983093,5.9632000923,0,True,True,False,False,False,False
32,408.2943115234,-42.8205986023,5.9225001335,0,True,True,False,False,False,False
32,416.2237854004,-43.4631996155,6.1307997704,0,True,True,False,False,False,False
32,418.7470092773,-44.6241989136,5.9882001877,0,True,True,False,False,False,False
32,421.6010131836,-42.8731002808,5.9313998222,0,True,True,False,False,False,False
32,430.2807006836,-43.0101013184,5.9278998375,0,True,True,False,False,False,False
32,435.2196044922,-43.9893989563,5.840400219,0,True,True,False,False,False,False
32,443.7373046875,-44.1007995605,6.0064997673,0,True,True,False,False,False,False
32,447.9292907715,-44.0783996582,5.9429001808,0,True,True,False,False,False,False
32,454.3346862793,-44.4772987366,5.9458999634,0,True,True,False,False,False,False
32,456.9462890625,-44.1902999878,5.8716001511,0,True,True,False,False,False,False
32,460.0163879395,-45.2145996094,5.619699955,0,True,True,False,False,False,False
32,466.821685791,-44.9812011719,6.2877001762,0,True,True,False,False,False,False
32,472.0501098633,-46.4771995544,5.8898000717,0,True,True,False,False,False,False
32,475.1180114746,-45.1263999939,5.8171000481,0,True,True,False,False,False,False
32,477.0291137695,-45.0125999451,6.1504998207,0,True,True,False,False,False,False
32,485.3515930176,-45.9277992249,5.7955999374,0,True,True,False,False,False,False
32,488.6913146973,-45.3629989624,5.8541002274,0,True,True,False,False,False,False
32,491.1680908203,-45.8905982971,5.9225997925,0,True,True,False,False,False,False
32,495.4690856934,-45.7299995422,5.7758998871,0,True,True,False,False,False,False
32,501.6028137207,-47.0514984131,5.7175002098,0,True,True,False,False,False,False
32,502.2572021484,-47.298500061,5.9106998444,0,True,True,False,False,False,False
32,505.6568908691,-46.3441009521,5.8468999863,0,True,True,False,False,False,False
32,513.3811035156,-46.6614990234,5.7428002357,0,True,True,False,False,False,False
32,515.1864013672,-46.9697990417,5.4254999161,0,True,True,False,False,False,False
32,522.4951782227,-47.3550987244,5.6683998108,0,True,True,False,False,False,False
32,525.6635131836,-47.0750999451,5.7435002327,0,True,True,False,False,False,False
32,527.5322265625,-48.0360984802,5.7392997742,0,True,True,False,False,False,False
32,531.8983154297,-47.5825004578,5.8491997719,0,True,True,False,False,False,False
32,534.9962158203,-47.4566993713,5.7781000137,0,True,True,False,False,False,False
32,539.6213989258,-48.7319984436,5.585100174,0,True,True,False,False,False,False
32,540.3535766602,-47.6517982483,5.6291999817,0,True,True,False,False,False,False
32,548.5623168945,-48.5301017761,5.6616001129,0,True,False,False,False,False,False
32,548.1610107422,-48.4296989441,5.772600174,0,True,False,False,False,False,False
32,552.5432128906,-47.3785018921,5.516699791,0,True,False,False,False,False,False
32,555.9473876953,-47.6962013245,5.7424998283,0,True,False,False,False,False,False
32,563.6497802734,-48.3843002319,5.5668997765,0,True,False,False,False,False,False
32,566.5189819336,-47.7394981384,5.5216999054,0,True,False,False,False,False,False
32,565.5628051758,-47.7513008118,5.6105999947,0,True,False,False,False,False,False
32,571.2860107422,-48.3807983398,5.6279997826,0,True,False,False,False,False,False
32,573.5114746094,-47.1790008545,5.5195999146,0,True,False,False,False,False,False
32,578.6079101562,-47.8245010376,5.516600132,0,True,False,False,False,False,False
32,580.4766235352,-47.7878990173,5.5802001953,0,True,False,False,False,False,False
32,583.3666992188,-47.8302001953,5.4236001968,0,True,False,False,False,False,False
32,585.9749145508,-47.9225997925,5.5531001091,0,True,False,False,False,False,False
32,585.9462280273,-46.8768997192,5.2548999786,0,True,False,False,False,False,False
32,592.2213745117,-46.7075996399,5.0609002113,0,True,False,False,False,False,False
32,594.1801757812,-48.0121994019,5.5198998451,0,True,False,False,False,False,False
32,592.5634155273,-47.4650993347,5.2684998512,0,True,False,False,False,False,False
32,599.5072021484,-48.2658996582,5.1673998833,0,True,False,False,False,False,False
32,603.8800048828,-46.2979011536,5.4148001671,0,True,False,False,False,False,False
32,605.9019775391,-46.4291000366,5.4682002068,0,True,False,False,False,False,False
32,611.2478027344,-45.4849014282,5.1301999092,0,True,False,False,False,False,False
32,610.4440917969,-47.1305999756,5.3660001755,0,True,False,False,False,False,False
32,612.4130249023,-46.153301239,5.5461997986,0,True,False,False,False,False,False
32,619.5700073242,-46.1558990479,5.445499897,0,True,False,False,False,False,False
32,618.5424804688,-46.4100990295,5.0769000053,0,True,False,False,False,False,False
32,623.5369873047,-46.0570983887,5.2080998421,0,True,False,False,False,False,False
32,623.9647216797,-45.9216003418,5.2105998993,0,True,False,False,False,False,False
32,628.1218261719,-45.4869003296,5.2019000053,0,True,False,False,False,False,False
32,626.8239746094,-45.4748001099,5.3148999214,0,True,False,False,False,False,False
32,631.6470947266,-45.8345985413,5.3070001602,0,True,False,False,False,False,False
32,633.4331054688,-44.4761009216,5.1252999306,0,True,False,False,False,False,False
32,631.6696166992,-45.6912002563,5.2119002342,0,True,False,False,False,False,False
32,639.1975097656,-44.5038986206,5.1434001923,0,True,False,False,False,False,False
32,639.6254272461,-44.1531982422,5.0117998123,0,True,False,False,False,False,False
32,641.3176879883,-44.3100013733,5.2737002373,0,True,False,False,False,False,False
32,644.4739990234,-43.7893981934,5.1142997742,0,True,False,False,False,False,False
32,643.4188842773,-44.4771995544,5.0967001915,0,True,False,False,False,False,False
32,648.5327758789,-42.870300293,5.1413998604,0,True,False,False,False,False,False
32,649.7553100586,-42.8987007141,5.2347998619,0,True,False,False,False,False,False
32,655.0368041992,-44.2328987122,5.1606998444,0,True,False,False,False,False,False
32,657.2974853516,-43.4704017639,5.170899868,0,True,False,False,False,False,False
32,657.7927246094,-42.0676994324,5.0490999222,0,True,False,False,False,False,False
32,659.6604003906,-43.4800987244,4.9166002274,0,True,False,False,False,False,False
32,661.6309204102,-42.7910995483,5.1354999542,0,True,False,False,False,False,False
32,662.9102172852,-42.6430015564,4.9835000038,0,True,False,False,False,False,False
32,663.7312011719,-42.0782012939,5.0675001144,0,True,False,False,False,False,False
32,665.25,-42.829498291,4.835100174,0,True,False,False,False,False,False
32,671.5989990234,-41.4714012146,5.0935997963,0,True,False,False,False,False,False
32,673.3422851562,-42.054901123,5.0676999092,0,True,False,False,False,False,False
32,673.1635131836,-42.6539993286,5.0001997948,0,True,False,False,False,False,False
32,674.8032226562,-42.1783981323,5.0338997841,0,True,False,False,False,False,False
32,677.4813232422,-41.2718009949,5.0008997917,0,True,False,False,False,False,False
32,677.6937255859,-42.1287994385,5.1823000908,0,True,False,False,False,False,False
32,681.3936157227,-41.8707008362,4.9008002281,0,True,False,False,False,False,False
32,685.4234008789,-41.6763000488,5.0061998367,0,True,False,False,False,False,False
32,686.3203125,-41.1017990112,5.0426998138,0,True,False,False,False,False,False
32,687.378112793,-41.6674003601,4.9159998894,0,True,False,False,False,False,False
32,693.5640869141,-42.2611999512,4.856400013,0,True,False,False,False,False,False
32,689.5260009766,-41.412399292,5.1122999191,0,True,False,False,False,False,False
32,694.5009765625,-41.5301017761,4.8576998711,0,True,False,False,False,False,False
32,694.9252929688,-42.307800293,5.0190000534,0,True,False,False,False,False,False
32,697.2639160156,-42.5728988647,4.8818998337,0,True,False,False,False,False,False
32,698.5386962891,-41.5092010498,5.1441998482,0,True,False,False,False,False,False
32,701.6237792969,-41.332698822,4.8365998268,0,True,False,False,False,False,False
32,701.4694824219,-42.7326011658,4.969399929,0,True,False,False,False,False,False
32,701.9600219727,-43.1052017212,4.9688000679,0,True,False,False,False,False,False
32,707.0822753906,-43.1516990662,4.9506001472,0,True,False,False,False,False,False
32,707.8574829102,-42.3414993286,5.1455998421,0,True,False,False,False,False,False
32,710.145324707,-43.0373001099,4.9952001572,0,True,False,False,False,False,False
32,706.6276245117,-43.4914016724,5.2657999992,0,True,False,False,False,False,False
32,712.0449829102,-43.2360992432,4.8171000481,0,True,False,False,False,False,False
32,711.1834716797,-43.0143013,5.1648001671,0,True,False,False,False,False,False
33,201.9201965332,-39.6649017334,4.7525000572,0,True,True,False,False,False,False
33,206.0921936035,-40.4809989929,4.8323001862,0,True,True,False,False,False,False
33,215.5128936768,-40.0565986633,4.9675998688,0,True,True,False,False,False,False
33,222.1849060059,-38.5665016174,4.9468998909,0,True,True,False,False,False,False
33,231.0117034912,-40.0765991211,5.0048999786,0,True,True,False,False,False,False
33,239.7682037354,-39.4072990417,4.9539999962,0,True,True,False,False,False,False
33,245.5413970947,-39.4187011719,4.9794998169,0,True,True,False,False,False,False
33,255.7252960205,-39.96849823,4.8207001686,0,True,True,False,False,False,False
33,259.0476074219,-38.6352996826,4.8805999756,0,True,True,False,False,False,False
33,267.7861938477,-39.3377990723,5.1662998199,0,True,True,False,False,False,False
33,276.5828857422,-38.6646995544,4.7335000038,0,True,True,False,False,False,False
33,282.5094909668,-38.5862007141,5.2143998146,0,True,True,False,False,False,False
33,296.3027038574,-39.7990989685,4.8474998474,0,True,True,False,False,False,False
33,297.9938049316,-38.797000885,4.7645998001,0,True,True,False,False,False,False
33,304.3096008301,-39.8390007019,4.8003001213,0,True,True,False,False,False,False
33,310.4189147949,-39.5886001587,4.8854999542,0,True,True,False,False,False,False
33,318.8070983887,-38.6417007446,5.1009998322,0,True,True,False,False,False,False
33,323.7851867676,-38.8227996826,4.8782000542,0,True,True,False,False,False,False
33,329.6969909668,-38.8502006531,4.882900238,0,True,True,False,False,False,False
33,335.9562988281,-39.4583015442,5.1034998894,0,True,True,False,False,False,False
33,344.1926879883,-38.4001998901,5.2978000641,0,True,True,False,False,False,False
33,348.9357910156,-38.7971000671,4.7706999779,0,True,True,False,False,False,False
33,358.7685852051,-40.0983009338,5.0332999229,0,True,True,False,False,False,False
33,360.6863098145,-38.8134002686,5.0777001381,0,True,True,False,False,False,False
33,369.3443908691,-39.2664985657,5.1800999641,0,True,True,False,False,False,False
33,373.641204834,-39.2346992493,5.1482000351,0,True,True,False,False,False,False
33,379.8981933594,-38.8858985901,4.7375001907,0,True,True,False,False,False,False
33,384.9776916504,-39.1797981262,5.1156997681,0,True,True,False,False,False,False
33,388.1708068848,-39.509601593,4.8878002167,0,True,True,False,False,False,False
33,397.6306152344,-39.7753982544,4.7178997993,0,True,True,False,False,False,False
33,401.2665100098,-40.2546005249,4.7681999207,0,True,True,False,False,False,False
33,409.6726989746,-39.797000885,4.8436999321,0,True,True,False,False,False,False
33,415.2835998535,-40.4263000488,4.8386001587,0,True,True,False,False,False,False
33,416.1554870605,-40.112701416,5.0076999664,0,True,True,False,False,False,False
33,425.4403076172,-39.9914016724,4.8369002342,0,True,True,False,False,False,False
33,432.3544921875,-39.6453018188,4.7353000641,0,True,True,False,False,False,False
33,432.9317016602,-40.6271018982,4.9119000435,0,True,True,False,False,False,False
33,439.3154907227,-41.1342010498,5.1339998245,0,True,True,False,False,False,False
33,447.4021911621,-41.3236999512,4.7908000946,0,True,True,False,False,False,False
33,454.0120849609,-42.2602005005,5.0328001976,0,True,True,False,False,False,False
33,454.9436950684,-41.2257003784,4.8179001808,0,True,True,False,False,False,False
33,456.496307373,-41.9712982178,4.8305997849,0,True,True,False,False,False,False
33,465.8288879395,-41.6598014832,4.9581999779,0,True,True,False,False,False,False
33,464.925201416,-41.6330986023,4.696199894,0,True,True,False,False,False,False
33,472.2208862305,-42.1389007568,4.9896998405,0,True,True,False,False,False,False
33,478.1216125488,-41.9263000488,4.9904999733,0,True,True,False,False,False,False
33,484.4180908203,-42.5514984131,4.8408999443,0,True,True,False,False,False,False
33,488.5458068848,-42.7771987915,4.7996001244,0,True,True,False,False,False,False
33,491.5780029297,-43.3531990051,4.8516001701,0,True,True,False,False,False,False
33,496.3146972656,-43.4017982483,4.4858999252,0,True,True,False,False,False,False
33,499.6505126953,-42.8911018372,4.8422999382,0,True,True,False,False,False,False
33,503.1639099121,-42.7478981018,4.6220998764,0,True,True,False,False,False,False
33,506.5823059082,-43.7854003906,4.9738001823,0,True,True,False,False,False,False
33,512.0374145508,-43.8168983459,4.704100132,0,True,True,False,False,False,False
33,515.4365844727,-44.0830001831,4.7357001305,0,True,True,False,False,False,False
33,520.717590332,-42.8266983032,4.5411000252,0,True,True,False,False,False,False
33,520.486328125,-43.460899353,4.6904997826,0,True,True,False,False,False,False
33,524.6777954102,-43.8867988586,4.6684999466,0,True,True,False,False,False,False
33,534.3032226562,-45.1068000793,4.4548001289,0,True,True,False,False,False,False
33,533.7531738281,-44.5102996826,4.4735999107,0,True,True,False,False,False,False
33,535.6412963867,-45.1203994751,4.5380997658,0,True,True,False,False,False,False
33,543.8927001953,-44.3040008545,4.4116997719,0,True,False,False,False,False,False
33,544.8364257812,-44.6039009094,4.3406000137,0,True,False,False,False,False,False
33,547.0581054688,-45.85779953,4.3059000969,0,True,False,False,False,False,False
33,552.4837036133,-45.1190986633,4.4921998978,0,True,False,False,False,False,False
33,553.0286865234,-45.7151985168,4.4180998802,0,True,False,False,False,False,False
33,556.1768798828,-45.0144004822,4.4809999466,0,True,False,False,False,False,False
33,561.1906738281,-44.4418983459,4.4015002251,0,True,False,False,False,False,False
33,563.2551879883,-45.3730010986,4.5868000984,0,True,False,False,False,False,False
33,564.1483154297,-44.7025985718,4.398900032,0,True,False,False,False,False,False
33,568.9743041992,-43.3260993958,4.3937997818,0,True,False,False,False,False,False
33,573.4434204102,-45.1538009644,4.5363001823,0,True,False,False,False,False,False
33,580.3864135742,-44.4729995728,4.3649001122,0,True,False,False,False,False,False
33,581.294921875,-44.0975990295,4.511300087,0,True,False,False,False,False,False
33,583.7224731445,-44.9602012634,4.5152997971,0,True,False,False,False,False,False
33,592.6063232422,-43.9558982849,4.7534999847,0,True,False,False,False,False,False
33,587.2943115234,-43.7472000122,4.5230998993,0,True,False,False,False,False,False
33,590.5993041992,-43.4464988708,4.2498998642,0,True,False,False,False,False,False
33,593.883605957,-43.3507003784,4.1978998184,0,True,False,False,False,False,False
33,596.2219848633,-44.7585983276,4.3986001015,0,True,False,False,False,False,False
33,600.0751953125,-43.8140983582,4.339700222,0,True,False,False,False,False,False
33,601.9108886719,-43.3712997437,4.0625,0,True,False,False,False,False,False
33,607.0681152344,-43.1671981812,4.361700058,0,True,False,False,False,False,False
33,605.6373901367,-44.0623016357,4.2913999557,0,True,False,False,False,False,False
33,609.3773803711,-43.559299469,4.4464001656,0,True,False,False,False,False,False
33,612.2218017578,-43.0553016663,4.3555002213,0,True,False,False,False,False,False
33,614.6909179688,-42.2513008118,3.9007000923,0,True,False,False,False,False,False
33,618.7922973633,-42.6026992798,4.1118001938,0,True,False,False,False,False,False
33,618.0762939453,-42.8143997192,4.1135001183,0,True,False,False,False,False,False
33,622.4072875977,-43.1324005127,3.9224998951,0,True,False,False,False,False,False
33,627.2645263672,-42.5219993591,4.065199852,0,True,False,False,False,False,False
33,629.1530761719,-41.9765014648,3.9556000233,0,True,False,False,False,False,False
33,632.5858764648,-42.168800354,4.3101000786,0,True,False,False,False,False,False
33,633.7816772461,-41.8274002075,4.1045999527,0,True,False,False,False,False,False
33,635.8618774414,-41.1341018677,4.0058999062,0,True,False,False,False,False,False
33,633.8247070312,-40.9514007568,3.9207000732,0,True,False,False,False,False,False
33,639.321105957,-40.4892997742,4.3716001511,0,True,False,False,False,False,False
33,639.1713256836,-40.5083999634,4.1732997894,0,True,False,False,False,False,False
33,643.2631225586,-40.811000824,4.3425998688,0,True,False,False,False,False,False
33,647.5692749023,-40.4735984802,4.0162000656,0,True,False,False,False,False,False
33,648.8969726562,-40.457901001,3.8601000309,0,True,False,False,False,False,False
33,648.7750244141,-40.1122016907,4.1135001183,0,True,False,False,False,False,False
33,651.0220947266,-39.3572006226,3.9291000366,0,True,False,False,False,False,False
33,651.7440185547,-39.3531990051,3.9879000187,0,True,False,False,False,False,False
33,659.3876953125,-40.1119003296,3.9574999809,0,True,False,False,False,False,False
33,660.1539916992,-39.2710990906,3.9563999176,0,True,False,False,False,False,False
33,661.704284668,-39.7080993652,4.0018000603,0,True,False,False,False,False,False
33,662.8369140625,-39.4939002991,3.8791999817,0,True,False,False,False,False,False
33,662.1998901367,-39.3550987244,4.1712999344,0,True,False,False,False,False,False
33,665.3057250977,-39.3269996643,3.9189999104,0,True,False,False,False,False,False
33,669.0432128906,-39.1488990784,4.2529001236,0,True,False,False,False,False,False
33,668.4810180664,-39.1487007141,3.9073998928,0,True,False,False,False,False,False
33,670.8513183594,-38.7457008362,3.9723000526,0,True,False,False,False,False,False
33,674.0537719727,-39.0754013062,4.1029000282,0,True,False,False,False,False,False
33,673.3590698242,-38.7521018982,4.0082998276,0,True,False,False,False,False,False
33,679.3186035156,-39.2840003967,4.0453000069,0,True,False,False,False,False,False
33,683.9895019531,-38.4118995667,4.0834999084,0,True,False,False,False,False,False
33,683.9525146484,-39.3149986267,4.0328001976,0,True,False,False,False,False,False
33,684.9274291992,-39.695098877,3.8166000843,0,True,False,False,False,False,False
33,690.1259765625,-39.1384010315,3.9474000931,0,True,False,False,False,False,False
33,689.0006713867,-38.2154998779,3.7558999062,0,True,False,False,False,False,False
33,690.3616943359,-38.7389984131,3.9272999763,0,True,False,False,False,False,False
33,690.0902709961,-38.3289985657,3.8392999172,0,True,False,False,False,False,False
33,695.1694946289,-38.6898002625,3.8285000324,0,True,False,False,False,False,False
33,697.8109130859,-39.03150177,3.9128000736,0,True,False,False,False,False,False
33,700.0040893555,-39.1169013977,4.0826001167,0,True,False,False,False,False,False
33,696.8670043945,-38.8232002258,3.8589999676,0,True,False,False,False,False,False
33,699.7722167969,-40.059299469,3.8749001026,0,True,False,False,False,False,False
33,702.3919067383,-40.2372016907,4.1198000908,0,True,False,False,False,False,False
33,704.6010742188,-39.6263999939,4.1585998535,0,True,False,False,False,False,False
33,705.4127807617,-39.1874008179,3.9851000309,0,True,False,False,False,False,False
33,707.9556274414,-40.7289009094,3.8873000145,0,True,False,False,False,False,False
33,707.1600952148,-40.1510009766,4.1726999283,0,True,False,False,False,False,False
33,710.7249145508,-39.4836997986,3.8559000492,0,True,False,False,False,False,False
33,710.5739135742,-40.1818008423,4.1142997742,0,True,False,False,False,False,False
33,713.9880981445,-39.3917007446,4.1854000092,0,True,False,False,False,False,False
34,198.5890960693,-44.3679008484,5.2392997742,0,True,True,False,False,False,False
34,209.1511993408,-44.6068000793,5.3394999504,0,True,True,False,False,False,False
34,216.3807983398,-43.9645004272,5.0117001534,0,True,True,False,False,False,False
34,222.4416046143,-44.7373008728,4.840400219,0,True,True,False,False,False,False
34,229.1707000732,-44.5997009277,5.1076998711,0,True,True,False,False,False,False
34,239.5527038574,-43.0175018311,5.211400032,0,True,True,False,False,False,False
34,245.237701416,-43.425201416,4.9723000526,0,True,True,False,False,False,False
34,254.2539978027,-43.5891990662,5.2213997841,0,True,True,False,False,False,False
34,264.1198120117,-43.007598877,5.1497998238,0,True,True,False,False,False,False
34,271.1099853516,-43.9201011658,4.93419981,0,True,True,False,False,False,False
34,277.6452026367,-43.9938011169,4.9805002213,0,True,True,False,False,False,False
34,283.4574890137,-42.882598877,5.1730999947,0,True,True,False,False,False,False
34,288.6239013672,-43.3608016968,5.367000103,0,True,True,False,False,False,False
34,294.900390625,-43.5301017761,5.2158999443,0,True,True,False,False,False,False
34,305.7846984863,-44.2426986694,5.0324001312,0,True,True,False,False,False,False
34,309.104888916,-43.2322006226,5.3505997658,0,True,True,False,False,False,False
34,320.6260986328,-43.3741989136,5.0004000664,0,True,True,False,False,False,False
34,323.0302124023,-42.4300994873,4.8705000877,0,True,True,False,False,False,False
34,330.5429992676,-43.6908988953,5.1637997627,0,True,True,False,False,False,False
34,338.4122924805,-43.473400116,5.0785999298,0,True,True,False,False,False,False
34,345.3753967285,-43.9110984802,5.0665001869,0,True,True,False,False,False,False
34,350.2226867676,-43.5648002625,5.1683001518,0,True,True,False,False,False,False
34,358.4359130859,-43.6497993469,5.2305998802,0,True,True,False,False,False,False
34,358.3609924316,-43.3975982666,5.038599968,0,True,True,False,False,False,False
34,369.1543884277,-42.9182014465,4.8664999008,0,True,True,False,False,False,False
34,373.8125915527,-43.3362007141,4.9590997696,0,True,True,False,False,False,False
34,381.1614074707,-44.1710014343,5.170899868,0,True,True,False,False,False,False
34,389.5770874023,-43.9179000854,4.8640999794,0,True,True,False,False,False,False
34,391.5578918457,-42.9079017639,4.8586997986,0,True,True,False,False,False,False
34,394.8561096191,-43.2975006104,4.8997998238,0,True,True,False,False,False,False
34,404.6676025391,-44.5985984802,5.1543998718,0,True,True,False,False,False,False
34,403.8479003906,-44.1034011841,5.122300148,0,True,True,False,False,False,False
34,416.970703125,-44.5586013794,5.1286001205,0,True,True,False,False,False,False
34,420.9956054688,-44.382598877,4.9489002228,0,True,True,False,False,False,False
34,424.787689209,-44.1358985901,4.9756999016,0,True,True,False,False,False,False
34,428.9431152344,-44.3096008301,5.0364999771,0,True,True,False,False,False,False
34,435.2760925293,-45.1198005676,4.9499998093,0,True,True,False,False,False,False
34,439.8226013184,-45.0484008789,4.9576001167,0,True,True,False,False,False,False
34,441.625,-44.8083992004,4.9868998528,0,True,True,False,False,False,False
34,449.8635864258,-45.551700592,4.690199852,0,True,True,False,False,False,False
34,455.8183898926,-45.5614013672,5.1680998802,0,True,True,False,False,False,False
34,457.6824035645,-46.0555000305,5.0703001022,0,True,True,False,False,False,False
34,464.1849975586,-46.2937011719,5.0142002106,0,True,True,False,False,False,False
34,468.041595459,-46.3275985718,4.7884998322,0,True,True,False,False,False,False
34,473.724609375,-45.9670982361,4.9854998589,0,True,True,False,False,False,False
34,480.2950134277,-46.1561012268,5.0062999725,0,True,True,False,False,False,False
34,486.2547912598,-45.9440002441,4.8819999695,0,True,True,False,False,False,False
34,482.3382873535,-46.6898994446,4.803899765,0,True,True,False,False,False,False
34,490.5488891602,-47.9068984985,4.666200161,0,True,True,False,False,False,False
34,492.4674072266,-47.4230995178,4.7112002373,0,True,True,False,False,False,False
34,496.2215881348,-47.0979003906,4.9677000046,0,True,True,False,False,False,False
34,500.0611877441,-47.6936988831,4.842400074,0,True,True,False,False,False,False
34,506.0422973633,-48.0792999268,4.8004999161,0,True,True,False,False,False,False
34,512.4691162109,-47.3557014465,4.8529000282,0,True,True,False,False,False,False
34,514.0872192383,-48.6851005554,4.891600132,0,True,True,False,False,False,False
34,519.125,-47.9297981262,4.9457998276,0,True,True,False,False,False,False
34,522.5272216797,-47.9528999329,4.663599968,0,True,True,False,False,False,False
34,523.0383911133,-48.5961990356,4.6184000969,0,True,True,False,False,False,False
34,528.5363769531,-47.810798645,4.5859999657,0,True,True,False,False,False,False
34,535.7883300781,-48.2697982788,4.765999794,0,True,True,False,False,False,False
34,534.0748901367,-47.4751014709,4.5524001122,0,True,True,False,False,False,False
34,538.8380737305,-48.2356987,4.7235999107,0,True,True,False,False,False,False
34,540.6765136719,-48.7756004333,4.483300209,0,True,False,False,False,False,False
34,547.1572875977,-48.445400238,4.6637001038,0,True,False,False,False,False,False
34,551.5399169922,-48.5029983521,4.695499897,0,True,False,False,False,False,False
34,551.5443725586,-48.2232017517,4.584400177,0,True,False,False,False,False,False
34,557.2498168945,-49.4219017029,4.8411998749,0,True,False,False,False,False,False
34,560.0623168945,-48.6414985657,4.5946002007,0,True,False,False,False,False,False
34,560.6135253906,-48.2415008545,4.4281997681,0,True,False,False,False,False,False
34,565.8778076172,-49.4440994263,4.7547001839,0,True,False,False,False,False,False
34,571.1030883789,-49.057598114,4.4650001526,0,True,False,False,False,False,False
34,572.8439941406,-48.0833015442,4.4029998779,0,True,False,False,False,False,False
34,577.2197875977,-48.8847999573,4.3028998375,0,True,False,False,False,False,False
34,579.1345214844,-48.3611984253,4.4875001907,0,True,False,False,False,False,False
34,580.229309082,-48.9295005798,4.472799778,0,True,False,False,False,False,False
34,583.6538085938,-48.904499054,4.6732997894,0,True,False,False,False,False,False
34,591.033203125,-48.1066017151,4.3752999306,0,True,False,False,False,False,False
34,585.841003418,-48.1008987427,4.2595000267,0,True,False,False,False,False,False
34,594.6154174805,-48.3549995422,4.3604001999,0,True,False,False,False,False,False
34,595.3247070312,-48.5834999084,4.3482999802,0,True,False,False,False,False,False
34,599.0601196289,-47.5896987915,4.1016001701,0,True,False,False,False,False,False
34,600.4182128906,-47.9436988831,4.5581998825,0,True,False,False,False,False,False
34,602.7493896484,-47.0211982727,4.2016000748,0,True,False,False,False,False,False
34,606.120300293,-47.4925994873,4.4752001762,0,True,False,False,False,False,False
34,607.4259033203,-47.5214996338,4.2930998802,0,True,False,False,False,False,False
34,609.1851806641,-46.6865005493,4.4601998329,0,True,False,False,False,False,False
34,612.4315795898,-48.4019012451,4.4439001083,0,True,False,False,False,False,False
34,616.3734741211,-46.9790992737,4.2312002182,0,True,False,False,False,False,False
34,617.4653930664,-45.8609008789,4.1311998367,0,True,False,False,False,False,False
34,623.1016235352,-47.3661994934,4.3294000626,0,True,False,False,False,False,False
34,625.2526855469,-46.7938995361,4.4553999901,0,True,False,False,False,False,False
34,625.5037841797,-46.1843986511,4.247399807,0,True,False,False,False,False,False
34,626.5255737305,-45.5303001404,4.3148999214,0,True,False,False,False,False,False
34,634.7843017578,-45.7988014221,4.0647997856,0,True,False,False,False,False,False
34,632.3723144531,-45.8787002563,4.1304001808,0,True,False,False,False,False,False
34,632.6679077148,-46.5228004456,4.288599968,0,True,False,False,False,False,False
34,636.9036865234,-44.913898468,4.2293000221,0,True,False,False,False,False,False
34,638.9766235352,-45.17029953,4.0293002129,0,True,False,False,False,False,False
34,643.7258911133,-45.2010993958,3.9925000668,0,True,False,False,False,False,False
34,640.8256835938,-44.7850990295,4.3913002014,0,True,False,False,False,False,False
34,644.9843139648,-45.1990013123,4.1723999977,0,True,False,False,False,False,False
34,646.4938964844,-44.4574012756,4.041200161,0,True,False,False,False,False,False
34,652.9697875977,-44.5690002441,4.1153001785,0,True,False,False,False,False,False
34,653.5859985352,-44.9353981018,4.0971999168,0,True,False,False,False,False,False
34,655.1038208008,-44.5938987732,4.2472000122,0,True,False,False,False,False,False
34,657.1359863281,-43.914100647,4.111000061,0,True,False,False,False,False,False
34,659.1342163086,-43.403301239,4.1771001816,0,True,False,False,False,False,False
34,659.8226928711,-42.84349823,4.2506999969,0,True,False,False,False,False,False
34,658.7780151367,-42.9356002808,3.9860999584,0,True,False,False,False,False,False
34,663.0219726562,-44.0446014404,3.9888999462,0,True,False,False,False,False,False
34,668.3223266602,-43.7779006958,3.7119998932,0,True,False,False,False,False,False
34,668.6442260742,-43.6180000305,4.2382998466,0,True,False,False,False,False,False
34,670.4183959961,-43.3226013184,4.0894999504,0,True,False,False,False,False,False
34,673.6707763672,-42.6968002319,4.1237001419,0,True,False,False,False,False,False
34,676.7108154297,-43.5480995178,4.0645999908,0,True,False,False,False,False,False
34,680.3618774414,-42.9147987366,4.3961000443,0,True,False,False,False,False,False
34,677.9788818359,-42.7905006409,3.7908000946,0,True,False,False,False,False,False
34,680.0288696289,-43.3003005981,4.3456997871,0,True,False,False,False,False,False
34,680.5604858398,-42.7807006836,3.7385001183,0,True,False,False,False,False,False
34,681.4572143555,-42.8737983704,3.8794000149,0,True,False,False,False,False,False
34,689.3717041016,-42.548500061,3.9008998871,0,True,False,False,False,False,False
34,687.1141967773,-42.8186988831,4.0475997925,0,True,False,False,False,False,False
34,688.0236816406,-42.2261009216,4.209400177,0,True,False,False,False,False,False
34,692.5808105469,-43.5191993713,4.1912999153,0,True,False,False,False,False,False
34,693.9030151367,-44.3119010925,4.092400074,0,True,False,False,False,False,False
34,695.3695068359,-43.0912017822,4.1149997711,0,True,False,False,False,False,False
34,699.7410888672,-44.2695007324,4.103700161,0,True,False,False,False,False,False
34,698.0756225586,-44.3406982422,3.8468999863,0,True,False,False,False,False,False
34,703.2457275391,-44.6259002686,4.2863998413,0,True,False,False,False,False,False
34,699.6013183594,-43.9375,4.3436999321,0,True,False,False,False,False,False
34,707.982421875,-43.6105003357,3.8413999081,0,True,False,False,False,False,False
34,709.4415893555,-44.5612983704,4.1984000206,0,True,False,False,False,False,False
34,706.1738891602,-44.8256988525,4.5655999184,0,True,False,False,False,False,False
34,710.1201782227,-43.7751998901,4.3475999832,0,True,False,False,False,False,False
34,707.4851074219,-45.3180007935,3.9439001083,0,True,False,False,False,False,False
34,711.0184936523,-44.5091018677,4.1318998337,0,True,False,False,False,False,False
34,712.6713256836,-44.9445991516,4.1915998459,0,True,False,False,False,False,False
34,714.142578125,-46.1053009033,4.1929998398,0,True,False,False,False,False,False
35,201.1304931641,-48.5751991272,5.9395999908,0,True,True,False,False,False,False
35,212.1981964111,-48.7882995605,5.7003998756,0,True,True,False,False,False,False
35,217.7102966309,-48.8331985474,5.8017001152,0,True,True,False,False,False,False
35,227.1463928223,-47.951499939,5.7582998276,0,True,True,False,False,False,False
35,235.6721038818,-47.7933006287,5.8221998215,0,True,True,False,False,False,False
35,239.6735992432,-47.6473007202,5.8125,0,True,True,False,False,False,False
35,249.8603973389,-48.1119995117,5.9211997986,0,True,True,False,False,False,False
35,257.6758117676,-47.5105018616,6.054599762,0,True,True,False,False,False,False
35,265.7226867676,-47.9879989624,6.0027999878,0,True,True,False,False,False,False
35,275.0351867676,-48.2142982483,5.9531998634,0,True,True,False,False,False,False
35,281.7683105469,-47.3571014404,5.7497000694,0,True,True,False,False,False,False
35,289.4679870605,-46.3175010681,5.8137998581,0,True,True,False,False,False,False
35,294.8977966309,-47.3181991577,5.7869000435,0,True,True,False,False,False,False
35,306.3591003418,-47.1398010254,5.7267999649,0,True,True,False,False,False,False
35,310.7952880859,-46.9339981079,5.9384999275,0,True,True,False,False,False,False
35,317.0726013184,-45.8494987488,5.676199913,0,True,True,False,False,False,False
35,329.0801086426,-47.9726982117,5.556499958,0,True,True,False,False,False,False
35,334.4877929688,-47.4140014648,5.7529001236,0,True,True,False,False,False,False
35,342.9827880859,-47.4981002808,5.8281998634,0,True,True,False,False,False,False
35,347.0327148438,-47.1929016113,5.6701002121,0,True,True,False,False,False,False
35,354.4859924316,-48.5572013855,5.598400116,0,True,True,False,False,False,False
35,364.1008911133,-47.5586013794,5.757999897,0,True,True,False,False,False,False
35,368.6193847656,-47.3325996399,6.011300087,0,True,True,False,False,False,False
35,376.1307067871,-47.7507019043,5.8576998711,0,True,True,False,False,False,False
35,381.434387207,-47.9275016785,5.8768000603,0,True,True,False,False,False,False
35,384.884185791,-46.9542007446,5.4751000404,0,True,True,False,False,False,False
35,392.4896850586,-47.9024009705,5.8136000633,0,True,True,False,False,False,False
35,401.0563049316,-47.5498008728,5.7241997719,0,True,True,False,False,False,False
35,403.2820129395,-48.1064987183,5.9404001236,0,True,True,False,False,False,False
35,408.9804077148,-47.9247016907,5.751999855,0,True,True,False,False,False,False
35,416.3818054199,-48.5484008789,5.8986001015,0,True,True,False,False,False,False
35,424.1370849609,-48.5385017395,5.9099001884,0,True,True,False,False,False,False
35,430.8530883789,-48.956199646,5.867000103,0,True,True,False,False,False,False
35,432.6690063477,-48.1506996155,5.616300106,0,True,True,False,False,False,False
35,439.8298034668,-49.2580986023,5.4951000214,0,True,True,False,False,False,False
35,447.0604858398,-49.9756011963,5.6696000099,0,True,True,False,False,False,False
35,450.4674987793,-48.4847984314,6.0640001297,0,True,True,False,False,False,False
35,456.7157897949,-49.0238990784,5.5128002167,0,True,True,False,False,False,False
35,463.8763122559,-49.6183013916,5.7664999962,0,True,True,False,False,False,False
35,466.366607666,-49.3785018921,5.8077001572,0,True,True,False,False,False,False
35,473.0784912109,-49.2468986511,5.6991000175,0,True,True,False,False,False,False
35,476.0213928223,-49.4608001709,5.7961001396,0,True,True,False,False,False,False
35,482.424407959,-50.2243003845,5.5162000656,0,True,True,False,False,False,False
35,487.6654968262,-49.8147010803,5.5727000237,0,True,True,False,False,False,False
35,492.0909118652,-51.3378982544,5.4391999245,0,True,True,False,False,False,False
35,495.4154968262,-50.3203010559,6.0592999458,0,True,True,False,False,False,False
35,502.2632141113,-51.9726982117,5.7157998085,0,True,True,False,False,False,False
35,504.7752990723,-50.5912017822,5.5876002312,0,True,True,False,False,False,False
35,510.0568847656,-51.4765014648,5.4798002243,0,True,True,False,False,False,False
35,515.1351928711,-51.1397018433,5.2330999374,0,True,True,False,False,False,False
35,523.2700195312,-51.2949981689,5.5542998314,0,True,True,False,False,False,False
35,522.2189941406,-51.8928985596,5.6079998016,0,True,True,False,False,False,False
35,528.3168945312,-52.3223991394,5.6982002258,0,True,True,False,False,False,False
35,529.291809082,-51.229598999,5.6029000282,0,True,True,False,False,False,False
35,540.3555297852,-52.0335006714,5.5011000633,0,True,True,False,False,False,False
35,540.8262939453,-52.2256011963,5.4826998711,0,True,False,False,False,False,False
35,545.3261108398,-52.507598877,5.5187997818,0,True,False,False,False,False,False
35,551.5997924805,-52.2792015076,5.571199894,0,True,False,False,False,False,False
35,551.9663085938,-52.2837982178,5.4581999779,0,True,False,False,False,False,False
35,561.7034301758,-52.6829986572,5.402299881,0,True,False,False,False,False,False
35,564.9675292969,-52.8988990784,5.4380998611,0,True,False,False,False,False,False
35,566.7407226562,-53.2151985168,5.6925001144,0,True,False,False,False,False,False
35,565.5443725586,-53.4315986633,5.2003998756,0,True,False,False,False,False,False
35,571.8209228516,-53.3988990784,5.2083997726,0,True,False,False,False,False,False
35,579.2451171875,-51.9266014099,5.4112000465,0,True,False,False,False,False,False
35,587.1934204102,-52.6228981018,5.4341001511,0,True,False,False,False,False,False
35,584.2041015625,-52.641998291,5.462100029,0,True,False,False,False,False,False
35,589.3895874023,-52.4676017761,5.5044999123,0,True,False,False,False,False,False
35,593.787109375,-52.8283004761,5.3104000092,0,True,False,False,False,False,False
35,590.9627075195,-53.5303993225,5.320400238,0,True,False,False,False,False,False
35,600.8961181641,-52.4883003235,5.0254998207,0,True,False,False,False,False,False
35,601.3118286133,-53.6682014465,5.100399971,0,True,False,False,False,False,False
35,606.1301269531,-53.5266990662,5.4868998528,0,True,False,False,False,False,False
35,610.57421875,-53.0260009766,5.2555999756,0,True,False,False,False,False,False
35,608.1306762695,-52.0950012207,5.4067001343,0,True,False,False,False,False,False
35,613.9899291992,-52.1837005615,5.2574000359,0,True,False,False,False,False,False
35,617.9407958984,-53.1282997131,5.2298998833,0,True,False,False,False,False,False
35,623.6972045898,-52.0876998901,5.0753002167,0,True,False,False,False,False,False
35,618.9107055664,-52.7555007935,5.189499855,0,True,False,False,False,False,False
35,627.0667724609,-52.9213981628,5.0064001083,0,True,False,False,False,False,False
35,629.981628418,-52.4519004822,5.410900116,0,True,False,False,False,False,False
35,626.6596069336,-52.3454017639,5.1080999374,0,True,False,False,False,False,False
35,635.578125,-51.9401016235,4.8407001495,0,True,False,False,False,False,False
35,638.2484741211,-51.3573989868,4.8779001236,0,True,False,False,False,False,False
35,640.940612793,-51.6313018799,4.9383997917,0,True,False,False,False,False,False
35,644.5874023438,-51.6725006104,4.8955001831,0,True,False,False,False,False,False
35,647.6735229492,-52.2631988525,5.0260000229,0,True,False,False,False,False,False
35,651.0551147461,-50.7597007751,4.8782000542,0,True,False,False,False,False,False
35,656.7864990234,-50.5796012878,5.0032000542,0,True,False,False,False,False,False
35,654.0510864258,-50.2747993469,5.1501998901,0,True,False,False,False,False,False
35,657.4451904297,-51.188999176,4.9967999458,0,True,False,False,False,False,False
35,659.2760009766,-50.4636001587,4.6616001129,0,True,False,False,False,False,False
35,662.9353027344,-51.0527992249,5.0904998779,0,True,False,False,False,False,False
35,663.569519043,-50.3101005554,5.0195999146,0,True,False,False,False,False,False
35,667.6187133789,-49.7098007202,4.7864999771,0,True,False,False,False,False,False
35,674.042175293,-49.6111984253,4.8007998466,0,True,False,False,False,False,False
35,670.1076049805,-49.1721992493,4.6975002289,0,True,False,False,False,False,False
35,673.5864868164,-49.5130004883,5.1079998016,0,True,False,False,False,False,False
35,673.5631713867,-48.3926010132,4.8635997772,0,True,False,False,False,False,False
35,677.6834106445,-49.4897994995,5.0454998016,0,True,False,False,False,False,False
35,683.4630737305,-48.8059005737,4.8554000854,0,True,False,False,False,False,False
35,686.1295166016,-47.849899292,4.7403001785,0,True,False,False,False,False,False
35,686.3947143555,-47.971698761,4.9874000549,0,True,False,False,False,False,False
35,689.7321166992,-48.3669013977,4.7379999161,0,True,False,False,False,False,False
35,693.6345825195,-48.0031013489,4.6360998154,0,True,False,False,False,False,False
35,691.7319946289,-48.0350990295,5.0528998375,0,True,False,False,False,False,False
35,695.5106201172,-47.4677009583,4.8000998497,0,True,False,False,False,False,False
35,697.9802856445,-47.7690010071,4.7279000282,0,True,False,False,False,False,False
35,699.1519165039,-47.6540985107,4.7568001747,0,True,False,False,False,False,False
35,703.8021850586,-47.5155982971,4.6951999664,0,True,False,False,False,False,False
35,704.2603149414,-47.9369010925,4.6497001648,0,True,False,False,False,False,False
35,707.8577270508,-47.4035987854,4.7421998978,0,True,False,False,False,False,False
35,710.4240722656,-47.8572006226,4.9134001732,0,True,False,False,False,False,False
35,712.9600830078,-47.0371017456,5.0197000504,0,True,False,False,False,False,False
35,712.2407226562,-46.6279983521,4.6114001274,0,True,False,False,False,False,False
35,712.4686889648,-46.8084983826,4.9777998924,0,True,False,False,False,False,False
36,198.6047058105,-42.4663009644,6.1676998138,0,True,True,False,False,False,False
36,212.1647949219,-42.1607017517,5.9531002045,0,True,True,False,False,False,False
36,216.4745025635,-41.0644989014,6.1559000015,0,True,True,False,False,False,False
36,220.391204834,-41.4112014771,6.0750999451,0,True,True,False,False,False,False
36,232.9730072021,-41.7584991455,6.0661997795,0,True,True,False,False,False,False
36,238.9756011963,-40.6915016174,5.9608001709,0,True,True,False,False,False,False
36,245.1838989258,-42.1958999634,5.9910998344,0,True,True,False,False,False,False
36,255.7687988281,-41.67029953,6.0085000992,0,True,True,False,False,False,False
36,262.2749938965,-40.248500824,6.269299984,0,True,True,False,False,False,False
36,269.8656921387,-40.6665000916,6.0076999664,0,True,True,False,False,False,False
36,276.3291931152,-40.0434989929,6.0,0,True,True,False,False,False,False
36,286.9346008301,-40.2790985107,5.6916999817,0,True,True,False,False,False,False
36,291.8638000488,-40.4333000183,6.1984000206,0,True,True,False,False,False,False
36,295.7604064941,-40.8074989319,6.0225000381,0,True,True,False,False,False,False
36,304.5903930664,-39.5391998291,6.4359998703,0,True,True,False,False,False,False
36,308.7901000977,-41.160900116,6.2729001045,0,True,True,False,False,False,False
36,317.9937133789,-41.2603988647,6.0247001648,0,True,True,False,False,False,False
36,323.8382873535,-39.7974014282,6.2853999138,0,True,True,False,False,False,False
36,330.0270996094,-39.5858001709,6.0742998123,0,True,True,False,False,False,False
36,340.6940002441,-40.4628982544,5.9467000961,0,True,True,False,False,False,False
36,347.3958129883,-40.3967018127,5.9710001945,0,True,True,False,False,False,False
36,350.7868041992,-41.3406982422,6.2498002052,0,True,True,False,False,False,False
36,357.3848876953,-40.9467010498,6.1749000549,0,True,True,False,False,False,False
36,365.0429077148,-39.7977981567,6.3654999733,0,True,True,False,False,False,False
36,369.3258972168,-40.5761985779,6.133600235,0,True,True,False,False,False,False
36,376.2420959473,-40.4580001831,5.7266998291,0,True,True,False,False,False,False
36,381.2784118652,-40.3165016174,5.8928999901,0,True,True,False,False,False,False
36,389.3330078125,-40.2644996643,6.0489001274,0,True,True,False,False,False,False
36,389.5521850586,-40.5948982239,6.2196998596,0,True,True,False,False,False,False
36,399.6517028809,-41.5465011597,6.048500061,0,True,True,False,False,False,False
36,405.5953979492,-41.129901886,6.1213998795,0,True,True,False,False,False,False
36,407.1151123047,-41.0153007507,5.856400013,0,True,True,False,False,False,False
36,415.9396972656,-41.7426986694,6.092400074,0,True,True,False,False,False,False
36,417.4323120117,-41.6618003845,5.8987998962,0,True,True,False,False,False,False
36,427.2930908203,-42.0973014832,5.8345999718,0,True,True,False,False,False,False
36,431.1322021484,-42.3744010925,5.8029999733,0,True,True,False,False,False,False
36,435.5093994141,-41.988899231,5.8180999756,0,True,True,False,False,False,False
36,439.0606079102,-42.8664016724,6.1338000298,0,True,True,False,False,False,False
36,447.0145874023,-42.3291015625,6.0873999596,0,True,True,False,False,False,False
36,451.8403930664,-43.2046012878,6.13560009,0,True,True,False,False,False,False
36,459.2513122559,-43.1456985474,5.9159002304,0,True,True,False,False,False,False
36,459.3232116699,-43.2402992249,5.9746999741,0,True,True,False,False,False,False
36,468.9711914062,-43.215801239,5.8990001678,0,True,True,False,False,False,False
36,470.495513916,-44.5694999695,5.8846001625,0,True,True,False,False,False,False
36,475.2977905273,-44.2770004272,5.876999855,0,True,True,False,False,False,False
36,480.4815063477,-44.3902015686,5.7954001427,0,True,True,False,False,False,False
36,484.8493041992,-44.4622001648,5.8442001343,0,True,True,False,False,False,False
36,485.2302856445,-44.7220993042,6.0960998535,0,True,True,False,False,False,False
36,494.5657958984,-45.6002006531,6.0766000748,0,True,True,False,False,False,False
36,497.4309997559,-45.2130012512,5.696100235,0,True,True,False,False,False,False
36,499.0014953613,-44.3311004639,5.5475997925,0,True,True,False,False,False,False
36,505.0607910156,-44.4785003662,5.6545000076,0,True,True,False,False,False,False
36,509.858795166,-45.132598877,5.8168001175,0,True,True,False,False,False,False
36,515.3076171875,-45.8451004028,5.8021998405,0,True,True,False,False,False,False
36,519.3284912109,-45.1568984985,5.5929999352,0,True,True,False,False,False,False
36,519.9606933594,-45.0105018616,5.4914999008,0,True,True,False,False,False,False
36,527.5596923828,-45.6058006287,5.7083001137,0,True,True,False,False,False,False
36,530.5048217773,-45.3378982544,5.7635998726,0,True,True,False,False,False,False
36,531.5748291016,-44.721698761,5.7044000626,0,True,True,False,False,False,False
36,536.8659057617,-46.1995010376,5.5503997803,0,True,True,False,False,False,False
36,538.1881103516,-45.7759017944,5.5391001701,0,True,True,False,False,False,False
36,550.3751220703,-46.6459007263,5.728000164,0,True,False,False,False,False,False
36,546.2553100586,-45.9374008179,5.6922001839,0,True,False,False,False,False,False
36,548.0609130859,-47.3022003174,5.7128000259,0,True,False,False,False,False,False
36,556.3878173828,-46.4319000244,5.8491001129,0,True,False,False,False,False,False
36,559.4804077148,-46.7337989807,5.4510998726,0,True,False,False,False,False,False
36,558.982421875,-45.7769012451,5.6293997765,0,True,False,False,False,False,False
36,563.1215820312,-47.6598014832,5.4566998482,0,True,False,False,False,False,False
36,565.6796875,-46.4015007019,5.9015002251,0,True,False,False,False,False,False
36,568.5795288086,-46.5259017944,5.5215001106,0,True,False,False,False,False,False
36,572.0490112305,-46.2858009338,5.7716999054,0,True,False,False,False,False,False
36,577.1282958984,-46.342300415,5.494699955,0,True,False,False,False,False,False
36,580.3927001953,-45.3917007446,5.4271998405,0,True,False,False,False,False,False
36,580.4357299805,-46.4012985229,5.7901000977,0,True,False,False,False,False,False
36,586.1569213867,-45.5581016541,5.4941000938,0,True,False,False,False,False,False
36,589.1154174805,-45.6398010254,5.4191999435,0,True,False,False,False,False,False
36,590.9365234375,-45.2682991028,5.539899826,0,True,False,False,False,False,False
36,591.2805175781,-45.6394996643,5.3628997803,0,True,False,False,False,False,False
36,599.8261108398,-45.1949005127,5.5444002151,0,True,False,False,False,False,False
36,597.0125732422,-45.1539993286,5.3145999908,0,True,False,False,False,False,False
36,603.1041870117,-45.1733016968,5.3495998383,0,True,False,False,False,False,False
36,608.7399291992,-45.2132987976,5.5911002159,0,True,False,False,False,False,False
36,607.8529052734,-45.6554985046,5.2472000122,0,True,False,False,False,False,False
36,611.4472045898,-44.901599884,5.8392000198,0,True,False,False,False,False,False
36,612.2340087891,-45.2349014282,5.4042000771,0,True,False,False,False,False,False
36,615.5687255859,-44.0220985413,5.1100001335,0,True,False,False,False,False,False
36,617.4191894531,-44.4415016174,5.4608001709,0,True,False,False,False,False,False
36,620.1525878906,-44.5205001831,5.2676000595,0,True,False,False,False,False,False
36,620.3937988281,-44.1472015381,5.3611001968,0,True,False,False,False,False,False
36,626.0068969727,-44.3947982788,4.9646000862,0,True,False,False,False,False,False
36,629.7222900391,-43.9673995972,5.2596001625,0,True,False,False,False,False,False
36,634.3275756836,-44.5614013672,5.1835999489,0,True,False,False,False,False,False
36,631.9906005859,-43.5885009766,5.1082000732,0,True,False,False,False,False,False
36,632.6696777344,-43.3978996277,5.3140997887,0,True,False,False,False,False,False
36,642.5526733398,-42.8804016113,5.396999836,0,True,False,False,False,False,False
36,640.8618774414,-42.9785995483,4.8938999176,0,True,False,False,False,False,False
36,642.7786254883,-42.2226982117,5.2908000946,0,True,False,False,False,False,False
36,646.1038818359,-42.4245986938,5.021299839,0,True,False,False,False,False,False
36,651.8723144531,-42.7274017334,4.962100029,0,True,False,False,False,False,False
36,650.2626953125,-41.7633018494,4.9656000137,0,True,False,False,False,False,False
36,650.8729248047,-40.9345016479,5.102399826,0,True,False,False,False,False,False
36,657.879699707,-41.4094009399,5.0947999954,0,True,False,False,False,False,False
36,659.8115844727,-40.6837005615,4.9987998009,0,True,False,False,False,False,False
36,657.0983886719,-40.7042007446,4.9369997978,0,True,False,False,False,False,False
36,658.7247924805,-41.6590003967,5.1445999146,0,True,False,False,False,False,False
36,662.4006958008,-40.8325004578,5.1641001701,0,True,False,False,False,False,False
36,661.6619873047,-41.9510993958,4.7354001999,0,True,False,False,False,False,False
36,664.4553833008,-41.2649993896,5.2649998665,0,True,False,False,False,False,False
36,666.1773071289,-40.4893989563,5.1198000908,0,True,False,False,False,False,False
36,670.8479003906,-40.0746994019,4.9379000664,0,True,False,False,False,False,False
36,669.3939208984,-41.2120018005,5.3488998413,0,True,False,False,False,False,False
36,673.8654174805,-40.8073005676,5.1778001785,0,True,False,False,False,False,False
36,675.2423095703,-40.9732017517,5.0322999954,0,True,False,False,False,False,False
36,677.5875854492,-41.1847000122,5.3899002075,0,True,False,False,False,False,False
36,680.1035766602,-40.3776016235,5.2347002029,0,True,False,False,False,False,False
36,683.2327880859,-39.8222999573,5.1532001495,0,True,False,False,False,False,False
36,682.3029785156,-40.6633987427,5.179599762,0,True,False,False,False,False,False
36,687.6942138672,-39.7784996033,5.1112999916,0,True,False,False,False,False,False
36,687.8037109375,-39.4122009277,5.0223999023,0,True,False,False,False,False,False
36,691.5775146484,-40.8554000854,4.9484000206,0,True,False,False,False,False,False
36,694.091796875,-40.8041000366,5.0475001335,0,True,False,False,False,False,False
36,690.3530273438,-40.5998001099,5.5314002037,0,True,False,False,False,False,False
36,698.5510864258,-40.4496994019,4.9555001259,0,True,False,False,False,False,False
36,698.9700927734,-40.2341995239,5.1072998047,0,True,False,False,False,False,False
36,700.8325195312,-40.832901001,5.0894999504,0,True,False,False,False,False,False
36,702.9143066406,-41.5696983337,4.853700161,0,True,False,False,False,False,False
36,704.7977294922,-40.6017990112,5.0324997902,0,True,False,False,False,False,False
36,706.8681030273,-41.0586013794,5.0741000175,0,True,False,False,False,False,False
36,704.5562133789,-40.9142990112,5.0665998459,0,True,False,False,False,False,False
36,712.9487915039,-41.5385017395,5.1256999969,0,True,False,False,False,False,False
36,709.9147949219,-41.6805992126,5.0637998581,0,True,False,False,False,False,False
36,709.7913208008,-41.1579017639,4.9635000229,0,True,False,False,False,False,False
36,711.7938842773,-40.7949981689,5.0661001205,0,True,False,False,False,False,False
36,713.1713256836,-41.8368988037,5.084499836,0,True,False,False,False,False,False
37,198.908996582,-55.2625999451,5.465400219,0,True,True,False,False,False,False
37,209.2682952881,-55.4328994751,5.274600029,0,True,True,False,False,False,False
37,216.8562011719,-55.0153999329,5.366399765,0,True,True,False,False,False,False
37,225.5279998779,-55.5731010437,5.3887000084,0,True,True,False,False,False,False
37,236.5370941162,-54.4683990479,5.4015002251,0,True,True,False,False,False,False
37,244.0010986328,-54.2825012207,5.5015001297,0,True,True,False,False,False,False
37,249.6311950684,-54.3175010681,5.3759999275,0,True,True,False,False,False,False
37,255.5650024414,-54.2587013245,5.7452001572,0,True,True,False,False,False,False
37,265.5280151367,-54.6052017212,5.8722000122,0,True,True,False,False,False,False
37,276.7799072266,-54.9463996887,5.8048000336,0,True,True,False,False,False,False
37,286.2424926758,-54.425201416,5.6847000122,0,True,True,False,False,False,False
37,290.6189880371,-54.3311004639,5.7000999451,0,True,True,False,False,False,False
37,296.1318969727,-53.9560012817,5.3172998428,0,True,True,False,False,False,False
37,305.2734985352,-53.2616996765,5.4330000877,0,True,True,False,False,False,False
37,310.9957885742,-54.3016014099,5.6194000244,0,True,True,False,False,False,False
37,319.327911377,-54.0317993164,5.4352998734,0,True,True,False,False,False,False
37,330.9226989746,-53.1012001038,5.3664999008,0,True,True,False,False,False,False
37,333.9077148438,-54.261100769,5.2490000725,0,True,True,False,False,False,False
37,342.5033874512,-53.929901123,5.2005000114,0,True,True,False,False,False,False
37,348.8439941406,-54.0531005859,5.581799984,0,True,True,False,False,False,False
37,354.6606140137,-54.0317993164,5.5443000793,0,True,True,False,False,False,False
37,361.5820007324,-54.1017990112,5.3719000816,0,True,True,False,False,False,False
37,368.6127929688,-53.6523017883,5.473400116,0,True,True,False,False,False,False
37,373.2185058594,-55.0574989319,5.6476998329,0,True,True,False,False,False,False
37,381.9136047363,-54.6347999573,5.589700222,0,True,True,False,False,False,False
37,389.5354919434,-54.414100647,5.535299778,0,True,True,False,False,False,False
37,394.7752990723,-54.8712997437,5.4387001991,0,True,True,False,False,False,False
37,397.3612976074,-54.582901001,5.5149002075,0,True,True,False,False,False,False
37,404.4526977539,-54.5279998779,5.6248002052,0,True,True,False,False,False,False
37,411.8244018555,-55.376499176,5.6680002213,0,True,True,False,False,False,False
37,421.8681945801,-55.2336006165,5.4991998672,0,True,True,False,False,False,False
37,424.6382141113,-55.5875015259,5.8194999695,0,True,True,False,False,False,False
37,432.1502990723,-54.7694015503,5.4085998535,0,True,True,False,False,False,False
37,434.4736938477,-55.4179992676,5.623000145,0,True,True,False,False,False,False
37,439.9088134766,-55.6855010986,5.6318998337,0,True,True,False,False,False,False
37,444.412689209,-55.4184989929,5.3115000725,0,True,True,False,False,False,False
37,454.8617858887,-55.4987983704,5.5441999435,0,True,True,False,False,False,False
37,457.699005127,-54.9025993347,5.5524997711,0,True,True,False,False,False,False
37,465.5859069824,-54.9919013977,5.2800002098,0,True,True,False,False,False,False
37,472.4041137695,-57.2080993652,5.5476999283,0,True,True,False,False,False,False
37,475.3587036133,-56.6442985535,5.554500103,0,True,True,False,False,False,False
37,479.5729064941,-56.6357002258,5.3741002083,0,True,True,False,False,False,False
37,486.2484130859,-57.0531005859,5.0808000565,0,True,True,False,False,False,False
37,489.5697937012,-55.4957008362,5.4180002213,0,True,True,False,False,False,False
37,495.8283996582,-57.2182006836,5.5689001083,0,True,True,False,False,False,False
37,497.9566040039,-57.3777008057,5.5190000534,0,True,True,False,False,False,False
37,505.8086853027,-57.7242012024,5.3825001717,0,True,True,False,False,False,False
37,508.2810974121,-58.1250991821,5.516600132,0,True,True,False,False,False,False
37,516.5831298828,-58.6041984558,5.3386998177,0,True,True,False,False,False,False
37,515.3865966797,-58.7293014526,5.4433999062,0,True,True,False,False,False,False
37,523.4998779297,-58.4525985718,5.1413998604,0,True,True,False,False,False,False
37,527.7647705078,-58.5629997253,5.2540998459,0,True,True,False,False,False,False
37,532.0023803711,-57.567199707,5.2223000526,0,True,True,False,False,False,False
37,536.2855834961,-58.8437004089,5.443500042,0,True,True,False,False,False,False
37,539.7125244141,-59.1460990906,5.2336997986,0,True,True,False,False,False,False
37,541.2164916992,-58.6169013977,5.3888998032,0,True,False,False,False,False,False
37,546.5413208008,-59.6062011719,5.1963000298,0,True,False,False,False,False,False
37,553.287109375,-59.9003982544,5.3618001938,0,True,False,False,False,False,False
37,554.9329223633,-59.7864990234,5.1543998718,0,True,False,False,False,False,False
37,556.5797119141,-60.6188011169,5.2778000832,0,True,False,False,False,False,False
37,566.7888183594,-59.7989006042,5.4349999428,0,True,False,False,False,False,False
37,569.4940185547,-59.3604011536,5.157599926,0,True,False,False,False,False,False
37,570.9047241211,-60.2593002319,5.3790998459,0,True,False,False,False,False,False
37,571.7337036133,-59.5519981384,5.0364999771,0,True,False,False,False,False,False
37,578.6323242188,-60.2408981323,4.8382000923,0,True,False,False,False,False,False
37,583.1564941406,-59.6021003723,4.7919998169,0,True,False,False,False,False,False
37,589.5474853516,-59.5990982056,5.1915001869,0,True,False,False,False,False,False
37,589.228515625,-59.159198761,5.0920000076,0,True,False,False,False,False,False
37,592.1486206055,-59.8683013916,5.36439991,0,True,False,False,False,False,False
37,596.5814208984,-59.7001991272,5.0450000763,0,True,False,False,False,False,False
37,598.4235839844,-59.9621009827,5.2203998566,0,True,False,False,False,False,False
37,604.3024291992,-59.8642997742,5.2220001221,0,True,False,False,False,False,False
37,606.4619140625,-59.7358016968,5.0528998375,0,True,False,False,False,False,False
37,608.9257202148,-58.9922981262,5.0029997826,0,True,False,False,False,False,False
37,614.1931762695,-59.5648994446,5.1578998566,0,True,False,False,False,False,False
37,615.662109375,-59.9262008667,4.8845000267,0,True,False,False,False,False,False
37,622.4874267578,-59.4907989502,4.9888000488,0,True,False,False,False,False,False
37,618.4647827148,-58.9207000732,4.9390997887,0,True,False,False,False,False,False
37,627.4786987305,-59.6383018494,4.6414999962,0,True,False,False,False,False,False
37,628.7056884766,-57.9589996338,4.6525001526,0,True,False,False,False,False,False
37,630.4719848633,-58.057800293,4.728099823,0,True,False,False,False,False,False
37,634.1806030273,-59.0248985291,4.6654000282,0,True,False,False,False,False,False
37,635.8872070312,-58.7272987366,4.7326002121,0,True,False,False,False,False,False
37,639.0635986328,-58.6338996887,4.8032999039,0,True,False,False,False,False,False
37,638.8385009766,-58.072101593,4.5956997871,0,True,False,False,False,False,False
37,648.7678833008,-58.216999054,4.5559000969,0,True,False,False,False,False,False
37,649.276184082,-58.2505989075,4.8559999466,0,True,False,False,False,False,False
37,654.0648193359,-57.4472007751,4.7487998009,0,True,False,False,False,False,False
37,656.5878295898,-57.207698822,4.912899971,0,True,False,False,False,False,False
37,653.8864746094,-57.4767990112,4.6405000687,0,True,False,False,False,False,False
37,661.9375,-57.4020996094,4.8859000206,0,True,False,False,False,False,False
37,661.8170166016,-57.0513000488,4.8464999199,0,True,False,False,False,False,False
37,664.5748901367,-56.2328987122,4.6307001114,0,True,False,False,False,False,False
37,666.8786010742,-56.259601593,4.7294001579,0,True,False,False,False,False,False
37,668.7308959961,-56.1772003174,4.5332999229,0,True,False,False,False,False,False
37,672.4613037109,-56.1819000244,4.4183998108,0,True,False,False,False,False,False
37,677.1500244141,-55.792301178,4.75,0,True,False,False,False,False,False
37,675.1011962891,-55.2761993408,4.7361998558,0,True,False,False,False,False,False
37,678.0944824219,-55.679599762,5.0156002045,0,True,False,False,False,False,False
37,681.9760131836,-55.645401001,4.2919998169,0,True,False,False,False,False,False
37,685.0416870117,-54.988899231,4.8081998825,0,True,False,False,False,False,False
37,686.4392089844,-56.0061988831,4.6476998329,0,True,False,False,False,False,False
37,687.3925170898,-56.192199707,4.8104000092,0,True,False,False,False,False,False
37,690.0812988281,-54.4630012512,4.7372999191,0,True,False,False,False,False,False
37,694.1052856445,-54.4040985107,4.3666000366,0,True,False,False,False,False,False
37,699.6694946289,-55.0077018738,4.7097997665,0,True,False,False,False,False,False
37,702.0518188477,-54.229801178,4.6508998871,0,True,False,False,False,False,False
37,699.2061767578,-53.5792007446,4.4583997726,0,True,False,False,False,False,False
37,699.1959838867,-54.0453987122,4.597099781,0,True,False,False,False,False,False
37,703.0391845703,-54.0120010376,4.5153999329,0,True,False,False,False,False,False
37,705.7360839844,-53.5015983582,4.6714000702,0,True,False,False,False,False,False
37,708.8516235352,-53.9053001404,4.704199791,0,True,False,False,False,False,False
37,712.9420166016,-54.1402015686,4.736000061,0,True,False,False,False,False,False
37,711.2163085938,-54.8869018555,4.5137000084,0,True,False,False,False,False,False
38,196.8551025391,-49.045501709,5.8569002151,0,True,True,False,False,False,False
38,207.6887969971,-50.1990013123,5.4345002174,0,True,True,False,False,False,False
38,214.3343963623,-49.4817008972,5.7470998764,0,True,True,False,False,False,False
38,222.7017059326,-49.0486984253,5.7368001938,0,True,True,False,False,False,False
38,231.4181060791,-48.9015007019,5.6600999832,0,True,True,False,False,False,False
38,239.37449646,-48.0825004578,6.160299778,0,True,True,False,False,False,False
38,251.2906036377,-48.7569007874,5.8626999855,0,True,True,False,False,False,False
38,254.9880981445,-48.8979988098,5.8722000122,0,True,True,False,False,False,False
38,263.9280090332,-48.5414009094,5.8330001831,0,True,True,False,False,False,False
38,269.5603942871,-47.7785987854,6.0050001144,0,True,True,False,False,False,False
38,281.1929931641,-47.5264015198,5.6493000984,0,True,True,False,False,False,False
38,284.2973937988,-48.7789001465,6.0521001816,0,True,True,False,False,False,False
38,289.628692627,-48.4352989197,5.8859000206,0,True,True,False,False,False,False
38,299.5328979492,-47.2251014709,5.5718998909,0,True,True,False,False,False,False
38,303.7661132812,-48.3718986511,6.1208000183,0,True,True,False,False,False,False
38,313.1624145508,-48.226398468,6.0581002235,0,True,True,False,False,False,False
38,319.5451965332,-47.9300994873,5.6403999329,0,True,True,False,False,False,False
38,321.9325866699,-48.3544998169,5.8452000618,0,True,True,False,False,False,False
38,328.8103942871,-48.0568008423,5.8688001633,0,True,True,False,False,False,False
38,336.3218078613,-47.0047988892,5.6823000908,0,True,True,False,False,False,False
38,344.7431030273,-48.3003005981,5.9917998314,0,True,True,False,False,False,False
38,351.8232116699,-47.7990989685,6.1424999237,0,True,True,False,False,False,False
38,356.0600891113,-48.681098938,5.6907000542,0,True,True,False,False,False,False
38,362.2182006836,-48.4672012329,5.8056998253,0,True,True,False,False,False,False
38,369.5614929199,-47.9949989319,5.9563999176,0,True,True,False,False,False,False
38,375.7572021484,-48.7160987854,6.0315999985,0,True,True,False,False,False,False
38,380.645690918,-47.6963005066,5.7797999382,0,True,True,False,False,False,False
38,386.8320922852,-48.8106994629,5.6318001747,0,True,True,False,False,False,False
38,392.0932922363,-48.9000015259,5.9084000587,0,True,True,False,False,False,False
38,399.6398925781,-48.3688011169,5.7516999245,0,True,True,False,False,False,False
38,401.8428955078,-50.2127990723,5.6870999336,0,True,True,False,False,False,False
38,409.5736083984,-50.2028999329,5.9665999413,0,True,True,False,False,False,False
38,413.0350952148,-48.5954017639,5.9830999374,0,True,True,False,False,False,False
38,421.3544006348,-49.3693008423,5.8628997803,0,True,True,False,False,False,False
38,424.9028930664,-49.959400177,5.8099999428,0,True,True,False,False,False,False
38,431.112701416,-50.0724983215,5.5700001717,0,True,True,False,False,False,False
38,431.515411377,-49.2834014893,5.8835000992,0,True,True,False,False,False,False
38,442.1654968262,-50.0491981506,5.5197000504,0,True,True,False,False,False,False
38,447.0380859375,-50.9649009705,5.8907999992,0,True,True,False,False,False,False
38,451.1866149902,-50.3658981323,5.8899002075,0,True,True,False,False,False,False
38,454.9077148438,-50.8447990417,5.8983001709,0,True,True,False,False,False,False
38,459.1221008301,-51.1470985413,5.5290999413,0,True,True,False,False,False,False
38,465.0210876465,-51.3977012634,5.8467001915,0,True,True,False,False,False,False
38,471.2210998535,-50.9243011475,5.7460999489,0,True,True,False,False,False,False
38,471.0979003906,-50.3101997375,5.7030000687,0,True,True,False,False,False,False
38,477.8822937012,-51.898601532,5.7171998024,0,True,True,False,False,False,False
38,481.4421081543,-52.2411994934,5.787899971,0,True,True,False,False,False,False
38,489.0895080566,-52.085899353,5.5198001862,0,True,True,False,False,False,False
38,490.2666015625,-51.9704017639,5.8193001747,0,True,True,False,False,False,False
38,496.4324951172,-52.2439994812,5.6827998161,0,True,True,False,False,False,False
38,498.3999023438,-53.0232009888,5.5460000038,0,True,True,False,False,False,False
38,502.9920959473,-52.817401886,5.6384000778,0,True,True,False,False,False,False
38,508.4515075684,-52.3978996277,5.8375000954,0,True,True,False,False,False,False
38,508.3273925781,-52.4947013855,5.6058998108,0,True,True,False,False,False,False
38,516.7125244141,-52.6562004089,5.5510997772,0,True,True,False,False,False,False
38,518.0014038086,-52.6083984375,5.7501001358,0,True,True,False,False,False,False
38,523.5891723633,-52.8574981689,5.6859002113,0,True,True,False,False,False,False
38,525.5733032227,-53.3199005127,5.6470999718,0,True,True,False,False,False,False
38,531.3638916016,-53.0859985352,5.4386000633,0,True,True,False,False,False,False
38,534.7426147461,-53.5307006836,5.7797999382,0,True,True,False,False,False,False
38,538.3919067383,-53.8050994873,5.4498000145,0,True,True,False,False,False,False
38,541.7476806641,-53.9525985718,5.2076997757,0,True,False,False,False,False,False
38,545.7769775391,-54.7640991211,5.6220002174,0,True,False,False,False,False,False
38,552.1511230469,-53.6815986633,5.590400219,0,True,False,False,False,False,False
38,551.4434204102,-54.5041007996,5.4193000793,0,True,False,False,False,False,False
38,554.7926025391,-54.846698761,5.4400000572,0,True,False,False,False,False,False
38,561.8590698242,-53.6285018921,5.4607000351,0,True,False,False,False,False,False
38,563.3726806641,-53.7102012634,5.579100132,0,True,False,False,False,False,False
38,565.7446289062,-54.0052986145,5.511300087,0,True,False,False,False,False,False
38,571.8745117188,-53.5224990845,5.5068998337,0,True,False,False,False,False,False
38,572.5269775391,-54.3098983765,5.2288999557,0,True,False,False,False,False,False
38,570.022277832,-53.7675018311,5.2052998543,0,True,False,False,False,False,False
38,576.0004882812,-53.1599998474,5.4313001633,0,True,False,False,False,False,False
38,580.9661254883,-54.0766983032,5.1820998192,0,True,False,False,False,False,False
38,588.0634765625,-53.5368003845,5.2582001686,0,True,False,False,False,False,False
38,588.1499023438,-53.5084991455,5.1950001717,0,True,False,False,False,False,False
38,589.7379760742,-54.6688995361,5.491399765,0,True,False,False,False,False,False
38,593.0770263672,-52.9570007324,5.3485999107,0,True,False,False,False,False,False
38,596.0565795898,-53.3712997437,5.3173999786,0,True,False,False,False,False,False
38,594.720703125,-52.9945983887,5.1451001167,0,True,False,False,False,False,False
38,598.7199707031,-53.7010002136,5.3228001595,0,True,False,False,False,False,False
38,602.7247924805,-53.4852981567,5.2990999222,0,True,False,False,False,False,False
38,607.7811889648,-51.6297988892,5.2209000587,0,True,False,False,False,False,False
38,609.4517211914,-52.1484985352,5.255300045,0,True,False,False,False,False,False
38,613.8886108398,-52.2617988586,5.0981998444,0,True,False,False,False,False,False
38,614.9783935547,-52.0541992188,5.0845999718,0,True,False,False,False,False,False
38,615.6926269531,-51.1890983582,5.119699955,0,True,False,False,False,False,False
38,617.7824707031,-51.3025016785,5.0802998543,0,True,False,False,False,False,False
38,624.7600097656,-51.4375,5.0363998413,0,True,False,False,False,False,False
38,621.0424194336,-51.5574989319,4.9298000336,0,True,False,False,False,False,False
38,621.0733032227,-50.9947013855,4.9052000046,0,True,False,False,False,False,False
38,629.1666870117,-50.9644012451,5.1047000885,0,True,False,False,False,False,False
38,631.8527832031,-51.509601593,5.1567997932,0,True,False,False,False,False,False
38,631.0838012695,-51.6880989075,5.0696997643,0,True,False,False,False,False,False
38,632.6553955078,-51.0012016296,4.8878002167,0,True,False,False,False,False,False
38,637.9392700195,-49.7461013794,5.095099926,0,True,False,False,False,False,False
38,639.762878418,-50.6362991333,5.3092999458,0,True,False,False,False,False,False
38,641.3557739258,-50.6291007996,4.7623000145,0,True,False,False,False,False,False
38,642.8134155273,-50.007900238,5.2722001076,0,True,False,False,False,False,False
38,647.1365966797,-48.9972000122,4.9475002289,0,True,False,False,False,False,False
38,647.7866821289,-48.6398010254,5.0625,0,True,False,False,False,False,False
38,653.6284179688,-48.7164001465,4.8875999451,0,True,False,False,False,False,False
38,651.8502197266,-49.4160995483,4.983300209,0,True,False,False,False,False,False
38,656.3338012695,-48.8064002991,4.9457001686,0,True,False,False,False,False,False
38,654.2470092773,-48.8771018982,5.0834999084,0,True,False,False,False,False,False
38,657.6456298828,-49.1553001404,5.1029000282,0,True,False,False,False,False,False
38,662.4489135742,-49.2580986023,4.7933998108,0,True,False,False,False,False,False
38,664.1192016602,-48.3737983704,4.7881999016,0,True,False,False,False,False,False
38,662.8225708008,-49.3549003601,4.9278998375,0,True,False,False,False,False,False
38,665.6655883789,-48.8508987427,4.98939991,0,True,False,False,False,False,False
38,670.5042114258,-47.9191017151,4.9046001434,0,True,False,False,False,False,False
38,675.2322998047,-47.7187004089,5.0097999573,0,True,False,False,False,False,False
38,671.6267700195,-47.3273010254,4.7206001282,0,True,False,False,False,False,False
38,672.2366943359,-47.8026008606,4.9184999466,0,True,False,False,False,False,False
38,678.2474975586,-47.1222000122,5.0373001099,0,True,False,False,False,False,False
38,681.270324707,-47.9430999756,5.109000206,0,True,False,False,False,False,False
38,678.6591186523,-47.4011001587,4.8169999123,0,True,False,False,False,False,False
38,684.5980834961,-47.2951011658,4.9457998276,0,True,False,False,False,False,False
38,689.2006835938,-47.5812988281,4.6817002296,0,True,False,False,False,False,False
38,684.0989990234,-48.0292015076,4.6592001915,0,True,False,False,False,False,False
38,689.2647705078,-48.548500061,4.8474001884,0,True,False,False,False,False,False
38,689.0263061523,-47.1619987488,4.5957999229,0,True,False,False,False,False,False
38,692.7971801758,-48.7770004272,4.8944997787,0,True,False,False,False,False,False
38,692.6580810547,-47.9436988831,5.089700222,0,True,False,False,False,False,False
38,695.3037109375,-48.2863006592,4.7817997932,0,True,False,False,False,False,False
38,698.0916137695,-48.9930992126,4.9977002144,0,True,False,False,False,False,False
38,702.2459716797,-47.3736991882,4.9583001137,0,True,False,False,False,False,False
38,702.1331176758,-48.2328987122,4.7164998055,0,True,False,False,False,False,False
38,704.5023803711,-49.4418983459,4.9664998055,0,True,False,False,False,False,False
38,701.7363891602,-48.6960983276,4.8161001205,0,True,False,False,False,False,False
38,705.6372070312,-49.2685012817,5.0504999161,0,True,False,False,False,False,False
38,708.6674194336,-49.1719017029,4.8892002106,0,True,False,False,False,False,False
38,707.4749755859,-48.7624015808,4.9210000038,0,True,False,False,False,False,False
38,712.3372802734,-49.5567016602,5.1998000145,0,True,False,False,False,False,False
38,714.227722168,-49.4140014648,5.0612001419,0,True,False,False,False,False,False
38,712.7846069336,-50.1337013245,4.9152998924,0,True,False,False,False,False,False
39,200.3193054199,-40.1026992798,6.0303001404,0,True,True,False,False,False,False
39,209.7857971191,-40.6999015808,6.0341000557,0,True,True,False,False,False,False
39,213.7709960938,-40.8186988831,5.6956000328,0,True,True,False,False,False,False
39,224.0458068848,-40.4285011292,5.9618000984,0,True,True,False,False,False,False
39,233.1569061279,-40.0960006714,6.100399971,0,True,True,False,False,False,False
39,235.7086029053,-40.1427993774,5.8031997681,0,True,True,False,False,False,False
39,247.9700927734,-40.356300354,6.0187997818,0,True,True,False,False,False,False
39,251.0153961182,-40.7305984497,5.8948998451,0,True,True,False,False,False,False
39,258.5798034668,-39.0377998352,5.9036998749,0,True,True,False,False,False,False
39,265.4609985352,-39.6255989075,5.8720002174,0,True,True,False,False,False,False
39,271.6943969727,-39.6525993347,6.1052999496,0,True,True,False,False,False,False
39,279.0965881348,-39.2187004089,6.0517997742,0,True,True,False,False,False,False
39,284.9274902344,-40.1647987366,6.0805001259,0,True,True,False,False,False,False
39,294.9397888184,-39.7643013,5.6670999527,0,True,True,False,False,False,False
39,303.7311096191,-39.3760986328,5.8708000183,0,True,True,False,False,False,False
39,308.1821899414,-39.5311012268,5.9292001724,0,True,True,False,False,False,False
39,315.6520996094,-40.0055999756,5.8975000381,0,True,True,False,False,False,False
39,320.9020080566,-39.0864982605,6.0580000877,0,True,True,False,False,False,False
39,327.9677124023,-38.7664985657,5.8675999641,0,True,True,False,False,False,False
39,334.1477050781,-39.0246009827,5.7003998756,0,True,True,False,False,False,False
39,339.4021911621,-40.4603996277,5.7569999695,0,True,True,False,False,False,False
39,345.666595459,-39.1123008728,6.053800106,0,True,True,False,False,False,False
39,351.6463012695,-39.2829017639,5.953499794,0,True,True,False,False,False,False
39,358.4030151367,-39.0507011414,5.5109000206,0,True,True,False,False,False,False
39,364.1754150391,-39.9463005066,6.0170998573,0,True,True,False,False,False,False
39,370.0863952637,-40.179599762,6.113699913,0,True,True,False,False,False,False
39,374.4548034668,-39.0727996826,6.0774998665,0,True,True,False,False,False,False
39,379.428314209,-40.2509994507,6.0562000275,0,True,True,False,False,False,False
39,388.6217041016,-40.5732002258,5.8839001656,0,True,True,False,False,False,False
39,391.8092041016,-40.5073013306,5.5423002243,0,True,True,False,False,False,False
39,395.4732971191,-40.6007995605,5.7024002075,0,True,True,False,False,False,False
39,401.3023986816,-40.2928009033,5.9506998062,0,True,True,False,False,False,False
39,407.1390991211,-40.9967002869,6.0057997704,0,True,True,False,False,False,False
39,410.5917053223,-39.9674987793,5.6387000084,0,True,True,False,False,False,False
39,418.6611022949,-40.7072982788,5.8860001564,0,True,True,False,False,False,False
39,421.1069030762,-41.4711990356,5.8285999298,0,True,True,False,False,False,False
39,424.9209899902,-40.6351013184,5.7624998093,0,True,True,False,False,False,False
39,431.7668151855,-42.1273994446,5.7262001038,0,True,True,False,False,False,False
39,436.937286377,-41.7084999084,5.7469000816,0,True,True,False,False,False,False
39,441.259185791,-41.9477996826,5.9310998917,0,True,True,False,False,False,False
39,444.7750854492,-42.1814994812,5.8990998268,0,True,True,False,False,False,False
39,449.3476867676,-42.2050018311,5.960100174,0,True,True,False,False,False,False
39,455.987487793,-41.7636985779,5.8070998192,0,True,True,False,False,False,False
39,457.8414001465,-41.5346984863,5.8193001747,0,True,True,False,False,False,False
39,465.8554077148,-42.5113983154,5.6048002243,0,True,True,False,False,False,False
39,467.0296936035,-43.271900177,5.9443001747,0,True,True,False,False,False,False
39,470.5473022461,-43.0488014221,5.8752999306,0,True,True,False,False,False,False
39,472.6593017578,-44.3394012451,5.6192002296,0,True,True,False,False,False,False
39,481.1395874023,-44.0625,5.5973000526,0,True,True,False,False,False,False
39,482.4320983887,-43.9672012329,5.6763000488,0,True,True,False,False,False,False
39,488.3970031738,-44.0494995117,5.7761001587,0,True,True,False,False,False,False
39,490.80859375,-44.8782997131,5.8765001297,0,True,True,False,False,False,False
39,493.6805114746,-43.6963996887,5.6683001518,0,True,True,False,False,False,False
39,496.3750915527,-43.4846000671,5.5233001709,0,True,True,False,False,False,False
39,503.1853942871,-45.6988983154,5.636300087,0,True,True,False,False,False,False
39,504.1600036621,-45.1879997253,5.6066999435,0,True,True,False,False,False,False
39,508.1438903809,-46.0191001892,5.6647000313,0,True,True,False,False,False,False
39,514.8040161133,-44.4359016418,5.5643000603,0,True,True,False,False,False,False
39,517.0734863281,-44.8521003723,5.7537999153,0,True,True,False,False,False,False
39,519.4677124023,-44.548500061,5.4331002235,0,True,True,False,False,False,False
39,526.1578979492,-44.8465003967,5.5423002243,0,True,True,False,False,False,False
39,531.0369873047,-44.9362983704,5.6852998734,0,True,True,False,False,False,False
39,531.4036254883,-45.4457015991,5.428800106,0,True,True,False,False,False,False
39,536.6918945312,-47.0896987915,5.279900074,0,True,True,False,False,False,False
39,541.8881835938,-45.1874008179,5.5686001778,0,True,False,False,False,False,False
39,544.5122070312,-45.8117980957,5.5437998772,0,True,False,False,False,False,False
39,546.5662231445,-44.6194992065,5.7897000313,0,True,False,False,False,False,False
39,551.4506225586,-46.2891998291,5.4036002159,0,True,False,False,False,False,False
39,553.4022827148,-45.0393981934,5.4797000885,0,True,False,False,False,False,False
39,554.7604980469,-44.7711982727,5.4007000923,0,True,False,False,False,False,False
39,558.8193969727,-45.2270011902,5.2835001945,0,True,False,False,False,False,False
39,560.6782226562,-45.5511016846,5.2273001671,0,True,False,False,False,False,False
39,562.5756835938,-45.154499054,5.2691998482,0,True,False,False,False,False,False
39,564.4404907227,-46.3044013977,5.3266000748,0,True,False,False,False,False,False
39,568.142578125,-45.9403991699,5.0767998695,0,True,False,False,False,False,False
39,573.4055786133,-45.0191001892,5.3070001602,0,True,False,False,False,False,False
39,578.1409912109,-45.2308998108,5.545899868,0,True,False,False,False,False,False
39,581.129699707,-44.7897987366,5.3147997856,0,True,False,False,False,False,False
39,582.7725830078,-43.9800987244,5.2185997963,0,True,False,False,False,False,False
39,583.6605224609,-45.4403991699,5.3452000618,0,True,False,False,False,False,False
39,582.4111938477,-45.0301017761,5.2122001648,0,True,False,False,False,False,False
39,586.2348022461,-44.692401886,5.3085999489,0,True,False,False,False,False,False
39,591.3284301758,-44.1525993347,5.0652999878,0,True,False,False,False,False,False
39,593.475402832,-44.3688011169,5.0963001251,0,True,False,False,False,False,False
39,594.37109375,-44.0307998657,5.3453998566,0,True,False,False,False,False,False
39,601.5164794922,-43.9740982056,5.1100997925,0,True,False,False,False,False,False
39,603.2362060547,-43.7761993408,5.1156001091,0,True,False,False,False,False,False
39,602.3308105469,-43.5750007629,5.1497998238,0,True,False,False,False,False,False
39,606.8090209961,-43.3979988098,5.1293997765,0,True,False,False,False,False,False
39,610.0463256836,-42.8409996033,5.0700998306,0,True,False,False,False,False,False
39,611.6417236328,-42.8047981262,5.1630997658,0,True,False,False,False,False,False
39,610.3204956055,-42.2374992371,5.0135002136,0,True,False,False,False,False,False
39,615.5756225586,-42.9945983887,4.9868998528,0,True,False,False,False,False,False
39,614.5816040039,-42.2662010193,5.1385998726,0,True,False,False,False,False,False
39,619.4716186523,-42.8093986511,5.1946997643,0,True,False,False,False,False,False
39,620.8933105469,-42.4017982483,5.1121997833,0,True,False,False,False,False,False
39,625.9237060547,-41.4673995972,4.7607002258,0,True,False,False,False,False,False
39,624.233581543,-40.9547996521,5.117099762,0,True,False,False,False,False,False
39,630.9512939453,-41.5956001282,5.0885000229,0,True,False,False,False,False,False
39,630.6729125977,-41.8307991028,4.9291000366,0,True,False,False,False,False,False
39,630.4912109375,-41.5054016113,4.793900013,0,True,False,False,False,False,False
39,636.924987793,-41.3539009094,4.9418001175,0,True,False,False,False,False,False
39,636.7033081055,-40.9757003784,4.9165000916,0,True,False,False,False,False,False
39,639.1135253906,-41.1589012146,4.9994997978,0,True,False,False,False,False,False
39,641.7716064453,-40.3380012512,4.9949998856,0,True,False,False,False,False,False
39,639.6514282227,-40.1180992126,4.9516000748,0,True,False,False,False,False,False
39,643.4827880859,-39.7198982239,4.9370999336,0,True,False,False,False,False,False
39,647.0682983398,-40.1987991333,5.007900238,0,True,False,False,False,False,False
39,649.2542724609,-40.4472999573,5.0497999191,0,True,False,False,False,False,False
39,656.1085205078,-39.8955993652,5.0022001266,0,True,False,False,False,False,False
39,653.6539916992,-39.6654014587,5.2539000511,0,True,False,False,False,False,False
39,656.8654174805,-39.0862998962,5.3228001595,0,True,False,False,False,False,False
39,657.7330932617,-39.9371986389,4.9931001663,0,True,False,False,False,False,False
39,656.1771240234,-39.487701416,5.0886001587,0,True,False,False,False,False,False
39,659.792175293,-39.0493011475,4.7368001938,0,True,False,False,False,False,False
39,659.3179931641,-39.5287017822,5.2516999245,0,True,False,False,False,False,False
39,665.0919799805,-39.1730003357,4.915500164,0,True,False,False,False,False,False
39,666.5485839844,-39.2074012756,4.8109998703,0,True,False,False,False,False,False
39,665.9149780273,-39.6464004517,4.9237999916,0,True,False,False,False,False,False
39,667.5762939453,-39.3568000793,4.8179001808,0,True,False,False,False,False,False
39,675.9799194336,-38.8917007446,4.934800148,0,True,False,False,False,False,False
39,673.5156860352,-39.9628982544,4.9861998558,0,True,False,False,False,False,False
39,675.9600219727,-40.1607017517,4.7537999153,0,True,False,False,False,False,False
39,677.3336791992,-39.4098014832,5.0609998703,0,True,False,False,False,False,False
39,678.6605834961,-40.1885986328,5.1679000854,0,True,False,False,False,False,False
39,681.4251708984,-40.6562004089,5.0577001572,0,True,False,False,False,False,False
39,680.5111083984,-39.4753990173,5.037899971,0,True,False,False,False,False,False
39,684.7247924805,-40.3899002075,5.1381998062,0,True,False,False,False,False,False
39,687.8081054688,-40.0881996155,5.0261001587,0,True,False,False,False,False,False
39,681.1868286133,-40.3779983521,5.1989998817,0,True,False,False,False,False,False
39,687.7592773438,-39.8143997192,4.7265000343,0,True,False,False,False,False,False
39,687.3565063477,-40.1108016968,5.0437002182,0,True,False,False,False,False,False
39,691.4412841797,-40.1444015503,4.8902001381,0,True,False,False,False,False,False
39,690.6038208008,-41.123500824,4.8703999519,0,True,False,False,False,False,False
39,694.6624145508,-40.5108985901,4.9170999527,0,True,False,False,False,False,False
39,694.5053100586,-41.126499176,5.0767002106,0,True,False,False,False,False,False
39,697.8530883789,-41.1944999695,4.6957001686,0,True,False,False,False,False,False
39,698.6640014648,-41.2733001709,5.2442002296,0,True,False,False,False,False,False
39,700.4445800781,-41.4627990723,5.2973999977,0,True,False,False,False,False,False
39,700.6113891602,-41.3398017883,4.9668002129,0,True,False,False,False,False,False
39,701.8203735352,-43.079498291,4.8593997955,0,True,False,False,False,False,False
39,705.9279785156,-42.0777015686,4.9795999527,0,True,False,False,False,False,False
39,711.3486938477,-43.2610015869,5.0908999443,0,True,False,False,False,False,False
39,708.4525756836,-43.1283988953,5.190100193,0,True,False,False,False,False,False
39,709.9104003906,-41.9397010803,5.2321000099,0,True,False,False,False,False,False
39,711.2692871094,-42.5245018005,5.0872998238,0,True,False,False,False,False,False
39,713.5598144531,-43.0523986816,5.0609002113,0,True,False,False,False,False,False
40,199.2062988281,-51.8847999573,6.0806999207,0,True,True,False,False,False,False
40,207.4542999268,-51.8615989685,6.2207999229,0,True,True,False,False,False,False
40,215.4530944824,-51.1072998047,6.2080998421,0,True,True,False,False,False,False
40,225.2350006104,-51.8549995422,6.3579998016,0,True,True,False,False,False,False
40,233.0540924072,-51.7661018372,6.2217998505,0,True,True,False,False,False,False
40,240.4972991943,-51.6637992859,6.171500206,0,True,True,False,False,False,False
40,246.2630004883,-51.6780014038,6.7213997841,0,True,True,False,False,False,False
40,253.9232940674,-52.0475006104,6.4035000801,0,True,True,False,False,False,False
40,262.2936096191,-51.1660995483,6.6118998528,0,True,True,False,False,False,False
40,271.1120910645,-50.7062988281,5.945400238,0,True,True,False,False,False,False
40,278.5357971191,-50.6599006653,6.4152002335,0,True,True,False,False,False,False
40,286.3817138672,-50.3073005676,6.3294000626,0,True,True,False,False,False,False
40,292.3980102539,-51.3810997009,6.440100193,0,True,True,False,False,False,False
40,299.3616027832,-50.5078010559,6.2197999954,0,True,True,False,False,False,False
40,307.7486877441,-51.3265991211,6.6812000275,0,True,True,False,False,False,False
40,316.8283081055,-50.9356994629,6.3914999962,0,True,True,False,False,False,False
40,318.4211120605,-50.378200531,6.2425999641,0,True,True,False,False,False,False
40,331.3221130371,-49.6517982483,6.3322000504,0,True,True,False,False,False,False
40,332.4549865723,-50.4449996948,6.2112998962,0,True,True,False,False,False,False
40,341.9754943848,-50.0685997009,6.3280000687,0,True,True,False,False,False,False
40,347.4035949707,-51.1791992188,6.5047001839,0,True,True,False,False,False,False
40,353.0741882324,-49.7439002991,6.3933000565,0,True,True,False,False,False,False
40,361.2695922852,-51.216999054,6.156899929,0,True,True,False,False,False,False
40,371.0840148926,-50.9150009155,6.3459000587,0,True,True,False,False,False,False
40,371.0018920898,-51.9678993225,6.4327998161,0,True,True,False,False,False,False
40,380.0333862305,-51.2043991089,6.3434000015,0,True,True,False,False,False,False
40,384.0700073242,-50.8917999268,6.3355998993,0,True,True,False,False,False,False
40,391.053314209,-51.2620010376,6.2055001259,0,True,True,False,False,False,False
40,395.8308105469,-51.0004997253,6.2663998604,0,True,True,False,False,False,False
40,401.6654968262,-51.3997001648,6.3667001724,0,True,True,False,False,False,False
40,406.1835021973,-50.396900177,6.1472997665,0,True,True,False,False,False,False
40,410.5042114258,-51.2778015137,6.5647997856,0,True,True,False,False,False,False
40,419.0654907227,-51.1525993347,6.2733001709,0,True,True,False,False,False,False
40,420.8230895996,-52.5843009949,6.3393001556,0,True,True,False,False,False,False
40,427.6691894531,-52.6554985046,6.2498002052,0,True,True,False,False,False,False
40,437.3562011719,-53.1367988586,6.0967001915,0,True,True,False,False,False,False
40,438.0552062988,-52.1380004883,6.108399868,0,True,True,False,False,False,False
40,442.1944885254,-52.2275009155,6.3470001221,0,True,True,False,False,False,False
40,450.6039123535,-52.6343994141,6.1159000397,0,True,True,False,False,False,False
40,455.4318847656,-52.6067008972,6.1307997704,0,True,True,False,False,False,False
40,458.7835083008,-53.2752990723,6.060500145,0,True,True,False,False,False,False
40,465.9408874512,-54.3558998108,6.321199894,0,True,True,False,False,False,False
40,470.3317871094,-53.1981010437,6.2248001099,0,True,True,False,False,False,False
40,476.5469970703,-53.6021003723,6.0746002197,0,True,True,False,False,False,False
40,478.6119995117,-53.5057983398,6.1614999771,0,True,True,False,False,False,False
40,484.0346069336,-53.4453010559,6.0612001419,0,True,True,False,False,False,False
40,485.2083129883,-55.076499939,6.1497001648,0,True,True,False,False,False,False
40,496.5184020996,-55.084400177,6.0773000717,0,True,True,False,False,False,False
40,496.816192627,-54.1537017822,5.9935998917,0,True,True,False,False,False,False
40,498.9829101562,-55.0983009338,6.1201000214,0,True,True,False,False,False,False
40,501.0437927246,-54.7565994263,6.1572999954,0,True,True,False,False,False,False
40,512.7911987305,-55.6242980957,5.910299778,0,True,True,False,False,False,False
40,514.0369873047,-55.663898468,6.0770001411,0,True,True,False,False,False,False
40,516.9609985352,-55.8443984985,6.2406997681,0,True,True,False,False,False,False
40,523.6246948242,-55.6038017273,6.0254001617,0,True,True,False,False,False,False
40,522.1821899414,-55.8325996399,6.0071997643,0,True,True,False,False,False,False
40,531.1052856445,-55.4131011963,5.9344000816,0,True,True,False,False,False,False
40,532.4799804688,-55.388999939,6.3517999649,0,True,True,False,False,False,False
40,533.563293457,-55.8387985229,6.1666998863,0,True,True,False,False,False,False
40,541.5941162109,-56.1026992798,5.8860998154,0,True,False,False,False,False,False
40,545.5275268555,-56.451499939,6.1031999588,0,True,False,False,False,False,False
40,546.9782714844,-56.0800018311,5.968100071,0,True,False,False,False,False,False
40,549.3823852539,-56.4095993042,5.9878001213,0,True,False,False,False,False,False
40,555.9602050781,-55.9889984131,5.9338002205,0,True,False,False,False,False,False
40,560.0858154297,-56.2487983704,5.7244000435,0,True,False,False,False,False,False
40,564.2761230469,-56.6898002625,5.825799942,0,True,False,False,False,False,False
40,566.294921875,-56.7135009766,5.9872999191,0,True,False,False,False,False,False
40,568.0709838867,-56.9710006714,5.8667001724,0,True,False,False,False,False,False
40,573.7315063477,-56.1506004333,5.866399765,0,True,False,False,False,False,False
40,573.2412719727,-56.0702018738,5.8618998528,0,True,False,False,False,False,False
40,576.0184936523,-56.9323005676,6.0479998589,0,True,False,False,False,False,False
40,578.4312133789,-56.6055984497,5.8699998856,0,True,False,False,False,False,False
40,586.6926879883,-55.6501998901,5.6743998528,0,True,False,False,False,False,False
40,587.6740722656,-55.9571990967,5.6705999374,0,True,False,False,False,False,False
40,589.0565185547,-55.7739982605,5.8839998245,0,True,False,False,False,False,False
40,594.7766113281,-56.3128013611,5.7252001762,0,True,False,False,False,False,False
40,598.9993896484,-56.4963989258,5.6564002037,0,True,False,False,False,False,False
40,603.9683227539,-54.9847984314,5.6992998123,0,True,False,False,False,False,False
40,602.6287231445,-55.5494003296,5.7486000061,0,True,False,False,False,False,False
40,606.3411254883,-55.7565002441,5.627600193,0,True,False,False,False,False,False
40,612.4041748047,-55.9663009644,5.7073001862,0,True,False,False,False,False,False
40,613.4926147461,-55.4659996033,5.4021000862,0,True,False,False,False,False,False
40,615.1093139648,-55.9250984192,5.7648000717,0,True,False,False,False,False,False
40,618.6333007812,-54.7155990601,5.7028999329,0,True,False,False,False,False,False
40,623.2680053711,-54.6441001892,5.554500103,0,True,False,False,False,False,False
40,623.4721069336,-54.9501991272,5.5908999443,0,True,False,False,False,False,False
40,621.9310302734,-54.8059005737,5.4819998741,0,True,False,False,False,False,False
40,626.4304199219,-53.5545005798,5.535299778,0,True,False,False,False,False,False
40,630.2534790039,-54.8662986755,5.4355998039,0,True,False,False,False,False,False
40,634.1755981445,-53.5713005066,5.4256000519,0,True,False,False,False,False,False
40,634.6821899414,-54.2513999939,5.5278000832,0,True,False,False,False,False,False
40,634.3237304688,-54.2779998779,5.6563000679,0,True,False,False,False,False,False
40,636.1544799805,-54.3777999878,5.8246002197,0,True,False,False,False,False,False
40,638.7886962891,-53.5564002991,5.6268000603,0,True,False,False,False,False,False
40,645.8095092773,-53.1988983154,5.4566998482,0,True,False,False,False,False,False
40,646.1198730469,-52.2512016296,5.5798997879,0,True,False,False,False,False,False
40,650.2620849609,-52.6291007996,5.5640997887,0,True,False,False,False,False,False
40,650.8834228516,-52.6240005493,5.6238999367,0,True,False,False,False,False,False
40,653.3715820312,-52.2066993713,5.4801001549,0,True,False,False,False,False,False
40,656.870300293,-52.3170013428,5.4219999313,0,True,False,False,False,False,False
40,661.4429931641,-52.2378997803,5.4373002052,0,True,False,False,False,False,False
40,660.912109375,-51.6995010376,5.3972001076,0,True,False,False,False,False,False
40,661.0802001953,-52.7332000732,5.2491998672,0,True,False,False,False,False,False
40,662.1486816406,-52.1635017395,5.6159000397,0,True,False,False,False,False,False
40,671.3853149414,-52.0946998596,5.2059998512,0,True,False,False,False,False,False
40,670.0947265625,-50.4536018372,5.4134001732,0,True,False,False,False,False,False
40,671.9285888672,-51.1837997437,5.4549999237,0,True,False,False,False,False,False
40,672.4218139648,-51.9039001465,5.5321002007,0,True,False,False,False,False,False
40,672.367980957,-50.5101013184,5.5781998634,0,True,False,False,False,False,False
40,677.9027099609,-51.367099762,5.445499897,0,True,False,False,False,False,False
40,675.5936279297,-50.795501709,5.402900219,0,True,False,False,False,False,False
40,682.2963867188,-51.117099762,5.1065998077,0,True,False,False,False,False,False
40,682.2907104492,-50.6332015991,5.4931001663,0,True,False,False,False,False,False
40,684.9774780273,-50.4142990112,5.0434999466,0,True,False,False,False,False,False
40,686.6149902344,-51.351398468,5.3987002373,0,True,False,False,False,False,False
40,686.5029907227,-50.8050003052,5.3523001671,0,True,False,False,False,False,False
40,691.0866699219,-51.2657012939,5.4998002052,0,True,False,False,False,False,False
40,695.9086303711,-50.701499939,5.0142998695,0,True,False,False,False,False,False
40,695.6849975586,-51.2915992737,5.4333000183,0,True,False,False,False,False,False
40,694.2597045898,-50.3116989136,5.4774999619,0,True,False,False,False,False,False
40,697.3682861328,-50.0634994507,5.2909002304,0,True,False,False,False,False,False
40,701.4801025391,-50.720199585,5.2888998985,0,True,False,False,False,False,False
40,702.2282714844,-50.521900177,5.492000103,0,True,False,False,False,False,False
40,705.6204833984,-51.8731994629,5.3642001152,0,True,False,False,False,False,False
40,706.6926879883,-50.6716995239,5.3951997757,0,True,False,False,False,False,False
40,705.4921264648,-51.1366996765,5.5402998924,0,True,False,False,False,False,False
40,710.4381103516,-51.395198822,5.5075998306,0,True,False,False,False,False,False
40,710.7987060547,-51.229598999,5.6640000343,0,True,False,False,False,False,False
40,711.8391723633,-50.8680000305,5.252600193,0,True,False,False,False,False,False
40,713.4160766602,-52.2099990845,5.6420001984,0,True,False,False,False,False,False
41,197.5680999756,-56.4888000488,5.7877998352,0,True,True,False,False,False,False
41,204.887802124,-55.7524986267,5.9945001602,0,True,True,False,False,False,False
41,215.4129943848,-55.4762001038,6.0718998909,0,True,True,False,False,False,False
41,223.5782928467,-55.1834983826,6.1645998955,0,True,True,False,False,False,False
41,227.6636962891,-55.1282997131,6.0696997643,0,True,True,False,False,False,False
41,236.0357055664,-54.8027992249,6.2822999954,0,True,True,False,False,False,False
41,238.429397583,-54.8106994629,5.9966001511,0,True,True,False,False,False,False
41,249.1770935059,-55.5503005981,6.2575998306,0,True,True,False,False,False,False
41,258.7815856934,-54.2126998901,6.0309000015,0,True,True,False,False,False,False
41,266.6636047363,-54.1953010559,6.2062997818,0,True,True,False,False,False,False
41,273.8815002441,-54.1906013489,6.2184000015,0,True,True,False,False,False,False
41,278.8507995605,-55.3300018311,6.1401000023,0,True,True,False,False,False,False
41,286.4533996582,-55.5456008911,6.3354001045,0,True,True,False,False,False,False
41,294.458404541,-54.0484008789,6.4345998764,0,True,True,False,False,False,False
41,300.0907897949,-55.5126991272,6.103000164,0,True,True,False,False,False,False
41,309.1330871582,-53.9914016724,5.8575000763,0,True,True,False,False,False,False
41,312.1849060059,-55.0303993225,6.1819000244,0,True,True,False,False,False,False
41,321.1213989258,-55.1116981506,6.1479001045,0,True,True,False,False,False,False
41,325.2402954102,-54.8184013367,6.0054001808,0,True,True,False,False,False,False
41,332.3602905273,-54.8269004822,6.3807997704,0,True,True,False,False,False,False
41,337.8829040527,-54.2372016907,6.298500061,0,True,True,False,False,False,False
41,343.0354003906,-55.5111999512,6.1185002327,0,True,True,False,False,False,False
41,351.6347045898,-54.2484016418,5.983399868,0,True,True,False,False,False,False
41,358.7315979004,-55.1055984497,6.6540999413,0,True,True,False,False,False,False
41,366.1799926758,-54.9206008911,5.9029998779,0,True,True,False,False,False,False
41,368.870513916,-55.5442008972,5.8805999756,0,True,True,False,False,False,False
41,372.787109375,-55.4254989624,6.0939998627,0,True,True,False,False,False,False
41,380.1509094238,-54.6637992859,6.0798001289,0,True,True,False,False,False,False
41,386.8320922852,-54.1553993225,6.3562002182,0,True,True,False,False,False,False
41,387.6108093262,-55.0758018494,6.0776000023,0,True,True,False,False,False,False
41,397.3604125977,-55.1689987183,6.1697001457,0,True,True,False,False,False,False
41,397.1415100098,-55.6949996948,5.9703998566,0,True,True,False,False,False,False
41,406.2178955078,-55.9762001038,5.9916000366,0,True,True,False,False,False,False
41,409.3366088867,-56.5082015991,5.8084998131,0,True,True,False,False,False,False
41,414.8908996582,-56.4916992188,6.3158998489,0,True,True,False,False,False,False
41,423.9531860352,-55.9281997681,6.0071997643,0,True,True,False,False,False,False
41,425.3767089844,-56.8148994446,6.1588001251,0,True,True,False,False,False,False
41,431.5054016113,-56.5573005676,5.976099968,0,True,True,False,False,False,False
41,437.4732971191,-56.6477012634,5.9035000801,0,True,True,False,False,False,False
41,441.0780944824,-56.9319000244,6.2346000671,0,True,True,False,False,False,False
41,443.175994873,-56.0685997009,5.9130997658,0,True,True,False,False,False,False
41,451.1069946289,-57.1503982544,6.0602998734,0,True,True,False,False,False,False
41,452.5321960449,-57.1245002747,6.0327000618,0,True,True,False,False,False,False
41,460.8157958984,-58.801399231,6.0700001717,0,True,True,False,False,False,False
41,465.2803955078,-57.3432998657,5.9951000214,0,True,True,False,False,False,False
41,464.6485900879,-57.7341995239,5.9773001671,0,True,True,False,False,False,False
41,470.2687988281,-58.4179000854,5.809899807,0,True,True,False,False,False,False
41,470.4789123535,-57.6968994141,5.9923000336,0,True,True,False,False,False,False
41,479.2944946289,-58.6260986328,5.8108000755,0,True,True,False,False,False,False
41,479.8554992676,-58.8471984863,5.7953000069,0,True,True,False,False,False,False
41,488.186706543,-58.9510993958,6.0626997948,0,True,True,False,False,False,False
41,492.9046020508,-60.1461982727,5.7979001999,0,True,True,False,False,False,False
41,496.1329040527,-59.5387001038,6.0447001457,0,True,True,False,False,False,False
41,501.6328125,-59.2022018433,5.9313998222,0,True,True,False,False,False,False
41,501.3345031738,-58.9730987549,5.8920998573,0,True,True,False,False,False,False
41,506.6304931641,-59.3888015747,5.7684001923,0,True,True,False,False,False,False
41,509.0863037109,-60.020198822,6.0251998901,0,True,True,False,False,False,False
41,513.8831787109,-60.6637001038,5.7880001068,0,True,True,False,False,False,False
41,515.8427734375,-60.6281013489,5.8417000771,0,True,True,False,False,False,False
41,522.841003418,-60.4113998413,5.5525999069,0,True,True,False,False,False,False
41,525.9473876953,-61.4586982727,5.891600132,0,True,True,False,False,False,False
41,529.867980957,-60.9486999512,5.5539999008,0,True,True,False,False,False,False
41,534.6232910156,-60.1148986816,5.6398000717,0,True,True,False,False,False,False
41,531.5895996094,-59.9137992859,5.7575998306,0,True,True,False,False,False,False
41,537.8234863281,-60.387298584,5.359099865,0,True,True,False,False,False,False
41,537.0239868164,-59.6357002258,5.6385998726,0,True,True,False,False,False,False
41,548.0933227539,-60.1856994629,5.5092000961,0,True,False,False,False,False,False
41,548.9526977539,-60.090801239,5.8130002022,0,True,False,False,False,False,False
41,549.7465209961,-60.2103004456,5.5887999535,0,True,False,False,False,False,False
41,551.9581298828,-60.8119010925,5.4281997681,0,True,False,False,False,False,False
41,555.0322265625,-60.7032012939,5.8105998039,0,True,False,False,False,False,False
41,560.044128418,-61.608001709,5.8501000404,0,True,False,False,False,False,False
41,562.8770751953,-59.9394989014,5.429599762,0,True,False,False,False,False,False
41,567.1798706055,-60.4560012817,5.777200222,0,True,False,False,False,False,False
41,571.2700195312,-60.6068000793,5.7059001923,0,True,False,False,False,False,False
41,569.0427246094,-60.6324005127,5.3537998199,0,True,False,False,False,False,False
41,575.3300170898,-60.3395996094,5.8256998062,0,True,False,False,False,False,False
41,579.2531738281,-60.5280990601,5.538599968,0,True,False,False,False,False,False
41,576.9619750977,-59.6590995789,5.6984000206,0,True,False,False,False,False,False
41,584.3074951172,-59.4488983154,5.3379998207,0,True,False,False,False,False,False
41,586.3997802734,-59.2103004456,5.4902000427,0,True,False,False,False,False,False
41,586.3988037109,-58.6111984253,5.530600071,0,True,False,False,False,False,False
41,592.6956787109,-58.6356010437,5.4191999435,0,True,False,False,False,False,False
41,592.9340209961,-59.5778999329,5.5296998024,0,True,False,False,False,False,False
41,594.3494873047,-59.0051994324,5.4865999222,0,True,False,False,False,False,False
41,599.6406860352,-58.052898407,5.2913999557,0,True,False,False,False,False,False
41,603.8798828125,-58.5682983398,5.4993000031,0,True,False,False,False,False,False
41,603.5676879883,-58.4016990662,5.434899807,0,True,False,False,False,False,False
41,602.5690917969,-58.3591995239,5.2012000084,0,True,False,False,False,False,False
41,608.87109375,-57.8928985596,5.2214999199,0,True,False,False,False,False,False
41,608.6737060547,-58.5195007324,5.3123002052,0,True,False,False,False,False,False
41,615.4545288086,-58.4356002808,5.4516000748,0,True,False,False,False,False,False
41,614.1865844727,-57.4999008179,5.2302999496,0,True,False,False,False,False,False
41,611.2971801758,-56.8235015869,5.1796998978,0,True,False,False,False,False,False
41,615.93359375,-57.0001983643,5.2098999023,0,True,False,False,False,False,False
41,620.0449829102,-57.4045982361,5.0619997978,0,True,False,False,False,False,False
41,626.2893066406,-56.7226982117,5.1686000824,0,True,False,False,False,False,False
41,624.1038208008,-57.0539016724,5.126999855,0,True,False,False,False,False,False
41,625.5371704102,-56.3809013367,5.1539001465,0,True,False,False,False,False,False
41,630.2457885742,-55.7248001099,5.3266000748,0,True,False,False,False,False,False
41,628.3999023438,-55.720199585,4.9407000542,0,True,False,False,False,False,False
41,635.1691894531,-55.1707992554,5.0599999428,0,True,False,False,False,False,False
41,635.5161743164,-55.8269004822,5.3130002022,0,True,False,False,False,False,False
41,634.6237792969,-55.1226997375,5.0156998634,0,True,False,False,False,False,False
41,641.1145019531,-55.2373008728,5.0194001198,0,True,False,False,False,False,False
41,642.4669189453,-55.5632019043,5.198800087,0,True,False,False,False,False,False
41,639.1917724609,-56.1091995239,5.261300087,0,True,False,False,False,False,False
41,647.1212158203,-54.9305992126,5.0496001244,0,True,False,False,False,False,False
41,646.3112792969,-55.6184005737,5.1968998909,0,True,False,False,False,False,False
41,645.9893798828,-54.6371994019,5.3196997643,0,True,False,False,False,False,False
41,651.6450805664,-54.3244018555,5.0770001411,0,True,False,False,False,False,False
41,653.3800048828,-54.6059989929,5.2246999741,0,True,False,False,False,False,False
41,654.8322753906,-53.90599823,5.2081999779,0,True,False,False,False,False,False
41,656.9609985352,-54.4506988525,5.1194000244,0,True,False,False,False,False,False
41,655.1448974609,-54.6500015259,5.1082000732,0,True,False,False,False,False,False
41,662.4130859375,-54.2375984192,5.1286001205,0,True,False,False,False,False,False
41,664.9531860352,-54.8646011353,5.3421998024,0,True,False,False,False,False,False
41,663.9008789062,-54.7058982849,4.9770998955,0,True,False,False,False,False,False
41,668.6209106445,-54.1208992004,5.1454000473,0,True,False,False,False,False,False
41,666.5615234375,-54.8922996521,5.4018998146,0,True,False,False,False,False,False
41,669.4447021484,-55.0350990295,5.1482000351,0,True,False,False,False,False,False
41,671.6196899414,-54.753200531,5.2362999916,0,True,False,False,False,False,False
41,674.7166137695,-54.6341018677,5.1929001808,0,True,False,False,False,False,False
41,676.0465087891,-54.6265983582,5.2188000679,0,True,False,False,False,False,False
41,676.9818115234,-55.010799408,5.3133997917,0,True,False,False,False,False,False
41,677.5123901367,-55.2937011719,5.2385997772,0,True,False,False,False,False,False
41,677.2041015625,-53.8121986389,5.3452000618,0,True,False,False,False,False,False
41,679.5642700195,-54.960899353,5.0640997887,0,True,False,False,False,False,False
41,682.3474121094,-55.2731018066,5.1785998344,0,True,False,False,False,False,False
41,684.1260986328,-54.5690002441,4.8481001854,0,True,False,False,False,False,False
41,686.9215698242,-54.7000999451,5.3309998512,0,True,False,False,False,False,False
41,682.8399047852,-55.6878013611,5.2751002312,0,True,False,False,False,False,False
41,687.9542236328,-55.0293006897,5.1607999802,0,True,False,False,False,False,False
41,693.8676757812,-55.9309997559,5.0689001083,0,True,False,False,False,False,False
41,696.9583129883,-56.6678009033,5.2409000397,0,True,False,False,False,False,False
41,696.9528198242,-56.6855010986,5.0524997711,0,True,False,False,False,False,False
41,692.7125244141,-56.1050987244,5.3046998978,0,True,False,False,False,False,False
41,696.7188110352,-55.5770988464,5.3077998161,0,True,False,False,False,False,False
41,700.2343139648,-55.922000885,5.3743000031,0,True,False,False,False,False,False
41,699.2932128906,-56.1258010864,5.097099781,0,True,False,False,False,False,False
41,706.6608886719,-56.8558006287,5.1515002251,0,True,False,False,False,False,False
41,705.0455932617,-58.0574989319,5.19810009,0,True,False,False,False,False,False
41,705.1450805664,-57.6184005737,5.3313999176,0,True,False,False,False,False,False
41,708.1267700195,-57.1694984436,5.4377999306,0,True,False,False,False,False,False
41,707.7042236328,-57.481098175,5.4878001213,0,True,False,False,False,False,False
41,705.7192993164,-57.9247016907,5.2118000984,0,True,False,False,False,False,False
41,709.8259277344,-57.5993995667,5.1624999046,0,True,False,False,False,False,False
41,710.6904907227,-58.6898994446,5.5155000687,0,True,False,False,False,False,False
41,714.5427246094,-58.3433990479,5.1093997955,0,True,False,False,False,False,False
41,714.1322021484,-58.6300010681,5.0659999847,0,True,False,False,False,False,False
42,197.938293457,-46.5880012512,5.065100193,0,True,True,False,False,False,False
42,206.1934051514,-47.6468009949,5.1248998642,0,True,True,False,False,False,False
42,214.996307373,-47.1349983215,5.3106999397,0,True,True,False,False,False,False
42,224.5234069824,-46.6015014648,5.266600132,0,True,True,False,False,False,False
42,232.0220947266,-46.2547988892,5.3112001419,0,True,True,False,False,False,False
42,238.7006988525,-46.518699646,5.1034002304,0,True,True,False,False,False,False
42,242.8256072998,-45.5378990173,5.1802000999,0,True,True,False,False,False,False
42,253.8047027588,-46.2944984436,5.140999794,0,True,True,False,False,False,False
42,261.4425964355,-45.5752983093,5.2431001663,0,True,True,False,False,False,False
42,268.9873046875,-45.8385009766,5.2676000595,0,True,True,False,False,False,False
42,273.7471008301,-45.3741989136,5.1765999794,0,True,True,False,False,False,False
42,281.3994140625,-46.4784011841,5.1041002274,0,True,True,False,False,False,False
42,288.674987793,-45.8485984802,5.3529000282,0,True,True,False,False,False,False
42,296.2103881836,-46.1901016235,5.0648999214,0,True,True,False,False,False,False
42,297.8669128418,-45.8097000122,5.0911998749,0,True,True,False,False,False,False
42,311.5563049316,-46.2467002869,5.3861999512,0,True,True,False,False,False,False
42,319.5830993652,-46.5927009583,5.3445000648,0,True,True,False,False,False,False
42,321.8150024414,-44.6431007385,5.2954998016,0,True,True,False,False,False,False
42,329.9284057617,-45.879901886,5.3997998238,0,True,True,False,False,False,False
42,335.4303894043,-45.7952003479,5.0946002007,0,True,True,False,False,False,False
42,340.6232910156,-45.8403015137,5.1192998886,0,True,True,False,False,False,False
42,347.1351928711,-45.9934997559,5.3298001289,0,True,True,False,False,False,False
42,353.4417114258,-46.4366989136,5.1167998314,0,True,True,False,False,False,False
42,358.6593933105,-46.0232009888,5.4496998787,0,True,True,False,False,False,False
42,364.4556884766,-46.1832008362,5.1803998947,0,True,True,False,False,False,False
42,371.9761047363,-45.3493995667,5.3087000847,0,True,True,False,False,False,False
42,376.5947875977,-46.3050003052,4.9008998871,0,True,True,False,False,False,False
42,382.9865112305,-45.7859992981,5.0781002045,0,True,True,False,False,False,False
42,388.5115966797,-45.9646987915,5.2625999451,0,True,True,False,False,False,False
42,390.7979125977,-47.4168014526,5.2108001709,0,True,True,False,False,False,False
42,400.7616882324,-47.6161994934,5.2160000801,0,True,True,False,False,False,False
42,402.4331054688,-46.5530014038,5.5489997864,0,True,True,False,False,False,False
42,408.6420898438,-46.3947982788,5.309899807,0,True,True,False,False,False,False
42,415.1619873047,-47.4584999084,5.0696001053,0,True,True,False,False,False,False
42,422.0563964844,-47.6361999512,5.2048001289,0,True,True,False,False,False,False
42,427.5328979492,-47.7663002014,5.3207001686,0,True,True,False,False,False,False
42,428.6355895996,-47.479598999,5.2504000664,0,True,True,False,False,False,False
42,436.487487793,-47.103099823,5.0855998993,0,True,True,False,False,False,False
42,441.5187072754,-47.4888000488,5.0085000992,0,True,True,False,False,False,False
42,444.0549926758,-48.3684997559,5.146999836,0,True,True,False,False,False,False
42,451.474609375,-47.7655982971,5.0553998947,0,True,True,False,False,False,False
42,455.3814086914,-48.5027008057,4.8336000443,0,True,True,False,False,False,False
42,458.8801879883,-48.7667999268,4.8787999153,0,True,True,False,False,False,False
42,463.6323852539,-49.1369018555,5.0253000259,0,True,True,False,False,False,False
42,466.6473999023,-48.3950004578,4.9766001701,0,True,True,False,False,False,False
42,473.433013916,-49.467300415,5.2142000198,0,True,True,False,False,False,False
42,476.5765075684,-48.9294013977,5.3347001076,0,True,True,False,False,False,False
42,476.0357971191,-49.8813018799,4.8144001961,0,True,True,False,False,False,False
42,485.7672119141,-49.313999176,4.8116998672,0,True,True,False,False,False,False
42,486.7856140137,-49.5541992188,5.1578001976,0,True,True,False,False,False,False
42,495.0480041504,-49.7741012573,4.9107999802,0,True,True,False,False,False,False
42,494.6604003906,-51.3773002625,5.0001001358,0,True,True,False,False,False,False
42,502.4796142578,-50.1455993652,4.6270999908,0,True,True,False,False,False,False
42,505.9649047852,-50.7933998108,4.9470000267,0,True,True,False,False,False,False
42,507.9155883789,-51.2477989197,4.9366002083,0,True,True,False,False,False,False
42,512.2114257812,-50.5443000793,4.9194002151,0,True,True,False,False,False,False
42,514.125793457,-50.8973007202,4.9253997803,0,True,True,False,False,False,False
42,520.8937988281,-50.9025001526,4.8249001503,0,True,True,False,False,False,False
42,523.1649169922,-50.6967010498,5.0693001747,0,True,True,False,False,False,False
42,523.4216918945,-51.0713005066,4.9499998093,0,True,True,False,False,False,False
42,529.4813232422,-51.4700012207,5.1286997795,0,True,True,False,False,False,False
42,531.8015136719,-51.9948997498,4.7652997971,0,True,True,False,False,False,False
42,538.0626220703,-52.0012016296,4.6525001526,0,True,True,False,False,False,False
42,544.8289794922,-51.2317008972,5.0128998756,0,True,False,False,False,False,False
42,543.3526000977,-51.1049003601,4.5665001869,0,True,False,False,False,False,False
42,549.0056762695,-51.2839012146,4.8713998795,0,True,False,False,False,False,False
42,554.5305786133,-52.0465011597,4.6307001114,0,True,False,False,False,False,False
42,553.4072265625,-51.7013015747,5.0222001076,0,True,False,False,False,False,False
42,556.9592895508,-51.1007995605,4.728700161,0,True,False,False,False,False,False
42,556.4262084961,-50.5401992798,4.9352002144,0,True,False,False,False,False,False
42,560.8186035156,-51.5456008911,4.6725001335,0,True,False,False,False,False,False
42,565.5241699219,-50.8795013428,4.7880997658,0,True,False,False,False,False,False
42,569.5147705078,-52.0536003113,4.8463001251,0,True,False,False,False,False,False
42,569.8634033203,-51.8168983459,4.6710000038,0,True,False,False,False,False,False
42,570.6076049805,-51.9079017639,4.5286002159,0,True,False,False,False,False,False
42,574.0612182617,-51.0419006348,4.4043998718,0,True,False,False,False,False,False
42,577.2172241211,-50.9850006104,4.6160998344,0,True,False,False,False,False,False
42,580.9821166992,-50.9319000244,4.809899807,0,True,False,False,False,False,False
42,584.7432250977,-49.7986984253,4.5356998444,0,True,False,False,False,False,False
42,585.1544189453,-50.9977989197,4.3646001816,0,True,False,False,False,False,False
42,587.2697753906,-50.414100647,4.6730999947,0,True,False,False,False,False,False
42,598.3704223633,-49.7918014526,4.6097998619,0,True,False,False,False,False,False
42,596.0888061523,-50.3530006409,4.1676001549,0,True,False,False,False,False,False
42,596.8970947266,-49.5660018921,4.992099762,0,True,False,False,False,False,False
42,602.8198242188,-49.5684013367,4.6438999176,0,True,False,False,False,False,False
42,604.7274780273,-49.8231010437,4.6069002151,0,True,False,False,False,False,False
42,607.5761108398,-50.1120986938,4.4819998741,0,True,False,False,False,False,False
42,608.5571899414,-48.9547996521,4.4059000015,0,True,False,False,False,False,False
42,608.6259155273,-49.0587005615,4.597700119,0,True,False,False,False,False,False
42,611.5153808594,-49.4712982178,4.431499958,0,True,False,False,False,False,False
42,613.565612793,-48.6432991028,4.1778998375,0,True,False,False,False,False,False
42,618.330078125,-48.3474006653,4.3084998131,0,True,False,False,False,False,False
42,618.721496582,-47.9467010498,4.3126997948,0,True,False,False,False,False,False
42,621.9223022461,-48.7229995728,4.4704999924,0,True,False,False,False,False,False
42,623.0463867188,-48.0871009827,4.3329000473,0,True,False,False,False,False,False
42,624.6209106445,-48.8697013855,4.4270000458,0,True,False,False,False,False,False
42,627.4110717773,-48.2038002014,4.3727002144,0,True,False,False,False,False,False
42,635.095703125,-47.9224014282,4.5247998238,0,True,False,False,False,False,False
42,631.4182739258,-48.3675003052,4.4952001572,0,True,False,False,False,False,False
42,630.5559082031,-47.2364997864,4.3296999931,0,True,False,False,False,False,False
42,641.5924072266,-45.9567985535,4.4243001938,0,True,False,False,False,False,False
42,640.0682983398,-46.3694992065,4.4229998589,0,True,False,False,False,False,False
42,641.1483154297,-46.6374015808,4.1824998856,0,True,False,False,False,False,False
42,644.5667724609,-46.9504013062,4.1816000938,0,True,False,False,False,False,False
42,649.475402832,-47.3372001648,4.2597999573,0,True,False,False,False,False,False
42,643.8146972656,-46.6176986694,4.3447999954,0,True,False,False,False,False,False
42,651.5363769531,-46.2434997559,4.1986999512,0,True,False,False,False,False,False
42,650.6953125,-46.4743003845,3.8778998852,0,True,False,False,False,False,False
42,653.2230224609,-46.3597984314,4.4449000359,0,True,False,False,False,False,False
42,656.3624267578,-46.4776992798,4.3152999878,0,True,False,False,False,False,False
42,659.9697265625,-45.8541984558,4.1161999702,0,True,False,False,False,False,False
42,656.6536254883,-46.0480003357,4.2902002335,0,True,False,False,False,False,False
42,663.0433959961,-44.9311981201,4.4197998047,0,True,False,False,False,False,False
42,661.8643798828,-47.0195007324,4.3048000336,0,True,False,False,False,False,False
42,665.7852172852,-46.179901123,4.3220000267,0,True,False,False,False,False,False
42,667.2512207031,-45.2060012817,4.1803998947,0,True,False,False,False,False,False
42,667.9349975586,-45.1431007385,4.4587001801,0,True,False,False,False,False,False
42,671.11328125,-44.5564994812,4.5170001984,0,True,False,False,False,False,False
42,671.4240112305,-45.2337989807,4.1452999115,0,True,False,False,False,False,False
42,675.6087036133,-46.0467987061,4.2368998528,0,True,False,False,False,False,False
42,675.9439086914,-45.365398407,4.1886000633,0,True,False,False,False,False,False
42,678.9669799805,-46.2927017212,4.4226999283,0,True,False,False,False,False,False
42,680.1510009766,-46.2672996521,4.3227000237,0,True,False,False,False,False,False
42,684.0490722656,-46.567401886,4.3347001076,0,True,False,False,False,False,False
42,682.4177856445,-45.7862014771,4.367000103,0,True,False,False,False,False,False
42,684.5145874023,-45.1231002808,4.4535999298,0,True,False,False,False,False,False
42,689.5850219727,-45.8543014526,4.1248002052,0,True,False,False,False,False,False
42,687.3048095703,-45.3160018921,4.4432001114,0,True,False,False,False,False,False
42,689.6215820312,-46.0684013367,4.2477002144,0,True,False,False,False,False,False
42,690.6185302734,-46.0374984741,4.3333001137,0,True,False,False,False,False,False
42,695.0214233398,-46.9243011475,4.242000103,0,True,False,False,False,False,False
42,699.9857788086,-46.9584999084,4.2294998169,0,True,False,False,False,False,False
42,697.4470214844,-45.6483001709,4.2947001457,0,True,False,False,False,False,False
42,696.7935180664,-47.2084007263,4.2567000389,0,True,False,False,False,False,False
42,697.9859008789,-46.6896018982,4.1753997803,0,True,False,False,False,False,False
42,701.7828979492,-46.8876991272,4.4545998573,0,True,False,False,False,False,False
42,703.0969848633,-47.5433006287,4.4175000191,0,True,False,False,False,False,False
42,703.8563232422,-47.5859985352,4.5292000771,0,True,False,False,False,False,False
42,706.4935913086,-47.0942993164,4.418200016,0,True,False,False,False,False,False
42,704.0609130859,-48.520198822,4.2027001381,0,True,False,False,False,False,False
42,708.2067871094,-48.3530006409,4.4377999306,0,True,False,False,False,False,False
42,712.0266113281,-48.9768981934,4.3010001183,0,True,False,False,False,False,False
42,713.9396972656,-48.6503982544,4.4951000214,0,True,False,False,False,False,False
43,199.087097168,-40.8582000732,6.6321997643,0,True,True,False,False,False,False
43,208.6916046143,-41.2107009888,6.5720000267,0,True,True,False,False,False,False
43,218.879196167,-40.5727005005,6.2083997726,0,True,True,False,False,False,False
43,222.8744049072,-40.6433982849,6.3605999947,0,True,True,False,False,False,False
43,236.3014068604,-41.0878982544,6.3222999573,0,True,True,False,False,False,False
43,238.8166046143,-39.7731018066,6.1175999641,0,True,True,False,False,False,False
43,251.196395874,-40.4010009766,6.4717001915,0,True,True,False,False,False,False
43,259.8807067871,-40.4376983643,6.5398001671,0,True,True,False,False,False,False
43,265.8807983398,-39.8095016479,6.3980998993,0,True,True,False,False,False,False
43,275.3276977539,-40.2089004517,6.2683000565,0,True,True,False,False,False,False
43,281.1536865234,-40.3059997559,6.5535998344,0,True,True,False,False,False,False
43,293.378692627,-39.1323013306,6.2298002243,0,True,True,False,False,False,False
43,297.217590332,-39.2178993225,6.4386000633,0,True,True,False,False,False,False
43,309.1108093262,-38.2835998535,6.4911999702,0,True,True,False,False,False,False
43,316.3633117676,-39.0164985657,6.5812001228,0,True,True,False,False,False,False
43,317.0761108398,-39.1352005005,6.4001998901,0,True,True,False,False,False,False
43,328.6911010742,-40.4062995911,6.3656997681,0,True,True,False,False,False,False
43,336.896697998,-39.1791000366,6.63560009,0,True,True,False,False,False,False
43,342.7629089355,-38.4566001892,6.4341001511,0,True,True,False,False,False,False
43,349.9888916016,-39.3188018799,6.4650001526,0,True,True,False,False,False,False
43,356.8051147461,-39.507900238,6.5075998306,0,True,True,False,False,False,False
43,362.4971008301,-39.0018997192,6.5061998367,0,True,True,False,False,False,False
43,370.1054992676,-38.9281997681,6.537899971,0,True,True,False,False,False,False
43,377.5932006836,-39.0884017944,6.5412998199,0,True,True,False,False,False,False
43,384.8652038574,-39.9449005127,6.7720999718,0,True,True,False,False,False,False
43,386.550201416,-39.3202018738,6.6546001434,0,True,True,False,False,False,False
43,394.3468933105,-40.5345993042,6.7013001442,0,True,True,False,False,False,False
43,402.9703979492,-40.1828994751,6.4730000496,0,True,True,False,False,False,False
43,408.8662109375,-40.0019989014,6.4717998505,0,True,True,False,False,False,False
43,413.2726135254,-40.2521018982,6.5794000626,0,True,True,False,False,False,False
43,423.7791137695,-41.542301178,6.1890001297,0,True,True,False,False,False,False
43,425.1716918945,-40.2902984619,6.3905000687,0,True,True,False,False,False,False
43,430.7066040039,-40.6216011047,6.2990999222,0,True,True,False,False,False,False
43,435.1177062988,-40.8998985291,6.4088001251,0,True,True,False,False,False,False
43,440.4175109863,-40.6535987854,6.4429998398,0,True,True,False,False,False,False
43,448.6726989746,-41.3832015991,6.4816999435,0,True,True,False,False,False,False
43,451.8817138672,-40.7272987366,6.3710999489,0,True,True,False,False,False,False
43,458.8460083008,-41.9964981079,6.214099884,0,True,True,False,False,False,False
43,467.0906982422,-41.7402000427,6.4008002281,0,True,True,False,False,False,False
43,467.8663024902,-41.4163017273,6.2371997833,0,True,True,False,False,False,False
43,477.1130065918,-41.9570999146,6.3249001503,0,True,True,False,False,False,False
43,483.7806091309,-42.9259986877,6.6589999199,0,True,True,False,False,False,False
43,482.0768127441,-41.6683006287,6.6126999855,0,True,True,False,False,False,False
43,491.7922058105,-43.8526000977,6.2093000412,0,True,True,False,False,False,False
43,495.8103027344,-42.5499992371,6.266600132,0,True,True,False,False,False,False
43,502.2406005859,-42.9149017334,6.0841999054,0,True,True,False,False,False,False
43,505.9450073242,-42.4781990051,6.3618001938,0,True,True,False,False,False,False
43,511.7414855957,-42.5247993469,6.3811998367,0,True,True,False,False,False,False
43,514.5816040039,-44.4123001099,6.1563000679,0,True,True,False,False,False,False
43,523.9456176758,-44.1228981018,6.3066000938,0,True,True,False,False,False,False
43,524.8596801758,-44.0583992004,6.2792000771,0,True,True,False,False,False,False
43,531.3588867188,-44.0377998352,6.0840001106,0,True,True,False,False,False,False
43,534.7006835938,-44.2745018005,6.1831002235,0,True,True,False,False,False,False
43,537.7929077148,-44.2290992737,6.3765001297,0,True,True,False,False,False,False
43,538.7617797852,-43.7792015076,6.228099823,0,True,True,False,False,False,False
43,548.0744018555,-44.1519012451,6.228099823,0,True,False,False,False,False,False
43,550.3115844727,-44.056098938,6.0934000015,0,True,False,False,False,False,False
43,553.6168823242,-44.5008010864,6.071199894,0,True,False,False,False,False,False
43,556.0408935547,-45.5392990112,6.0687999725,0,True,False,False,False,False,False
43,559.2083129883,-45.3213996887,5.9422998428,0,True,False,False,False,False,False
43,567.1926269531,-45.1819000244,6.0482997894,0,True,False,False,False,False,False
43,568.2105712891,-45.5013008118,5.9372000694,0,True,False,False,False,False,False
43,572.0161132812,-45.4140014648,5.6669998169,0,True,False,False,False,False,False
43,579.7672119141,-45.3339996338,5.847700119,0,True,False,False,False,False,False
43,579.7172241211,-45.2369003296,6.1538000107,0,True,False,False,False,False,False
43,581.537109375,-45.095199585,5.8140001297,0,True,False,False,False,False,False
43,585.31640625,-44.7957000732,6.0675997734,0,True,False,False,False,False,False
43,591.8226928711,-45.6896018982,6.301199913,0,True,False,False,False,False,False
43,594.2307739258,-45.471698761,5.9099998474,0,True,False,False,False,False,False
43,598.8139038086,-46.0214996338,5.8435001373,0,True,False,False,False,False,False
43,600.6672973633,-45.5481987,6.0029997826,0,True,False,False,False,False,False
43,606.1594848633,-45.1543998718,5.6887998581,0,True,False,False,False,False,False
43,607.6228027344,-45.3574981689,5.9826002121,0,True,False,False,False,False,False
43,610.1865234375,-44.6856994629,5.8593997955,0,True,False,False,False,False,False
43,616.2081298828,-44.4481010437,5.6971001625,0,True,False,False,False,False,False
43,621.2357788086,-45.2747001648,5.7058000565,0,True,False,False,False,False,False
43,623.4699707031,-44.2276000977,5.5798001289,0,True,False,False,False,False,False
43,620.9639282227,-45.5597991943,5.8358001709,0,True,False,False,False,False,False
43,630.9718017578,-44.3190994263,5.8611998558,0,True,False,False,False,False,False
43,627.9766845703,-44.6859016418,6.0054998398,0,True,False,False,False,False,False
43,635.3366699219,-44.7061004639,6.0041999817,0,True,False,False,False,False,False
43,637.1320800781,-44.5842018127,5.5805997849,0,True,False,False,False,False,False
43,641.0778808594,-43.2196998596,5.8984999657,0,True,False,False,False,False,False
43,643.0947265625,-44.2198982239,5.7652001381,0,True,False,False,False,False,False
43,644.9489746094,-43.728099823,5.5300002098,0,True,False,False,False,False,False
43,648.463684082,-44.4900016785,5.6465997696,0,True,False,False,False,False,False
43,648.674621582,-42.9109992981,5.8099999428,0,True,False,False,False,False,False
43,654.0473022461,-43.3026008606,5.5032000542,0,True,False,False,False,False,False
43,653.9744873047,-43.1880989075,5.6747999191,0,True,False,False,False,False,False
43,660.633605957,-42.4002990723,5.75,0,True,False,False,False,False,False
43,659.0767822266,-42.2463989258,5.7347998619,0,True,False,False,False,False,False
43,663.323425293,-42.0325012207,5.6940999031,0,True,False,False,False,False,False
43,668.1784057617,-42.2565002441,5.7866997719,0,True,False,False,False,False,False
43,672.7015991211,-41.8997001648,5.8199000359,0,True,False,False,False,False,False
43,670.8737182617,-40.9779014587,5.4878997803,0,True,False,False,False,False,False
43,669.737487793,-41.9599990845,5.4965000153,0,True,False,False,False,False,False
43,678.5017700195,-41.5074996948,5.4677000046,0,True,False,False,False,False,False
43,679.1901855469,-41.2267990112,5.623000145,0,True,False,False,False,False,False
43,682.6708984375,-40.6184997559,5.4212999344,0,True,False,False,False,False,False
43,684.2056274414,-39.9351005554,5.5380997658,0,True,False,False,False,False,False
43,687.6604003906,-41.9266014099,5.6166000366,0,True,False,False,False,False,False
43,691.7280273438,-40.6754989624,5.6434001923,0,True,False,False,False,False,False
43,695.473815918,-40.0036010742,5.5493998528,0,True,False,False,False,False,False
43,694.2628173828,-40.4514007568,5.4221000671,0,True,False,False,False,False,False
43,696.9963989258,-39.7223014832,5.4439001083,0,True,False,False,False,False,False
43,700.0106201172,-39.9835014343,5.4127001762,0,True,False,False,False,False,False
43,700.7869262695,-40.0512008667,5.306499958,0,True,False,False,False,False,False
43,704.1304931641,-39.8378982544,5.527200222,0,True,False,False,False,False,False
43,707.9492797852,-39.228099823,5.6349000931,0,True,False,False,False,False,False
43,709.4818725586,-40.623298645,5.2934999466,0,True,False,False,False,False,False
43,708.6801147461,-39.6273002625,5.538599968,0,True,False,False,False,False,False
43,713.2434082031,-39.3573989868,5.4816999435,0,True,False,False,False,False,False
43,713.6207275391,-39.5406990051,5.366300106,0,True,False,False,False,False,False
44,197.0399932861,-38.820098877,5.3136000633,0,True,True,False,False,False,False
44,208.741104126,-38.1725006104,5.2111001015,0,True,True,False,False,False,False
44,220.4526977539,-39.4711990356,5.1929998398,0,True,True,False,False,False,False
44,226.2794036865,-39.2748985291,5.2572999001,0,True,True,False,False,False,False
44,239.5146942139,-38.6563987732,5.3282999992,0,True,True,False,False,False,False
44,242.6264038086,-38.5956993103,5.5858001709,0,True,True,False,False,False,False
44,252.6844024658,-37.6561012268,5.3685002327,0,True,True,False,False,False,False
44,260.815612793,-37.635799408,5.549200058,0,True,True,False,False,False,False
44,266.150604248,-38.7639007568,5.353099823,0,True,True,False,False,False,False
44,275.4996032715,-37.8759002686,5.3003001213,0,True,True,False,False,False,False
44,279.991394043,-37.233001709,5.7039999962,0,True,True,False,False,False,False
44,294.9927978516,-36.8152999878,5.3154001236,0,True,True,False,False,False,False
44,297.7807922363,-37.3345985413,5.4499001503,0,True,True,False,False,False,False
44,307.0788879395,-37.6665992737,5.3783998489,0,True,True,False,False,False,False
44,313.3327941895,-37.4934997559,5.3239002228,0,True,True,False,False,False,False
44,321.8779907227,-36.7854003906,5.3759999275,0,True,True,False,False,False,False
44,326.4554138184,-37.5307998657,5.4475002289,0,True,True,False,False,False,False
44,335.5032958984,-37.3636016846,5.1191000938,0,True,True,False,False,False,False
44,341.4674987793,-37.3796005249,5.3773999214,0,True,True,False,False,False,False
44,346.9143981934,-37.5290985107,5.1865000725,0,True,True,False,False,False,False
44,355.7414855957,-37.5141983032,5.4839000702,0,True,True,False,False,False,False
44,364.5158081055,-37.2533988953,5.6208000183,0,True,True,False,False,False,False
44,371.0674133301,-37.6474990845,5.5137000084,0,True,True,False,False,False,False
44,377.8634033203,-37.5125007629,5.4925999641,0,True,True,False,False,False,False
44,385.9119873047,-38.0340003967,5.2814002037,0,True,True,False,False,False,False
44,391.8066101074,-37.5088996887,5.6887001991,0,True,True,False,False,False,False
44,399.3706970215,-37.837600708,5.4331998825,0,True,True,False,False,False,False
44,402.6748046875,-37.8988990784,5.3673000336,0,True,True,False,False,False,False
44,409.7362976074,-38.4338989258,5.7874999046,0,True,True,False,False,False,False
44,412.8664855957,-38.4452018738,5.2753000259,0,True,True,False,False,False,False
44,421.3933105469,-38.436000824,5.2153000832,0,True,True,False,False,False,False
44,428.054107666,-38.9448013306,5.5171999931,0,True,True,False,False,False,False
44,432.6648864746,-39.759601593,5.3717999458,0,True,True,False,False,False,False
44,438.853302002,-39.670501709,5.1073999405,0,True,True,False,False,False,False
44,445.3944091797,-38.7230987549,5.1508002281,0,True,True,False,False,False,False
44,449.1070861816,-38.3709983826,5.4963002205,0,True,True,False,False,False,False
44,454.6795959473,-39.0320014954,5.1571002007,0,True,True,False,False,False,False
44,461.8739013672,-39.457901001,5.2919001579,0,True,True,False,False,False,False
44,467.4072875977,-39.4198989868,5.511300087,0,True,True,False,False,False,False
44,473.5692138672,-40.761100769,4.9800000191,0,True,True,False,False,False,False
44,475.1431884766,-40.2523002625,5.3831000328,0,True,True,False,False,False,False
44,484.2571105957,-39.8708000183,5.277900219,0,True,True,False,False,False,False
44,486.508392334,-40.7137985229,5.3345999718,0,True,True,False,False,False,False
44,492.263092041,-39.9115982056,5.1470999718,0,True,True,False,False,False,False
44,498.4884033203,-40.5714988708,5.2283000946,0,True,True,False,False,False,False
44,503.2069091797,-41.601398468,5.3295998573,0,True,True,False,False,False,False
44,510.6253967285,-41.1665992737,5.0255999565,0,True,True,False,False,False,False
44,513.0083007812,-42.0862998962,5.3081998825,0,True,True,False,False,False,False
44,515.7937011719,-41.6915016174,5.462100029,0,True,True,False,False,False,False
44,523.5034790039,-41.6740989685,5.1614999771,0,True,True,False,False,False,False
44,525.5471191406,-41.8512992859,5.3554000854,0,True,True,False,False,False,False
44,531.692199707,-42.6787986755,4.9021000862,0,True,True,False,False,False,False
44,536.0078735352,-42.459400177,5.1195001602,0,True,True,False,False,False,False
44,540.9097290039,-42.5959014893,5.0556001663,0,True,False,False,False,False,False
44,543.5476074219,-42.2625007629,5.146299839,0,True,False,False,False,False,False
44,550.4948730469,-42.5915985107,5.3147997856,0,True,False,False,False,False,False
44,554.1477050781,-42.7327003479,4.7948999405,0,True,False,False,False,False,False
44,556.8848266602,-43.3624992371,5.25,0,True,False,False,False,False,False
44,560.2886962891,-42.8880004883,5.1644001007,0,True,False,False,False,False,False
44,562.4658813477,-44.0831985474,5.1914000511,0,True,False,False,False,False,False
44,566.0734863281,-43.0807991028,5.0569000244,0,True,False,False,False,False,False
44,568.7435302734,-43.067401886,5.1508998871,0,True,False,False,False,False,False
44,578.1442871094,-43.8345985413,5.1002998352,0,True,False,False,False,False,False
44,579.1912841797,-43.2869987488,5.1778998375,0,True,False,False,False,False,False
44,585.6936035156,-42.8941993713,5.1160001755,0,True,False,False,False,False,False
44,586.6567993164,-43.731098175,4.9250998497,0,True,False,False,False,False,False
44,591.4174804688,-42.9306983948,4.8965001106,0,True,False,False,False,False,False
44,593.4879760742,-43.025100708,4.7581000328,0,True,False,False,False,False,False
44,598.0767822266,-42.9351997375,5.0321002007,0,True,False,False,False,False,False
44,603.5900268555,-42.8502998352,4.9843997955,0,True,False,False,False,False,False
44,604.3436279297,-43.0901985168,4.7157998085,0,True,False,False,False,False,False
44,610.6483764648,-43.4208984375,5.0865998268,0,True,False,False,False,False,False
44,611.6635131836,-43.0974006653,4.8133001328,0,True,False,False,False,False,False
44,614.4151000977,-43.0565986633,4.7224998474,0,True,False,False,False,False,False
44,617.9896850586,-43.2081985474,5.0163002014,0,True,False,False,False,False,False
44,622.1411743164,-43.6963996887,4.9850001335,0,True,False,False,False,False,False
44,625.4451904297,-41.9282989502,4.7874999046,0,True,False,False,False,False,False
44,630.7374267578,-43.6302986145,4.6940999031,0,True,False,False,False,False,False
44,633.8679199219,-42.4752998352,4.8109002113,0,True,False,False,False,False,False
44,632.3488769531,-41.8619995117,4.4881000519,0,True,False,False,False,False,False
44,636.305480957,-42.4402999878,4.7948999405,0,True,False,False,False,False,False
44,641.0452270508,-42.4687004089,4.6964998245,0,True,False,False,False,False,False
44,640.1807861328,-43.0494995117,4.5806999207,0,True,False,False,False,False,False
44,644.8375854492,-41.8479995728,4.5380001068,0,True,False,False,False,False,False
44,649.3317260742,-41.9945983887,4.7989997864,0,True,False,False,False,False,False
44,651.4318847656,-42.6814994812,4.7574000359,0,True,False,False,False,False,False
44,654.7608032227,-41.5811004639,4.4967999458,0,True,False,False,False,False,False
44,656.9763183594,-41.8205986023,4.48939991,0,True,False,False,False,False,False
44,657.5908813477,-40.4631996155,4.7248997688,0,True,False,False,False,False,False
44,663.1652832031,-41.8619003296,4.6423997879,0,True,False,False,False,False,False
44,666.6237792969,-41.2727012634,4.4725999832,0,True,False,False,False,False,False
44,666.0606079102,-40.8134994507,4.521999836,0,True,False,False,False,False,False
44,668.4025268555,-40.5586013794,4.5837001801,0,True,False,False,False,False,False
44,673.9428710938,-40.2853012085,4.7149000168,0,True,False,False,False,False,False
44,674.8184814453,-40.2560997009,4.5282998085,0,True,False,False,False,False,False
44,675.5571289062,-40.0688018799,4.4397001266,0,True,False,False,False,False,False
44,679.9494018555,-39.015499115,4.5759000778,0,True,False,False,False,False,False
44,683.0708007812,-39.0322990417,3.9960000515,0,True,False,False,False,False,False
44,688.2780761719,-39.0810012817,4.3769001961,0,True,False,False,False,False,False
44,688.1566772461,-38.7122001648,4.5118999481,0,True,False,False,False,False,False
44,689.970703125,-38.6573982239,4.5928001404,0,True,False,False,False,False,False
44,695.1619262695,-38.9530982971,4.5664000511,0,True,False,False,False,False,False
44,697.6008911133,-38.501499176,4.4472999573,0,True,False,False,False,False,False
44,695.3572998047,-38.304599762,4.5402998924,0,True,False,False,False,False,False
44,696.3969726562,-39.3739013672,4.5181999207,0,True,False,False,False,False,False
44,701.7778930664,-38.3742980957,4.428899765,0,True,False,False,False,False,False
44,705.3748168945,-38.2224998474,4.5559000969,0,True,False,False,False,False,False
44,707.4865722656,-38.0275993347,4.4872999191,0,True,False,False,False,False,False
44,709.5106811523,-37.859500885,4.3376998901,0,True,False,False,False,False,False
44,709.5758056641,-38.7178993225,4.359099865,0,True,False,False,False,False,False
44,713.0908203125,-38.1507987976,4.505300045,0,True,False,False,False,False,False
45,198.0760955811,-49.1824989319,5.1265001297,0,True,True,False,False,False,False
45,209.8618011475,-48.5968017578,5.578400135,0,True,True,False,False,False,False
45,218.1696014404,-48.4159011841,5.3765001297,0,True,True,False,False,False,False
45,222.4320068359,-47.4118995667,5.4236998558,0,True,True,False,False,False,False
45,232.2380981445,-47.3875007629,5.1998000145,0,True,True,False,False,False,False
45,241.6318054199,-47.1936988831,5.2543001175,0,True,True,False,False,False,False
45,248.0720062256,-47.0059013367,5.1838002205,0,True,True,False,False,False,False
45,256.0156860352,-47.5383987427,5.3136000633,0,True,True,False,False,False,False
45,267.3258056641,-47.0437011719,5.3874998093,0,True,True,False,False,False,False
45,271.0867004395,-47.2089004517,5.6817002296,0,True,True,False,False,False,False
45,281.442199707,-46.9229011536,5.2371997833,0,True,True,False,False,False,False
45,291.4206848145,-45.8517990112,5.3907999992,0,True,True,False,False,False,False
45,294.8800964355,-46.7113990784,5.5107002258,0,True,True,False,False,False,False
45,303.6563110352,-46.4809989929,5.5816998482,0,True,True,False,False,False,False
45,309.4410095215,-46.8409996033,5.5135002136,0,True,True,False,False,False,False
45,318.7609863281,-47.512298584,5.4121999741,0,True,True,False,False,False,False
45,324.4856872559,-46.3824005127,5.329100132,0,True,True,False,False,False,False
45,333.6003112793,-46.2008018494,5.2519001961,0,True,True,False,False,False,False
45,344.1538085938,-46.3324012756,5.3323998451,0,True,True,False,False,False,False
45,344.4750061035,-47.0111999512,5.0816001892,0,True,True,False,False,False,False
45,356.2229919434,-46.8112983704,4.983399868,0,True,True,False,False,False,False
45,358.6748046875,-47.4449996948,5.027299881,0,True,True,False,False,False,False
45,365.0895080566,-47.2429008484,5.6065001488,0,True,True,False,False,False,False
45,375.753692627,-47.0784988403,5.4489998817,0,True,True,False,False,False,False
45,382.6386108398,-47.0191993713,5.537899971,0,True,True,False,False,False,False
45,386.8019104004,-46.9528007507,5.7190999985,0,True,True,False,False,False,False
45,390.4169921875,-47.3757019043,5.0989999771,0,True,True,False,False,False,False
45,397.8588867188,-47.4149017334,5.2527999878,0,True,True,False,False,False,False
45,406.6947937012,-47.0974998474,5.3062000275,0,True,True,False,False,False,False
45,411.0014038086,-48.3316001892,5.5574002266,0,True,True,False,False,False,False
45,414.3400878906,-48.9099998474,5.4949002266,0,True,True,False,False,False,False
45,421.4142150879,-48.0159988403,5.4670000076,0,True,True,False,False,False,False
45,425.8565063477,-48.8376998901,5.6656999588,0,True,True,False,False,False,False
45,431.2929077148,-48.8347015381,4.853700161,0,True,True,False,False,False,False
45,439.2688903809,-48.6016998291,5.1711997986,0,True,True,False,False,False,False
45,442.0780944824,-47.8870010376,5.0135998726,0,True,True,False,False,False,False
45,451.6062927246,-48.3925018311,5.5504999161,0,True,True,False,False,False,False
45,454.9497070312,-48.9550018311,5.2841000557,0,True,True,False,False,False,False
45,461.1393127441,-48.4533004761,5.19810009,0,True,True,False,False,False,False
45,466.6022033691,-49.6025009155,5.3165998459,0,True,True,False,False,False,False
45,476.1328125,-50.3501014709,5.3165998459,0,True,True,False,False,False,False
45,473.899597168,-50.320098877,5.1921000481,0,True,True,False,False,False,False
45,480.2052001953,-49.6365013123,5.271999836,0,True,True,False,False,False,False
45,484.9309082031,-49.9702987671,5.2151999474,0,True,True,False,False,False,False
45,487.0864868164,-49.9897994995,5.2901000977,0,True,True,False,False,False,False
45,493.4266052246,-50.4537010193,5.0183000565,0,True,True,False,False,False,False
45,501.020111084,-50.9390983582,5.2850999832,0,True,True,False,False,False,False
45,503.6113891602,-51.4981994629,5.3434000015,0,True,True,False,False,False,False
45,510.3028869629,-51.0117988586,5.3425002098,0,True,True,False,False,False,False
45,515.803894043,-51.6144981384,5.0550999641,0,True,True,False,False,False,False
45,519.4603881836,-50.5489997864,4.9836997986,0,True,True,False,False,False,False
45,523.5966186523,-52.1980018616,5.1227002144,0,True,True,False,False,False,False
45,524.3621826172,-51.6101989746,5.0749998093,0,True,True,False,False,False,False
45,528.5020751953,-51.7589988708,5.1307997704,0,True,True,False,False,False,False
45,536.7996826172,-51.104801178,5.3668999672,0,True,True,False,False,False,False
45,537.8753051758,-51.927898407,5.1378998756,0,True,True,False,False,False,False
45,543.6539916992,-51.9420013428,5.0560002327,0,True,False,False,False,False,False
45,544.4003295898,-52.6927986145,4.9819002151,0,True,False,False,False,False,False
45,548.970703125,-52.5868988037,4.9732999802,0,True,False,False,False,False,False
45,555.5842285156,-52.8041000366,4.9611001015,0,True,False,False,False,False,False
45,559.1353149414,-52.7518997192,4.790599823,0,True,False,False,False,False,False
45,562.5661010742,-52.5167999268,4.9010000229,0,True,False,False,False,False,False
45,566.790222168,-51.8714981079,4.5447001457,0,True,False,False,False,False,False
45,575.8455810547,-52.595500946,4.7305002213,0,True,False,False,False,False,False
45,574.7371826172,-54.4197006226,4.9875998497,0,True,False,False,False,False,False
45,578.7593994141,-53.2302017212,5.2140002251,0,True,False,False,False,False,False
45,581.4600830078,-52.1627006531,4.9800000191,0,True,False,False,False,False,False
45,586.1641845703,-53.6035995483,4.9116997719,0,True,False,False,False,False,False
45,588.383972168,-53.6615982056,4.9619998932,0,True,False,False,False,False,False
45,596.7850952148,-53.3880996704,5.0409002304,0,True,False,False,False,False,False
45,596.9943237305,-52.6166000366,4.9305000305,0,True,False,False,False,False,False
45,596.7969970703,-53.0444984436,4.7614998817,0,True,False,False,False,False,False
45,601.0493774414,-53.1851997375,4.6012997627,0,True,False,False,False,False,False
45,603.6124267578,-52.9034004211,4.8125,0,True,False,False,False,False,False
45,608.421081543,-52.6179008484,4.6957998276,0,True,False,False,False,False,False
45,610.2987060547,-52.1562004089,4.7216000557,0,True,False,False,False,False,False
45,613.0755004883,-53.3592987061,4.660299778,0,True,False,False,False,False,False
45,616.2111816406,-52.6222991943,4.8649997711,0,True,False,False,False,False,False
45,621.2761230469,-53.0691986084,4.5959000587,0,True,False,False,False,False,False
45,621.9625244141,-52.2055015564,4.6403999329,0,True,False,False,False,False,False
45,626.5855712891,-51.5336990356,4.8218002319,0,True,False,False,False,False,False
45,627.178527832,-51.1352005005,4.6835999489,0,True,False,False,False,False,False
45,632.9057006836,-51.1030006409,4.684899807,0,True,False,False,False,False,False
45,634.69140625,-51.4528007507,4.6210999489,0,True,False,False,False,False,False
45,635.2305297852,-51.4693984985,4.5770001411,0,True,False,False,False,False,False
45,642.1030883789,-51.4874000549,4.4404001236,0,True,False,False,False,False,False
45,645.508972168,-51.2168006897,4.7456998825,0,True,False,False,False,False,False
45,647.0935058594,-49.5027999878,4.4993000031,0,True,False,False,False,False,False
45,647.7064819336,-50.4632987976,4.5480999947,0,True,False,False,False,False,False
45,650.9487304688,-50.76720047,4.7220001221,0,True,False,False,False,False,False
45,652.0079956055,-50.3446998596,4.2870001793,0,True,False,False,False,False,False
45,656.0640869141,-49.9117012024,4.3899998665,0,True,False,False,False,False,False
45,660.8948974609,-49.9846000671,4.7618999481,0,True,False,False,False,False,False
45,659.3991699219,-50.6139984131,4.6036000252,0,True,False,False,False,False,False
45,662.0678710938,-48.8079986572,4.4910001755,0,True,False,False,False,False,False
45,668.0419921875,-49.9740982056,4.6296000481,0,True,False,False,False,False,False
45,669.5753173828,-49.7000999451,4.5367999077,0,True,False,False,False,False,False
45,670.391418457,-48.84400177,4.5178999901,0,True,False,False,False,False,False
45,674.7537841797,-48.3521003723,4.491399765,0,True,False,False,False,False,False
45,672.5065917969,-48.4524002075,4.5794000626,0,True,False,False,False,False,False
45,678.638671875,-47.8157997131,4.4970002174,0,True,False,False,False,False,False
45,682.3892211914,-47.2748985291,4.1209998131,0,True,False,False,False,False,False
45,685.6024780273,-47.7307014465,4.7319002151,0,True,False,False,False,False,False
45,684.8350219727,-48.318901062,4.5978999138,0,True,False,False,False,False,False
45,689.0338134766,-48.0505981445,4.4429998398,0,True,False,False,False,False,False
45,687.0098876953,-47.467300415,4.5062999725,0,True,False,False,False,False,False
45,689.7269287109,-46.7649993896,4.3213000298,0,True,False,False,False,False,False
45,697.2487182617,-48.6381988525,4.3482999802,0,True,False,False,False,False,False
45,695.3455810547,-47.5153999329,4.223400116,0,True,False,False,False,False,False
45,696.991027832,-46.967300415,4.611000061,0,True,False,False,False,False,False
45,695.1422119141,-47.4869003296,4.3308000565,0,True,False,False,False,False,False
45,700.0626831055,-46.1244010925,4.2329998016,0,True,False,False,False,False,False
45,704.4099121094,-47.5541992188,4.2648000717,0,True,False,False,False,False,False
45,706.7747192383,-46.9998016357,4.3878998756,0,True,False,False,False,False,False
45,709.2570800781,-47.7717018127,4.4517002106,0,True,False,False,False,False,False
45,707.0628051758,-45.9625015259,4.4527997971,0,True,False,False,False,False,False
45,710.3493041992,-46.5681991577,4.2572999001,0,True,False,False,False,False,False
46,201.2949066162,-50.8125,5.6129999161,0,True,True,False,False,False,False
46,210.2478027344,-51.5915985107,5.7769999504,0,True,True,False,False,False,False
46,216.3975982666,-50.7312011719,5.8794999123,0,True,True,False,False,False,False
46,225.2975006104,-50.8306999207,5.6378002167,0,True,True,False,False,False,False
46,231.8251037598,-51.1128997803,5.9485998154,0,True,True,False,False,False,False
46,239.3108978271,-50.2078018188,5.9120001793,0,True,True,False,False,False,False
46,247.4649963379,-49.5275993347,5.8113999367,0,True,True,False,False,False,False
46,254.8666992188,-50.3609008789,5.6097998619,0,True,True,False,False,False,False
46,263.7925109863,-50.0736999512,5.9881000519,0,True,True,False,False,False,False
46,266.4425048828,-50.0369987488,5.8010997772,0,True,True,False,False,False,False
46,276.9873962402,-50.0507011414,5.9021000862,0,True,True,False,False,False,False
46,283.9325866699,-49.2694015503,5.7527999878,0,True,True,False,False,False,False
46,288.2331848145,-49.0377998352,5.7016000748,0,True,True,False,False,False,False
46,297.4621887207,-49.9692001343,5.7063999176,0,True,True,False,False,False,False
46,303.1300964355,-50.3824005127,5.820400238,0,True,True,False,False,False,False
46,310.6723937988,-48.9305000305,5.9018998146,0,True,True,False,False,False,False
46,317.1401062012,-49.012298584,5.6592001915,0,True,True,False,False,False,False
46,324.1741027832,-49.6995010376,5.8024997711,0,True,True,False,False,False,False
46,331.2094116211,-50.3573989868,5.6307997704,0,True,True,False,False,False,False
46,335.3327026367,-49.3093986511,5.7322998047,0,True,True,False,False,False,False
46,347.3729858398,-49.9258995056,5.8512001038,0,True,True,False,False,False,False
46,350.990814209,-50.395198822,5.3955001831,0,True,True,False,False,False,False
46,358.2504882812,-49.8387985229,5.5903000832,0,True,True,False,False,False,False
46,361.1473999023,-49.7405014038,5.7375001907,0,True,True,False,False,False,False
46,370.875793457,-49.9472999573,5.7558999062,0,True,True,False,False,False,False
46,373.7850952148,-50.1414985657,5.6891999245,0,True,True,False,False,False,False
46,379.109588623,-49.9570007324,5.5001001358,0,True,True,False,False,False,False
46,387.7261047363,-50.5615997314,6.1449999809,0,True,True,False,False,False,False
46,393.7348022461,-50.5438995361,6.0510997772,0,True,True,False,False,False,False
46,394.4989013672,-49.6819992065,5.8758997917,0,True,True,False,False,False,False
46,399.6697998047,-49.7790985107,5.7702999115,0,True,True,False,False,False,False
46,404.0155029297,-50.9095993042,5.9661998749,0,True,True,False,False,False,False
46,411.8139038086,-50.3348007202,5.7035999298,0,True,True,False,False,False,False
46,422.0697937012,-51.5290985107,5.7497000694,0,True,True,False,False,False,False
46,426.5748901367,-51.0989990234,5.5534000397,0,True,True,False,False,False,False
46,431.8575134277,-52.0437011719,5.7232999802,0,True,True,False,False,False,False
46,436.374206543,-51.6599998474,5.7845001221,0,True,True,False,False,False,False
46,440.7925109863,-51.1637992859,6.0673999786,0,True,True,False,False,False,False
46,448.945892334,-51.5763015747,5.8453001976,0,True,True,False,False,False,False
46,452.2518920898,-52.2554016113,5.6743998528,0,True,True,False,False,False,False
46,457.0065002441,-51.8956985474,5.4713001251,0,True,True,False,False,False,False
46,457.6607971191,-51.6271018982,5.6918997765,0,True,True,False,False,False,False
46,464.1120910645,-53.0884017944,5.6395001411,0,True,True,False,False,False,False
46,467.9483947754,-52.7812004089,5.7157001495,0,True,True,False,False,False,False
46,473.149597168,-52.4231987,5.6226000786,0,True,True,False,False,False,False
46,478.7341918945,-52.8336982727,5.5220999718,0,True,True,False,False,False,False
46,480.5314941406,-53.4491004944,5.8201999664,0,True,True,False,False,False,False
46,485.9841003418,-52.8293991089,5.5630998611,0,True,True,False,False,False,False
46,490.0458984375,-54.0224990845,5.6833000183,0,True,True,False,False,False,False
46,492.3991088867,-53.650100708,5.7853999138,0,True,True,False,False,False,False
46,499.5664978027,-54.5592002869,5.5689001083,0,True,True,False,False,False,False
46,505.5718078613,-54.1931991577,5.576499939,0,True,True,False,False,False,False
46,505.2670898438,-54.1001014709,5.4875998497,0,True,True,False,False,False,False
46,512.8516845703,-54.1137008667,5.4425997734,0,True,True,False,False,False,False
46,513.364074707,-54.6593017578,5.410200119,0,True,True,False,False,False,False
46,520.2412719727,-55.3287010193,5.7283000946,0,True,True,False,False,False,False
46,524.732421875,-54.7019996643,5.3945999146,0,True,True,False,False,False,False
46,529.1564941406,-55.6241989136,5.4250998497,0,True,True,False,False,False,False
46,532.3870239258,-55.0037002563,5.3109002113,0,True,True,False,False,False,False
46,534.2639770508,-53.8190002441,5.3870000839,0,True,True,False,False,False,False
46,535.6696166992,-56.2942008972,5.7097997665,0,True,True,False,False,False,False
46,540.1981201172,-55.3816986084,5.7445998192,0,True,True,False,False,False,False
46,543.0825805664,-55.9490013123,5.5985999107,0,True,False,False,False,False,False
46,547.2830200195,-55.6516990662,5.4012999535,0,True,False,False,False,False,False
46,551.7034301758,-54.9231987,5.3885002136,0,True,False,False,False,False,False
46,554.3062744141,-55.7537002563,5.3376998901,0,True,False,False,False,False,False
46,559.5554199219,-55.9919013977,5.2378997803,0,True,False,False,False,False,False
46,562.3430786133,-55.0932998657,5.4622998238,0,True,False,False,False,False,False
46,563.5654907227,-55.5223007202,5.0809998512,0,True,False,False,False,False,False
46,568.9417724609,-55.9156990051,5.266699791,0,True,False,False,False,False,False
46,571.7822875977,-56.266998291,5.2431998253,0,True,False,False,False,False,False
46,574.8425292969,-55.3082008362,5.2119998932,0,True,False,False,False,False,False
46,575.5003051758,-54.4449005127,5.1027002335,0,True,False,False,False,False,False
46,581.8693847656,-54.711101532,5.1100997925,0,True,False,False,False,False,False
46,582.9432983398,-55.7230987549,5.0096998215,0,True,False,False,False,False,False
46,582.4736938477,-54.4003982544,5.1567997932,0,True,False,False,False,False,False
46,589.4028930664,-55.3025016785,4.9601998329,0,True,False,False,False,False,False
46,589.9979858398,-55.1665000916,5.0837001801,0,True,False,False,False,False,False
46,594.3441772461,-54.448299408,5.1710000038,0,True,False,False,False,False,False
46,599.0090942383,-55.0256996155,5.3296999931,0,True,False,False,False,False,False
46,603.5603027344,-55.2219009399,5.3027000427,0,True,False,False,False,False,False
46,601.563293457,-55.1464004517,5.138999939,0,True,False,False,False,False,False
46,600.9215698242,-53.7905006409,5.1888999939,0,True,False,False,False,False,False
46,609.5770263672,-54.3656005859,5.2020001411,0,True,False,False,False,False,False
46,609.0979003906,-53.8941993713,5.1844000816,0,True,False,False,False,False,False
46,614.1666259766,-53.6553001404,5.2335000038,0,True,False,False,False,False,False
46,614.4921264648,-54.7080993652,4.9359998703,0,True,False,False,False,False,False
46,618.4990234375,-53.3180999756,5.0124998093,0,True,False,False,False,False,False
46,620.6154785156,-52.96849823,4.8329000473,0,True,False,False,False,False,False
46,623.3562011719,-52.9216995239,5.273900032,0,True,False,False,False,False,False
46,627.6979980469,-52.8288993835,4.7472000122,0,True,False,False,False,False,False
46,629.9274902344,-53.1577987671,5.0662999153,0,True,False,False,False,False,False
46,632.8469848633,-52.6846008301,5.0138001442,0,True,False,False,False,False,False
46,631.2418823242,-52.3520011902,5.0188999176,0,True,False,False,False,False,False
46,632.5103759766,-52.6094017029,4.9622998238,0,True,False,False,False,False,False
46,638.0261230469,-52.4597015381,4.8720998764,0,True,False,False,False,False,False
46,639.507019043,-52.442401886,4.9902000427,0,True,False,False,False,False,False
46,641.8826293945,-52.3301010132,5.1065998077,0,True,False,False,False,False,False
46,643.6491088867,-51.459400177,4.8407998085,0,True,False,False,False,False,False
46,646.5382080078,-50.9698982239,5.0949001312,0,True,False,False,False,False,False
46,648.3444213867,-50.8555984497,5.0900001526,0,True,False,False,False,False,False
46,648.7321166992,-50.1652984619,4.7182002068,0,True,False,False,False,False,False
46,649.9656982422,-49.9914016724,4.6507000923,0,True,False,False,False,False,False
46,649.8806152344,-50.3013000488,4.782599926,0,True,False,False,False,False,False
46,658.1884765625,-50.496799469,5.0314002037,0,True,False,False,False,False,False
46,657.520324707,-51.2761993408,4.654900074,0,True,False,False,False,False,False
46,663.3928833008,-50.1399002075,4.6729001999,0,True,False,False,False,False,False
46,663.3657226562,-49.5091018677,4.6666002274,0,True,False,False,False,False,False
46,666.1135253906,-50.2934989929,4.9825000763,0,True,False,False,False,False,False
46,666.9647827148,-49.0155982971,4.6312999725,0,True,False,False,False,False,False
46,667.8413696289,-50.210899353,4.8042998314,0,True,False,False,False,False,False
46,668.8917236328,-49.6236991882,4.6588001251,0,True,False,False,False,False,False
46,674.1246948242,-49.4079017639,4.9618000984,0,True,False,False,False,False,False
46,672.4440917969,-49.3037986755,5.0297999382,0,True,False,False,False,False,False
46,676.337890625,-50.1645011902,4.8464999199,0,True,False,False,False,False,False
46,675.6254272461,-48.6362991333,4.559899807,0,True,False,False,False,False,False
46,680.2131958008,-50.0026016235,4.9464998245,0,True,False,False,False,False,False
46,682.0112304688,-48.7728996277,4.7585000992,0,True,False,False,False,False,False
46,682.9346923828,-49.9973983765,4.4728999138,0,True,False,False,False,False,False
46,687.5181884766,-48.9603996277,4.8698000908,0,True,False,False,False,False,False
46,689.4489135742,-49.4379997253,4.7402000427,0,True,False,False,False,False,False
46,690.4315185547,-50.8101997375,4.8362002373,0,True,False,False,False,False,False
46,690.8693847656,-49.1217002869,4.6953001022,0,True,False,False,False,False,False
46,690.3679199219,-50.2557983398,4.9218001366,0,True,False,False,False,False,False
46,692.260925293,-49.7647018433,4.9349999428,0,True,False,False,False,False,False
46,697.4149780273,-50.4277992249,4.6698999405,0,True,False,False,False,False,False
46,695.4661254883,-50.6884002686,4.9848999977,0,True,False,False,False,False,False
46,701.2819213867,-50.4864997864,4.7048997879,0,True,False,False,False,False,False
46,703.2218017578,-50.8026008606,4.9616999626,0,True,False,False,False,False,False
46,706.5119018555,-50.4140014648,4.8870000839,0,True,False,False,False,False,False
46,705.8245239258,-49.0051994324,4.7527999878,0,True,False,False,False,False,False
46,707.3391723633,-50.5018005371,4.9394001961,0,True,False,False,False,False,False
46,709.6823730469,-50.6925010681,4.6842999458,0,True,False,False,False,False,False
46,708.771484375,-50.21849823,4.6750001907,0,True,False,False,False,False,False
46,712.6259155273,-50.6105003357,4.7913999557,0,True,False,False,False,False,False
46,712.9176025391,-51.2472000122,4.6135001183,0,True,False,False,False,False,False
46,712.7124023438,-50.5884017944,4.986000061,0,True,False,False,False,False,False
47,198.9542999268,-44.1916007996,4.5384998322,0,True,True,False,False,False,False
47,208.9044952393,-43.5886993408,4.8259000778,0,True,True,False,False,False,False
47,218.3784942627,-43.0407981873,5.0176000595,0,True,True,False,False,False,False
47,221.9974060059,-42.1643981934,5.0369000435,0,True,True,False,False,False,False
47,234.374206543,-43.3675994873,4.899600029,0,True,True,False,False,False,False
47,241.7153930664,-42.5382003784,4.484000206,0,True,True,False,False,False,False
47,250.5910949707,-42.6917991638,4.8783998489,0,True,True,False,False,False,False
47,259.0036010742,-42.7899017334,4.5194997787,0,True,True,False,False,False,False
47,265.9661865234,-42.0400009155,4.7983999252,0,True,True,False,False,False,False
47,274.2612915039,-42.7416992188,4.7884998322,0,True,True,False,False,False,False
47,282.2927856445,-41.5807991028,4.799200058,0,True,True,False,False,False,False
47,289.5531005859,-41.9870986938,4.7571001053,0,True,True,False,False,False,False
47,294.1857910156,-41.90650177,4.6283998489,0,True,True,False,False,False,False
47,304.5985107422,-41.3941001892,4.5988998413,0,True,True,False,False,False,False
47,308.9996948242,-42.7986984253,4.727399826,0,True,True,False,False,False,False
47,318.3882141113,-42.1094017029,4.5329999924,0,True,True,False,False,False,False
47,327.3197021484,-41.6688995361,4.7821002007,0,True,True,False,False,False,False
47,332.9812927246,-42.2188987732,4.8919000626,0,True,True,False,False,False,False
47,342.3222045898,-42.2364006042,4.8489999771,0,True,True,False,False,False,False
47,348.0950012207,-42.898601532,4.8825001717,0,True,True,False,False,False,False
47,356.9648132324,-42.2513008118,4.5187001228,0,True,True,False,False,False,False
47,360.8295898438,-42.5458984375,4.8708000183,0,True,True,False,False,False,False
47,368.178894043,-42.1727981567,4.8766999245,0,True,True,False,False,False,False
47,377.5213928223,-42.6385002136,4.8187999725,0,True,True,False,False,False,False
47,377.1452941895,-42.1315002441,4.7539000511,0,True,True,False,False,False,False
47,385.3840026855,-41.9854011536,4.5303001404,0,True,True,False,False,False,False
47,394.7428894043,-41.7540016174,4.752699852,0,True,True,False,False,False,False
47,400.0693054199,-42.8358001709,4.7933998108,0,True,True,False,False,False,False
47,410.0462036133,-42.7058982849,4.5963997841,0,True,True,False,False,False,False
47,414.7513122559,-42.2070007324,4.6086997986,0,True,True,False,False,False,False
47,418.7334899902,-44.2672996521,4.8758001328,0,True,True,False,False,False,False
47,425.5646972656,-43.4729003906,4.6519999504,0,True,True,False,False,False,False
47,432.0208129883,-42.3011016846,4.7662000656,0,True,True,False,False,False,False
47,437.8251037598,-44.0444984436,4.703400135,0,True,True,False,False,False,False
47,438.4030151367,-43.8614006042,4.6402997971,0,True,True,False,False,False,False
47,444.5398864746,-43.9888000488,5.0720000267,0,True,True,False,False,False,False
47,453.6044921875,-42.9672012329,4.8365001678,0,True,True,False,False,False,False
47,462.4009094238,-43.1316986084,4.4608998299,0,True,True,False,False,False,False
47,460.6238098145,-44.8644981384,4.7664999962,0,True,True,False,False,False,False
47,472.3706970215,-43.9701004028,4.6690998077,0,True,True,False,False,False,False
47,472.5936889648,-43.9142990112,4.7515997887,0,True,True,False,False,False,False
47,478.3185119629,-45.891998291,4.4970002174,0,True,True,False,False,False,False
47,485.5304870605,-44.7422981262,4.6111001968,0,True,True,False,False,False,False
47,488.0992126465,-45.711101532,4.8217000961,0,True,True,False,False,False,False
47,491.2760009766,-45.0125999451,4.3362002373,0,True,True,False,False,False,False
47,499.874206543,-45.6660995483,4.3101000786,0,True,True,False,False,False,False
47,503.8334960938,-45.3707008362,4.5128998756,0,True,True,False,False,False,False
47,507.6513061523,-45.3368988037,4.5275001526,0,True,True,False,False,False,False
47,510.280090332,-46.1356010437,4.4377999306,0,True,True,False,False,False,False
47,519.4854736328,-46.5702018738,4.6296000481,0,True,True,False,False,False,False
47,521.2598266602,-46.3838005066,4.7968997955,0,True,True,False,False,False,False
47,528.5114135742,-46.4994010925,4.3337001801,0,True,True,False,False,False,False
47,534.2506713867,-46.4212989807,4.4786000252,0,True,True,False,False,False,False
47,536.1500854492,-47.770401001,4.5390000343,0,True,True,False,False,False,False
47,535.9473266602,-47.2270011902,4.4766001701,0,True,True,False,False,False,False
47,539.591003418,-47.7337989807,4.6810002327,0,True,True,False,False,False,False
47,548.1934204102,-46.9482002258,4.4619002342,0,True,False,False,False,False,False
47,551.6823730469,-47.6161003113,4.6350002289,0,True,False,False,False,False,False
47,556.1275024414,-47.6530990601,4.4345002174,0,True,False,False,False,False,False
47,558.866027832,-46.7380981445,4.4039001465,0,True,False,False,False,False,False
47,560.4041137695,-47.4606018066,4.6593999863,0,True,False,False,False,False,False
47,568.8939819336,-47.6679992676,4.3867998123,0,True,False,False,False,False,False
47,574.6569213867,-48.5387001038,4.553800106,0,True,False,False,False,False,False
47,574.3529052734,-48.9920005798,4.5023999214,0,True,False,False,False,False,False
47,579.1127929688,-47.6836013794,4.3453998566,0,True,False,False,False,False,False
47,584.091796875,-48.3269996643,4.382900238,0,True,False,False,False,False,False
47,583.3023071289,-48.6204986572,4.535200119,0,True,False,False,False,False,False
47,587.5546264648,-47.5601997375,3.9686000347,0,True,False,False,False,False,False
47,594.3739013672,-47.8927001953,4.4660000801,0,True,False,False,False,False,False
47,597.9016723633,-48.3240013123,4.3134999275,0,True,False,False,False,False,False
47,600.4489746094,-47.7523002625,4.2150001526,0,True,False,False,False,False,False
47,604.6995849609,-48.0920982361,4.2793998718,0,True,False,False,False,False,False
47,606.8402099609,-47.2426986694,4.156899929,0,True,False,False,False,False,False
47,607.4357910156,-48.3647003174,4.2190999985,0,True,False,False,False,False,False
47,610.4104003906,-47.4597015381,3.9997999668,0,True,False,False,False,False,False
47,615.8162841797,-47.2000999451,4.2951002121,0,True,False,False,False,False,False
47,622.9750976562,-48.0460014343,4.1599001884,0,True,False,False,False,False,False
47,624.8850097656,-47.804901123,3.991300106,0,True,False,False,False,False,False
47,625.1660766602,-47.6811981201,4.1791000366,0,True,False,False,False,False,False
47,625.3666992188,-46.5833015442,3.787899971,0,True,False,False,False,False,False
47,633.1406860352,-47.3969993591,4.0328001976,0,True,False,False,False,False,False
47,636.5399780273,-47.3235015869,4.070499897,0,True,False,False,False,False,False
47,636.2052001953,-47.551700592,4.0334000587,0,True,False,False,False,False,False
47,638.6400146484,-46.1319999695,3.9600999355,0,True,False,False,False,False,False
47,641.3397216797,-46.606300354,4.2213001251,0,True,False,False,False,False,False
47,642.7880859375,-46.2958984375,3.8661000729,0,True,False,False,False,False,False
47,649.0955810547,-47.0045013428,3.9962000847,0,True,False,False,False,False,False
47,646.9412231445,-46.587600708,4.0480999947,0,True,False,False,False,False,False
47,654.4940185547,-45.7685012817,4.1031999588,0,True,False,False,False,False,False
47,657.140625,-45.9132995605,3.9953999519,0,True,False,False,False,False,False
47,661.2529296875,-45.6684989929,4.1251997948,0,True,False,False,False,False,False
47,660.8446044922,-45.6570014954,3.9848999977,0,True,False,False,False,False,False
47,665.2894287109,-44.7798995972,3.9876000881,0,True,False,False,False,False,False
47,665.208190918,-44.9784011841,4.0942001343,0,True,False,False,False,False,False
47,672.8355102539,-45.0838012695,3.9630999565,0,True,False,False,False,False,False
47,668.8671875,-44.6689987183,3.9988000393,0,True,False,False,False,False,False
47,675.9462890625,-45.0024986267,3.7943000793,0,True,False,False,False,False,False
47,674.3928222656,-44.9780006409,3.8917000294,0,True,False,False,False,False,False
47,678.7182006836,-43.8027000427,3.8993000984,0,True,False,False,False,False,False
47,681.4672851562,-44.2798995972,3.8248000145,0,True,False,False,False,False,False
47,684.5534057617,-42.8350982666,3.8907001019,0,True,False,False,False,False,False
47,685.9678955078,-44.0517997742,3.9449000359,0,True,False,False,False,False,False
47,685.5607299805,-42.8465995789,3.5413999557,0,True,False,False,False,False,False
47,691.3955078125,-42.9874000549,3.8966999054,0,True,False,False,False,False,False
47,692.2937011719,-43.0452003479,3.7878000736,0,True,False,False,False,False,False
47,695.0549926758,-42.6617012024,3.65260005,0,True,False,False,False,False,False
47,691.4553833008,-42.9654998779,3.743999958,0,True,False,False,False,False,False
47,700.7440185547,-43.0900001526,3.7288000584,0,True,False,False,False,False,False
47,702.4758911133,-43.1713981628,3.7541999817,0,True,False,False,False,False,False
47,703.7744750977,-41.9606018066,3.7376999855,0,True,False,False,False,False,False
47,704.5863037109,-42.1343994141,3.9458999634,0,True,False,False,False,False,False
47,702.2277832031,-41.7820014954,3.6895999908,0,True,False,False,False,False,False
47,710.6845092773,-42.6446990967,3.717799902,0,True,False,False,False,False,False
47,711.5162963867,-42.516998291,3.6828000546,0,True,False,False,False,False,False
48,203.25050354,-43.1347007751,4.9984998703,0,True,True,False,False,False,False
48,204.19090271,-43.0405006409,5.1367001534,0,True,True,False,False,False,False
48,216.9281005859,-42.9283981323,4.991300106,0,True,True,False,False,False,False
48,220.1013031006,-41.8065986633,5.0840001106,0,True,True,False,False,False,False
48,229.974105835,-43.29529953,5.0778999329,0,True,True,False,False,False,False
48,240.6009979248,-42.7219009399,4.9732999802,0,True,True,False,False,False,False
48,245.9423980713,-42.2300987244,5.0680999756,0,True,True,False,False,False,False
48,252.5579071045,-42.0183982849,5.0482997894,0,True,True,False,False,False,False
48,259.979888916,-42.4572982788,5.0570001602,0,True,True,False,False,False,False
48,269.7589111328,-41.931098938,5.1026000977,0,True,True,False,False,False,False
48,274.6820068359,-41.831199646,5.0753998756,0,True,True,False,False,False,False
48,280.5852966309,-42.2998008728,5.0131998062,0,True,True,False,False,False,False
48,290.3410949707,-41.8160018921,5.1883001328,0,True,True,False,False,False,False
48,295.8052978516,-40.6391983032,4.9485001564,0,True,True,False,False,False,False
48,309.0527038574,-41.992401123,5.100399971,0,True,True,False,False,False,False
48,310.6860961914,-40.7150993347,4.9498000145,0,True,True,False,False,False,False
48,315.2155151367,-41.1631011963,4.9918999672,0,True,True,False,False,False,False
48,321.4851989746,-41.3436012268,5.0995998383,0,True,True,False,False,False,False
48,336.0085144043,-41.7857017517,5.0893998146,0,True,True,False,False,False,False
48,335.1776123047,-41.6409988403,5.2720999718,0,True,True,False,False,False,False
48,342.3190002441,-41.1137008667,4.9986000061,0,True,True,False,False,False,False
48,352.4289855957,-41.7919006348,5.2562999725,0,True,True,False,False,False,False
48,356.5343933105,-42.7902984619,4.752699852,0,True,True,False,False,False,False
48,358.287902832,-42.2218017578,5.2304000854,0,True,True,False,False,False,False
48,368.9732971191,-41.1507987976,5.2080001831,0,True,True,False,False,False,False
48,376.770904541,-42.1169013977,5.2835001945,0,True,True,False,False,False,False
48,383.1611022949,-42.26720047,5.0164999962,0,True,True,False,False,False,False
48,382.0932922363,-41.8900985718,4.9394001961,0,True,True,False,False,False,False
48,392.7630004883,-42.9642982483,5.0960001945,0,True,True,False,False,False,False
48,395.8771057129,-41.7518005371,5.1781001091,0,True,True,False,False,False,False
48,400.1742858887,-42.2210006714,5.2657999992,0,True,True,False,False,False,False
48,406.6937866211,-43.6834983826,5.002600193,0,True,True,False,False,False,False
48,414.6572875977,-42.1506004333,5.2515001297,0,True,True,False,False,False,False
48,421.0924987793,-42.731300354,5.0215001106,0,True,True,False,False,False,False
48,422.8629150391,-43.1180000305,4.9916000366,0,True,True,False,False,False,False
48,425.4151000977,-43.0475006104,5.1784000397,0,True,True,False,False,False,False
48,432.9298095703,-44.0895996094,5.1401000023,0,True,True,False,False,False,False
48,438.669708252,-43.5634994507,5.0040001869,0,True,True,False,False,False,False
48,444.5542907715,-44.0933990479,4.9040999413,0,True,True,False,False,False,False
48,445.4775085449,-44.3869018555,5.0767998695,0,True,True,False,False,False,False
48,456.1162109375,-43.6996994019,4.8807997704,0,True,True,False,False,False,False
48,461.6723937988,-44.3608016968,4.9263000488,0,True,True,False,False,False,False
48,461.966003418,-44.3334999084,4.935500145,0,True,True,False,False,False,False
48,467.8818969727,-44.8636016846,4.9714999199,0,True,True,False,False,False,False
48,472.9164123535,-45.8170013428,5.0327000618,0,True,True,False,False,False,False
48,475.2116088867,-44.3841018677,4.9682998657,0,True,True,False,False,False,False
48,484.4587097168,-45.2350006104,5.1763000488,0,True,True,False,False,False,False
48,486.0476074219,-45.0597000122,4.9230999947,0,True,True,False,False,False,False
48,490.0790100098,-46.7258987427,4.7186999321,0,True,True,False,False,False,False
48,498.2235107422,-45.7930984497,4.7681999207,0,True,True,False,False,False,False
48,496.7439880371,-46.1688995361,5.1020002365,0,True,True,False,False,False,False
48,505.0822143555,-46.3245010376,4.945400238,0,True,True,False,False,False,False
48,505.9281921387,-46.7206001282,4.7843999863,0,True,True,False,False,False,False
48,513.7899169922,-45.9735984802,4.7677998543,0,True,True,False,False,False,False
48,515.7944946289,-47.6902999878,4.9962000847,0,True,True,False,False,False,False
48,519.6224975586,-46.0424995422,4.9709000587,0,True,True,False,False,False,False
48,524.3809204102,-47.1062011719,4.7926001549,0,True,True,False,False,False,False
48,529.4628295898,-46.8987998962,4.9286999702,0,True,True,False,False,False,False
48,528.5198974609,-48.4804992676,4.8815999031,0,True,True,False,False,False,False
48,530.7357177734,-46.648601532,4.8227000237,0,True,True,False,False,False,False
48,534.7067871094,-47.743598938,4.8780999184,0,True,True,False,False,False,False
48,541.5709838867,-47.9174995422,5.0078001022,0,True,False,False,False,False,False
48,543.1807861328,-48.2384986877,4.6859998703,0,True,False,False,False,False,False
48,545.6687011719,-47.6885986328,4.7564997673,0,True,False,False,False,False,False
48,553.5781860352,-47.626499176,4.8737001419,0,True,False,False,False,False,False
48,557.5219726562,-48.1464004517,4.727399826,0,True,False,False,False,False,False
48,556.9655761719,-47.6828994751,4.6128997803,0,True,False,False,False,False,False
48,557.3605957031,-48.4188995361,4.5493998528,0,True,False,False,False,False,False
48,560.9938964844,-47.5256996155,4.4672999382,0,True,False,False,False,False,False
48,567.4085083008,-46.3092002869,4.6304001808,0,True,False,False,False,False,False
48,570.9501953125,-48.7787017822,4.8331999779,0,True,False,False,False,False,False
48,573.2727050781,-47.245098114,4.5124998093,0,True,False,False,False,False,False
48,574.2913818359,-47.157699585,4.6071000099,0,True,False,False,False,False,False
48,580.3814086914,-47.7212982178,4.2699999809,0,True,False,False,False,False,False
48,581.3489990234,-47.4766998291,4.5908999443,0,True,False,False,False,False,False
48,585.9923706055,-47.0259017944,4.3586001396,0,True,False,False,False,False,False
48,588.1157836914,-46.728099823,4.3661999702,0,True,False,False,False,False,False
48,587.8693237305,-46.8306999207,4.5988998413,0,True,False,False,False,False,False
48,593.9716796875,-47.479801178,4.4672999382,0,True,False,False,False,False,False
48,596.5831298828,-47.4508018494,4.2776999474,0,True,False,False,False,False,False
48,597.2725830078,-46.8461990356,4.4711999893,0,True,False,False,False,False,False
48,602.3309936523,-46.5113983154,4.5401000977,0,True,False,False,False,False,False
48,604.1444091797,-46.1234016418,4.3818001747,0,True,False,False,False,False,False
48,605.3842163086,-46.0498008728,4.5525999069,0,True,False,False,False,False,False
48,611.041809082,-45.5816993713,4.3649001122,0,True,False,False,False,False,False
48,612.3872070312,-45.1651992798,4.4310998917,0,True,False,False,False,False,False
48,615.3377075195,-45.9785995483,4.3881001472,0,True,False,False,False,False,False
48,617.3394165039,-45.6383018494,4.1887001991,0,True,False,False,False,False,False
48,617.3643188477,-45.3428993225,4.1599998474,0,True,False,False,False,False,False
48,621.0977783203,-44.3974990845,4.4386000633,0,True,False,False,False,False,False
48,623.0888061523,-44.3334999084,4.4791002274,0,True,False,False,False,False,False
48,627.5712280273,-45.0961990356,4.4716000557,0,True,False,False,False,False,False
48,626.6439208984,-44.3628997803,4.230700016,0,True,False,False,False,False,False
48,629.0468139648,-45.5671005249,4.5443000793,0,True,False,False,False,False,False
48,632.9616088867,-44.3176002502,4.3896999359,0,True,False,False,False,False,False
48,635.4959106445,-43.9034996033,4.279900074,0,True,False,False,False,False,False
48,640.9105834961,-43.1870002747,4.1637997627,0,True,False,False,False,False,False
48,638.5015258789,-43.7163009644,4.2582998276,0,True,False,False,False,False,False
48,641.0416870117,-43.0914993286,4.1711997986,0,True,False,False,False,False,False
48,643.9313964844,-43.4746017456,4.2934999466,0,True,False,False,False,False,False
48,647.5953979492,-43.0065002441,4.2091999054,0,True,False,False,False,False,False
48,647.38671875,-43.1375999451,4.3649997711,0,True,False,False,False,False,False
48,652.1884155273,-43.1068992615,4.3359999657,0,True,False,False,False,False,False
48,651.5010986328,-42.67029953,4.2976999283,0,True,False,False,False,False,False
48,653.3931274414,-42.8880004883,4.2115001678,0,True,False,False,False,False,False
48,655.421081543,-41.8176002502,4.1305999756,0,True,False,False,False,False,False
48,660.4226074219,-42.1218986511,4.248000145,0,True,False,False,False,False,False
48,660.8560791016,-41.943901062,4.149600029,0,True,False,False,False,False,False
48,666.3381958008,-41.7495994568,4.2286000252,0,True,False,False,False,False,False
48,668.092590332,-41.6976013184,4.1001000404,0,True,False,False,False,False,False
48,667.2028198242,-41.9000015259,3.8303000927,0,True,False,False,False,False,False
48,670.095703125,-42.2661018372,3.9540998936,0,True,False,False,False,False,False
48,671.930480957,-42.1687011719,4.071199894,0,True,False,False,False,False,False
48,674.6668701172,-41.3334007263,4.2611999512,0,True,False,False,False,False,False
48,673.9135131836,-41.7218017578,4.0847001076,0,True,False,False,False,False,False
48,678.0308837891,-41.0143013,4.0622000694,0,True,False,False,False,False,False
48,681.4096069336,-41.9108009338,4.1395998001,0,True,False,False,False,False,False
48,681.2578735352,-41.9516983032,4.2953000069,0,True,False,False,False,False,False
48,681.3342895508,-41.2323989868,4.2624001503,0,True,False,False,False,False,False
48,684.0272827148,-41.5545005798,3.935199976,0,True,False,False,False,False,False
48,685.2100830078,-42.2845001221,4.0829000473,0,True,False,False,False,False,False
48,682.5275878906,-42.5839996338,4.1022000313,0,True,False,False,False,False,False
48,691.4135131836,-41.6071014404,4.2146000862,0,True,False,False,False,False,False
48,692.7033081055,-42.2589988708,4.1040000916,0,True,False,False,False,False,False
48,691.149597168,-41.3763008118,4.1908998489,0,True,False,False,False,False,False
48,693.1939086914,-42.8333015442,4.3972997665,0,True,False,False,False,False,False
48,694.9550170898,-42.082698822,4.075799942,0,True,False,False,False,False,False
48,700.0471191406,-42.5316009521,4.3172998428,0,True,False,False,False,False,False
48,698.3146972656,-42.3120994568,4.1684999466,0,True,False,False,False,False,False
48,703.0297241211,-41.3926010132,3.9688000679,0,True,False,False,False,False,False
48,706.7327270508,-42.2322006226,4.3112998009,0,True,False,False,False,False,False
48,707.8103027344,-42.9388999939,4.1701998711,0,True,False,False,False,False,False
48,710.1618041992,-42.4617996216,4.0638999939,0,True,False,False,False,False,False
48,707.3389282227,-43.3218002319,4.2329001427,0,True,False,False,False,False,False
48,707.9290771484,-43.9788017273,4.2013998032,0,True,False,False,False,False,False
48,711.5706787109,-43.5093994141,4.3842000961,0,True,False,False,False,False,False
48,713.1997070312,-43.6370010376,4.1122999191,0,True,False,False,False,False,False
49,202.9739074707,-40.1586990356,4.3961000443,0,True,True,False,False,False,False
49,208.5037994385,-39.3175010681,4.2177000046,0,True,True,False,False,False,False
49,220.0823059082,-39.6907997131,4.2133002281,0,True,True,False,False,False,False
49,220.1363983154,-39.1619987488,4.8340997696,0,True,True,False,False,False,False
49,229.4371948242,-39.516998291,4.5985999107,0,True,True,False,False,False,False
49,237.7760009766,-39.0421981812,4.8414998055,0,True,True,False,False,False,False
49,242.6280975342,-38.9527015686,4.733300209,0,True,True,False,False,False,False
49,252.5308990479,-38.7657012939,4.4127998352,0,True,True,False,False,False,False
49,260.7771911621,-38.9168014526,4.6387000084,0,True,True,False,False,False,False
49,268.2135925293,-39.1754989624,4.5285000801,0,True,True,False,False,False,False
49,275.3702087402,-37.770198822,4.8385000229,0,True,True,False,False,False,False
49,281.452911377,-37.7500991821,4.5408000946,0,True,True,False,False,False,False
49,285.0137023926,-38.158000946,4.6041998863,0,True,True,False,False,False,False
49,297.0275878906,-38.1883010864,4.7635002136,0,True,True,False,False,False,False
49,298.5105895996,-37.226398468,4.6199998856,0,True,True,False,False,False,False
49,309.4460144043,-38.1931991577,4.5556998253,0,True,True,False,False,False,False
49,319.378112793,-39.0247993469,4.4678997993,0,True,True,False,False,False,False
49,319.7034912109,-38.3165016174,4.2855000496,0,True,True,False,False,False,False
49,327.1353149414,-37.4020996094,4.6536002159,0,True,True,False,False,False,False
49,333.2427978516,-37.3203010559,4.5202999115,0,True,True,False,False,False,False
49,340.8882141113,-37.5211982727,4.5387997627,0,True,True,False,False,False,False
49,346.2406005859,-38.0433998108,4.7059998512,0,True,True,False,False,False,False
49,352.8800048828,-37.7046012878,4.6427998543,0,True,True,False,False,False,False
49,361.366607666,-39.2011985779,4.6970000267,0,True,True,False,False,False,False
49,360.6037902832,-38.9855003357,4.5004000664,0,True,True,False,False,False,False
49,372.3453063965,-38.0222015381,4.3435001373,0,True,True,False,False,False,False
49,376.4805908203,-37.6375007629,4.1567997932,0,True,True,False,False,False,False
49,379.6975097656,-38.5441017151,4.6255998611,0,True,True,False,False,False,False
49,384.3193969727,-39.0187988281,4.4184999466,0,True,True,False,False,False,False
49,393.5596008301,-39.2640991211,4.6121997833,0,True,True,False,False,False,False
49,397.3536987305,-38.7243995667,4.75330019,0,True,True,False,False,False,False
49,400.4289855957,-39.3308982849,4.6968002319,0,True,True,False,False,False,False
49,406.3948974609,-39.067199707,4.2238998413,0,True,True,False,False,False,False
49,414.2489929199,-39.390499115,4.339799881,0,True,True,False,False,False,False
49,419.0,-40.6483001709,4.4991002083,0,True,True,False,False,False,False
49,421.9226989746,-39.4435005188,4.5615000725,0,True,True,False,False,False,False
49,427.7784118652,-39.7633018494,4.5900998116,0,True,True,False,False,False,False
49,433.7287902832,-40.9224014282,4.266699791,0,True,True,False,False,False,False
49,435.8392944336,-39.4081993103,4.4836997986,0,True,True,False,False,False,False
49,445.229309082,-41.4277992249,4.3492999077,0,True,True,False,False,False,False
49,446.6507873535,-40.8773994446,4.4959001541,0,True,True,False,False,False,False
49,450.0021057129,-40.4104995728,4.2561998367,0,True,True,False,False,False,False
49,454.2208862305,-41.7103004456,4.5146999359,0,True,True,False,False,False,False
49,460.0833129883,-42.2025985718,4.461400032,0,True,True,False,False,False,False
49,467.0397949219,-41.0611991882,4.2062001228,0,True,True,False,False,False,False
49,474.9609985352,-42.1528015137,4.5068001747,0,True,True,False,False,False,False
49,470.5993041992,-42.413898468,4.5609002113,0,True,True,False,False,False,False
49,477.6924133301,-42.4786987305,4.2506999969,0,True,True,False,False,False,False
49,482.8646850586,-42.2775993347,4.3207001686,0,True,True,False,False,False,False
49,486.8252868652,-41.5406990051,4.2821002007,0,True,True,False,False,False,False
49,486.2984008789,-42.6189994812,4.152900219,0,True,True,False,False,False,False
49,497.8793029785,-42.1226997375,4.4005999565,0,True,True,False,False,False,False
49,498.8046875,-42.8684997559,4.3152999878,0,True,True,False,False,False,False
49,499.3872070312,-43.3921012878,4.1915001869,0,True,True,False,False,False,False
49,510.1377868652,-42.7375984192,4.1904997826,0,True,True,False,False,False,False
49,508.0394897461,-44.3860015869,4.3435001373,0,True,True,False,False,False,False
49,510.0524902344,-43.7592010498,4.4685001373,0,True,True,False,False,False,False
49,513.6635131836,-43.7579994202,4.2644000053,0,True,True,False,False,False,False
49,520.8549804688,-43.5923995972,4.3396000862,0,True,True,False,False,False,False
49,523.7213745117,-43.8824005127,4.2032999992,0,True,True,False,False,False,False
49,527.7265014648,-44.1096992493,4.0792999268,0,True,True,False,False,False,False
49,534.040222168,-44.1766014099,4.0444998741,0,True,True,False,False,False,False
49,533.7174072266,-44.8246002197,4.1656999588,0,True,True,False,False,False,False
49,538.3187255859,-43.5895996094,4.2557001114,0,True,True,False,False,False,False
49,541.1831054688,-43.956401825,4.3255000114,0,True,False,False,False,False,False
49,546.5650024414,-44.75,4.0605998039,0,True,False,False,False,False,False
49,546.0327758789,-44.6679992676,4.3580999374,0,True,False,False,False,False,False
49,553.7952880859,-44.3646011353,3.8975999355,0,True,False,False,False,False,False
49,553.2976074219,-44.0391998291,4.0573000908,0,True,False,False,False,False,False
49,554.1710205078,-44.7279014587,4.1992998123,0,True,False,False,False,False,False
49,561.0722045898,-44.2756996155,4.0560998917,0,True,False,False,False,False,False
49,563.0983276367,-43.3978004456,3.78489995,0,True,False,False,False,False,False
49,565.7958984375,-43.2486991882,3.8529000282,0,True,False,False,False,False,False
49,565.9284057617,-44.6747016907,3.8714001179,0,True,False,False,False,False,False
49,574.553527832,-44.5904006958,3.88560009,0,True,False,False,False,False,False
49,572.4135742188,-42.9290008545,3.9804000854,0,True,False,False,False,False,False
49,578.5020751953,-44.0516014099,3.4990999699,0,True,False,False,False,False,False
49,577.6605224609,-43.9538002014,3.9265999794,0,True,False,False,False,False,False
49,581.3436889648,-43.1222991943,3.9588999748,0,True,False,False,False,False,False
49,586.3458251953,-43.6251983643,4.0194997787,0,True,False,False,False,False,False
49,588.8356933594,-43.4525985718,3.9468998909,0,True,False,False,False,False,False
49,588.1113891602,-43.2327003479,3.7067000866,0,True,False,False,False,False,False
49,592.9287719727,-43.0507011414,3.8438999653,0,True,False,False,False,False,False
49,599.3165283203,-42.0173988342,3.9565999508,0,True,False,False,False,False,False
49,598.4581298828,-42.9631996155,3.5048999786,0,True,False,False,False,False,False
49,600.8654174805,-42.5332984924,3.690500021,0,True,False,False,False,False,False
49,606.5250244141,-42.690700531,3.8276998997,0,True,False,False,False,False,False
49,603.9772949219,-42.1189002991,4.0673999786,0,True,False,False,False,False,False
49,608.5048828125,-42.1859016418,3.7434000969,0,True,False,False,False,False,False
49,608.6080932617,-42.6295013428,3.7209999561,0,True,False,False,False,False,False
49,615.6439819336,-41.8869018555,3.771600008,0,True,False,False,False,False,False
49,614.8565063477,-41.7374000549,3.8591001034,0,True,False,False,False,False,False
49,614.8192138672,-41.5400009155,3.7383999825,0,True,False,False,False,False,False
49,621.2637939453,-41.2697982788,3.6730000973,0,True,False,False,False,False,False
49,625.0709228516,-40.2335014343,3.1335000992,0,True,False,False,False,False,False
49,624.5704956055,-40.7193984985,3.5490000248,0,True,False,False,False,False,False
49,627.8952026367,-40.7291984558,3.6614999771,0,True,False,False,False,False,False
49,630.2373046875,-40.5125999451,3.8034000397,0,True,False,False,False,False,False
49,630.7288818359,-39.9710006714,3.9491000175,0,True,False,False,False,False,False
49,631.8065185547,-39.8804016113,3.6050000191,0,True,False,False,False,False,False
49,636.7860107422,-39.5592002869,3.7527999878,0,True,False,False,False,False,False
49,639.9603271484,-39.1733016968,3.7581000328,0,True,False,False,False,False,False
49,640.5258789062,-38.7447013855,3.8589999676,0,True,False,False,False,False,False
49,642.4069213867,-39.3334999084,3.59010005,0,True,False,False,False,False,False
49,644.2799072266,-39.5325012207,3.5122001171,0,True,False,False,False,False,False
49,646.1271972656,-39.4014015198,3.5650000572,0,True,False,False,False,False,False
49,649.0187988281,-38.9785995483,3.4842000008,0,True,False,False,False,False,False
49,645.8565063477,-38.9365005493,3.5130000114,0,True,False,False,False,False,False
49,648.8839111328,-37.5568008423,3.5099999905,0,True,False,False,False,False,False
49,655.165222168,-39.2639007568,3.3808000088,0,True,False,False,False,False,False
49,652.1616210938,-38.5061988831,3.6098001003,0,True,False,False,False,False,False
49,658.2415771484,-38.2583007812,3.7751998901,0,True,False,False,False,False,False
49,660.6608276367,-37.5495986938,3.5457000732,0,True,False,False,False,False,False
49,660.9252929688,-38.3807983398,3.7715001106,0,True,False,False,False,False,False
49,662.3012084961,-38.3222007751,3.2053000927,0,True,False,False,False,False,False
49,665.6339111328,-38.5556983948,3.2279000282,0,True,False,False,False,False,False
49,664.4387207031,-37.9879989624,3.5645000935,0,True,False,False,False,False,False
49,672.4088745117,-39.1781005859,3.8257000446,0,True,False,False,False,False,False
49,670.6829833984,-38.335899353,3.736700058,0,True,False,False,False,False,False
49,672.8883056641,-37.6245994568,3.7572000027,0,True,False,False,False,False,False
49,673.6594848633,-38.0598983765,3.273900032,0,True,False,False,False,False,False
49,674.2788696289,-38.2832984924,3.632999897,0,True,False,False,False,False,False
49,678.9697875977,-38.707901001,4.0339999199,0,True,False,False,False,False,False
49,678.624206543,-38.263999939,3.810199976,0,True,False,False,False,False,False
49,680.7706298828,-38.5060005188,3.4267001152,0,True,False,False,False,False,False
49,685.3120727539,-37.9211997986,3.6322000027,0,True,False,False,False,False,False
49,683.2244262695,-37.6605987549,3.633300066,0,True,False,False,False,False,False
49,687.7528076172,-39.3014984131,3.6394000053,0,True,False,False,False,False,False
49,689.0250244141,-39.1090011597,3.6263999939,0,True,False,False,False,False,False
49,691.0598144531,-39.3544006348,3.5880999565,0,True,False,False,False,False,False
49,689.5023193359,-39.209400177,3.6405000687,0,True,False,False,False,False,False
49,693.0625,-39.1882019043,3.5913000107,0,True,False,False,False,False,False
49,693.6062011719,-39.5483016968,3.5494999886,0,True,False,False,False,False,False
49,699.4888916016,-39.8163986206,3.4953999519,0,True,False,False,False,False,False
49,692.8784179688,-39.3573989868,3.5211999416,0,True,False,False,False,False,False
49,698.2537231445,-40.5900993347,3.7878000736,0,True,False,False,False,False,False
49,700.9307250977,-40.0614013672,3.6480998993,0,True,False,False,False,False,False
49,706.2357788086,-39.9621009827,3.6405000687,0,True,False,False,False,False,False
49,701.2396850586,-40.2652015686,3.8090999126,0,True,False,False,False,False,False
49,707.3198852539,-39.9986000061,3.6891999245,0,True,False,False,False,False,False
49,705.3233032227,-40.676399231,3.7028999329,0,True,False,False,False,False,False
49,705.7553100586,-40.8037986755,3.4690999985,0,True,False,False,False,False,False
49,710.0928955078,-41.7387008667,3.7427999973,0,True,False,False,False,False,False
49,712.598815918,-41.0480995178,3.8318998814,0,True,False,False,False,False,False
49,713.9291992188,-41.3618011475,3.8199000359,0,True,False,False,False,False,False
49,714.315612793,-41.6035003662,3.6261999607,0,True,False,False,False,False,False
50,200.4832000732,-41.5119018555,5.961400032,0,True,True,False,False,False,False
50,210.4552001953,-41.0820007324,6.1111001968,0,True,True,False,False,False,False
50,212.9178009033,-41.2853012085,6.2087001801,0,True,True,False,False,False,False
50,222.1459960938,-42.0083007812,5.9752998352,0,True,True,False,False,False,False
50,229.8056030273,-41.0367012024,6.0781002045,0,True,True,False,False,False,False
50,237.8769989014,-40.6374015808,6.4443001747,0,True,True,False,False,False,False
50,249.1130065918,-41.2033996582,6.333799839,0,True,True,False,False,False,False
50,254.5858001709,-41.0418014526,6.0623998642,0,True,True,False,False,False,False
50,259.4808959961,-41.4146003723,6.0759000778,0,True,True,False,False,False,False
50,269.8120117188,-40.8647003174,6.1552000046,0,True,True,False,False,False,False
50,276.8623962402,-40.0568008423,6.0673999786,0,True,True,False,False,False,False
50,278.4621887207,-40.9384994507,6.7374000549,0,True,True,False,False,False,False
50,288.8171081543,-39.6172981262,5.8903999329,0,True,True,False,False,False,False
50,295.9718017578,-40.4897003174,6.2431001663,0,True,True,False,False,False,False
50,298.7098083496,-40.7821006775,6.5041999817,0,True,True,False,False,False,False
50,310.280090332,-39.4352989197,5.9485998154,0,True,True,False,False,False,False
50,314.0665893555,-39.7181015015,5.9552001953,0,True,True,False,False,False,False
50,317.6824951172,-40.4832992554,6.1482000351,0,True,True,False,False,False,False
50,327.9487915039,-41.1748008728,6.1188001633,0,True,True,False,False,False,False
50,337.8168945312,-39.7309989929,5.9622998238,0,True,True,False,False,False,False
50,337.3175964355,-39.2948989868,6.0998997688,0,True,True,False,False,False,False
50,347.4325866699,-40.506401062,6.4028000832,0,True,True,False,False,False,False
50,352.953704834,-40.9645996094,6.1307001114,0,True,True,False,False,False,False
50,356.5404968262,-40.776599884,6.2718000412,0,True,True,False,False,False,False
50,366.8822937012,-40.7239990234,6.140999794,0,True,True,False,False,False,False
50,371.5570983887,-40.4281005859,5.8081002235,0,True,True,False,False,False,False
50,375.0625915527,-39.8630981445,6.3548998833,0,True,True,False,False,False,False
50,384.2106018066,-40.45470047,6.3165001869,0,True,True,False,False,False,False
50,386.6090087891,-42.0801010132,6.0620999336,0,True,True,False,False,False,False
50,389.6546936035,-41.556098938,6.1331000328,0,True,True,False,False,False,False
50,395.9536132812,-41.1008987427,6.1833000183,0,True,True,False,False,False,False
50,408.2737121582,-40.9255981445,6.2877001762,0,True,True,False,False,False,False
50,410.0455932617,-41.1417999268,6.2133002281,0,True,True,False,False,False,False
50,415.8851013184,-41.4915008545,6.2164998055,0,True,True,False,False,False,False
50,416.0932006836,-42.1288986206,6.2248997688,0,True,True,False,False,False,False
50,422.7286071777,-42.3796005249,6.0938000679,0,True,True,False,False,False,False
50,423.2573852539,-42.6813011169,6.2487001419,0,True,True,False,False,False,False
50,432.1288146973,-42.4446983337,5.9742999077,0,True,True,False,False,False,False
50,441.3948059082,-42.5438995361,6.2020001411,0,True,True,False,False,False,False
50,441.2821044922,-43.4361991882,5.9387998581,0,True,True,False,False,False,False
50,449.4805908203,-42.1116981506,5.9732999802,0,True,True,False,False,False,False
50,450.5367126465,-42.3698997498,6.1184000969,0,True,True,False,False,False,False
50,456.3226928711,-43.1272010803,6.0297999382,0,True,True,False,False,False,False
50,460.3074035645,-42.962600708,5.9748001099,0,True,True,False,False,False,False
50,462.875,-43.8316001892,6.0496001244,0,True,True,False,False,False,False
50,466.7320861816,-44.7002983093,6.0822000504,0,True,True,False,False,False,False
50,470.3027954102,-43.2635993958,5.8948998451,0,True,True,False,False,False,False
50,475.7235107422,-43.8945007324,5.9275999069,0,True,True,False,False,False,False
50,478.2889099121,-43.8456993103,5.7880001068,0,True,True,False,False,False,False
50,484.7550964355,-43.804599762,6.2128000259,0,True,True,False,False,False,False
50,488.576385498,-45.0531997681,5.9689998627,0,True,True,False,False,False,False
50,490.2828063965,-44.9628982544,5.8421001434,0,True,True,False,False,False,False
50,494.6148986816,-45.5886993408,5.8812999725,0,True,True,False,False,False,False
50,497.7153015137,-45.1169013977,5.7448000908,0,True,True,False,False,False,False
50,503.6070861816,-45.5087013245,5.5845999718,0,True,True,False,False,False,False
50,512.1314697266,-45.4502983093,6.0490999222,0,True,True,False,False,False,False
50,511.3393859863,-46.245098114,5.9250001907,0,True,True,False,False,False,False
50,515.9490966797,-45.4584007263,5.8520998955,0,True,True,False,False,False,False
50,523.8762817383,-45.2089996338,5.6649999619,0,True,True,False,False,False,False
50,526.0769042969,-45.3745002747,5.8494000435,0,True,True,False,False,False,False
50,528.0004882812,-45.6376991272,6.3131999969,0,True,True,False,False,False,False
50,528.807800293,-45.2392997742,5.8894000053,0,True,True,False,False,False,False
50,532.326171875,-46.1944007874,5.8835000992,0,True,True,False,False,False,False
50,537.1663208008,-45.6925010681,5.9601998329,0,True,True,False,False,False,False
50,538.763671875,-45.6839981079,5.7972002029,0,True,True,False,False,False,False
50,544.4724731445,-46.6333007812,5.8116998672,0,True,False,False,False,False,False
50,548.7633056641,-46.4198989868,5.8951997757,0,True,False,False,False,False,False
50,550.7954101562,-45.7789001465,5.4516000748,0,True,False,False,False,False,False
50,555.0131225586,-46.8025016785,5.7396998405,0,True,False,False,False,False,False
50,557.5034790039,-46.0760993958,6.0025000572,0,True,False,False,False,False,False
50,560.8555297852,-46.0696983337,5.6497001648,0,True,False,False,False,False,False
50,563.4475708008,-46.2010002136,5.7575998306,0,True,False,False,False,False,False
50,566.253112793,-45.8987998962,5.6656999588,0,True,False,False,False,False,False
50,568.3555908203,-45.8632011414,5.733300209,0,True,False,False,False,False,False
50,570.6813964844,-45.9303016663,5.8083000183,0,True,False,False,False,False,False
50,574.9645996094,-45.3137016296,5.7301998138,0,True,False,False,False,False,False
50,577.0678100586,-46.2386016846,5.7779998779,0,True,False,False,False,False,False
50,580.0969848633,-45.8782997131,5.7146000862,0,True,False,False,False,False,False
50,580.4755859375,-45.9808006287,5.3032999039,0,True,False,False,False,False,False
50,584.8087158203,-45.7971000671,5.2202000618,0,True,False,False,False,False,False
50,587.0056762695,-45.8008995056,5.5145001411,0,True,False,False,False,False,False
50,588.5687255859,-44.9269981384,5.6385002136,0,True,False,False,False,False,False
50,592.2108154297,-45.6669006348,5.5282001495,0,True,False,False,False,False,False
50,595.1007080078,-45.2373008728,5.4938001633,0,True,False,False,False,False,False
50,596.1864013672,-44.4455986023,5.5346999168,0,True,False,False,False,False,False
50,600.8458862305,-44.5433006287,5.3536000252,0,True,False,False,False,False,False
50,599.7725830078,-43.804599762,5.2435002327,0,True,False,False,False,False,False
50,605.7849731445,-44.0675010681,5.1634001732,0,True,False,False,False,False,False
50,608.3756713867,-43.8147010803,5.3368000984,0,True,False,False,False,False,False
50,610.4718017578,-44.1262016296,5.4671001434,0,True,False,False,False,False,False
50,609.5217285156,-43.2885017395,5.2648000717,0,True,False,False,False,False,False
50,615.1735229492,-43.2218017578,5.1743998528,0,True,False,False,False,False,False
50,617.6953125,-42.8581008911,5.3175997734,0,True,False,False,False,False,False
50,614.6492919922,-42.4575996399,5.4042000771,0,True,False,False,False,False,False
50,615.9536132812,-42.4898986816,5.285200119,0,True,False,False,False,False,False
50,626.8997192383,-42.6769981384,5.2369999886,0,True,False,False,False,False,False
50,622.5903930664,-41.9640007019,5.2192001343,0,True,False,False,False,False,False
50,624.1856079102,-42.3931007385,5.2252998352,0,True,False,False,False,False,False
50,628.5064697266,-41.7366981506,5.2399997711,0,True,False,False,False,False,False
50,631.6325073242,-41.5185012817,5.4623999596,0,True,False,False,False,False,False
50,629.1787109375,-42.1962013245,5.2224001884,0,True,False,False,False,False,False
50,634.6473999023,-41.8403015137,5.382900238,0,True,False,False,False,False,False
50,640.6439208984,-41.7436981201,5.3315000534,0,True,False,False,False,False,False
50,640.5311279297,-40.971698761,5.3878998756,0,True,False,False,False,False,False
50,643.4116210938,-40.5625991821,5.2621998787,0,True,False,False,False,False,False
50,642.7788696289,-41.6123008728,5.1722998619,0,True,False,False,False,False,False
50,646.1970825195,-40.4649009705,5.5383000374,0,True,False,False,False,False,False
50,646.5657958984,-40.8646011353,5.6641998291,0,True,False,False,False,False,False
50,649.6394042969,-41.0051002502,5.3466000557,0,True,False,False,False,False,False
50,654.8139038086,-40.1333999634,5.026599884,0,True,False,False,False,False,False
50,656.3756713867,-39.8641014099,5.3242001534,0,True,False,False,False,False,False
50,654.0327758789,-40.2727012634,5.228099823,0,True,False,False,False,False,False
50,655.0402832031,-40.3166999817,5.2323999405,0,True,False,False,False,False,False
50,661.4755859375,-40.3014984131,5.416200161,0,True,False,False,False,False,False
50,660.2871704102,-40.6077003479,5.2888998985,0,True,False,False,False,False,False
50,662.6754150391,-40.4118003845,5.3101000786,0,True,False,False,False,False,False
50,662.9348144531,-40.3013000488,5.2525000572,0,True,False,False,False,False,False
50,665.921081543,-39.2835006714,5.2425999641,0,True,False,False,False,False,False
50,668.4520874023,-40.8400001526,5.2550001144,0,True,False,False,False,False,False
50,674.8507080078,-39.9571990967,5.2821998596,0,True,False,False,False,False,False
50,671.2543945312,-39.617401123,5.5156002045,0,True,False,False,False,False,False
50,675.1431884766,-40.8502998352,5.1166000366,0,True,False,False,False,False,False
50,672.2418212891,-40.9462013245,5.1340999603,0,True,False,False,False,False,False
50,677.169921875,-40.4715003967,4.8888998032,0,True,False,False,False,False,False
50,679.3228759766,-40.6529006958,5.2321000099,0,True,False,False,False,False,False
50,678.9053955078,-41.1175994873,5.2044000626,0,True,False,False,False,False,False
50,684.0513916016,-41.2806015015,5.2435002327,0,True,False,False,False,False,False
50,683.8225708008,-40.6389007568,5.1532998085,0,True,False,False,False,False,False
50,684.4014282227,-40.0041007996,5.4244999886,0,True,False,False,False,False,False
50,685.2802124023,-41.2606010437,5.4991998672,0,True,False,False,False,False,False
50,686.9830932617,-40.8424987793,5.2234997749,0,True,False,False,False,False,False
50,689.2319946289,-40.5087013245,5.2163000107,0,True,False,False,False,False,False
50,695.142578125,-41.4930992126,5.7000999451,0,True,False,False,False,False,False
50,690.3521728516,-40.7358016968,5.165500164,0,True,False,False,False,False,False
50,692.7526245117,-41.245300293,5.1255998611,0,True,False,False,False,False,False
50,699.0772705078,-42.6108016968,5.1311998367,0,True,False,False,False,False,False
50,700.1840209961,-41.6781005859,5.4615998268,0,True,False,False,False,False,False
50,696.8596191406,-41.8853988647,5.2132000923,0,True,False,False,False,False,False
50,699.6865844727,-42.4491996765,5.2947001457,0,True,False,False,False,False,False
50,700.1625976562,-42.9117012024,5.2435002327,0,True,False,False,False,False,False
50,702.4572143555,-42.4273986816,5.257999897,0,True,False,False,False,False,False
50,708.645690918,-43.1543006897,5.5865998268,0,True,False,False,False,False,False
50,707.737121582,-42.645198822,5.1696000099,0,True,False,False,False,False,False
50,711.6500244141,-43.3017997742,5.4422998428,0,True,False,False,False,False,False
50,710.1525878906,-44.3199996948,5.3081002235,0,True,False,False,False,False,False
50,712.3200073242,-43.0495986938,5.2848000526,0,True,False,False,False,False,False
51,200.766494751,-45.1166000366,6.0078001022,0,True,True,False,False,False,False
51,208.2308044434,-46.7439002991,6.3645000458,0,True,True,False,False,False,False
51,214.8818969727,-45.9584999084,6.123000145,0,True,True,False,False,False,False
51,223.8249053955,-46.5722007751,6.206799984,0,True,True,False,False,False,False
51,230.7808990479,-45.1652984619,6.0766000748,0,True,True,False,False,False,False
51,241.2247924805,-46.1649017334,6.3208999634,0,True,True,False,False,False,False
51,242.7391967773,-44.3655014038,6.163599968,0,True,True,False,False,False,False
51,248.62550354,-45.3438987732,6.4496998787,0,True,True,False,False,False,False
51,261.3323974609,-45.5349998474,6.2423000336,0,True,True,False,False,False,False
51,266.7426147461,-45.5971984863,6.1181998253,0,True,True,False,False,False,False
51,275.4757080078,-44.2541007996,6.1377000809,0,True,True,False,False,False,False
51,280.1217956543,-45.3432998657,6.2157998085,0,True,True,False,False,False,False
51,287.2132873535,-44.6041984558,6.320400238,0,True,True,False,False,False,False
51,296.333404541,-44.6162986755,6.1812000275,0,True,True,False,False,False,False
51,301.9041137695,-44.2633018494,6.2684001923,0,True,True,False,False,False,False
51,305.4674987793,-44.9771995544,6.1772999763,0,True,True,False,False,False,False
51,315.2951965332,-44.2695007324,6.3948001862,0,True,True,False,False,False,False
51,319.6998901367,-45.1138000488,6.2571001053,0,True,True,False,False,False,False
51,326.0390930176,-44.0638999939,6.3354001045,0,True,True,False,False,False,False
51,329.8793945312,-45.501701355,6.3189997673,0,True,True,False,False,False,False
51,336.2940979004,-44.779499054,6.0717000961,0,True,True,False,False,False,False
51,344.7275085449,-44.7731018066,6.4721999168,0,True,True,False,False,False,False
51,353.8630065918,-45.0810012817,6.3442001343,0,True,True,False,False,False,False
51,359.4307861328,-45.1819992065,6.3502001762,0,True,True,False,False,False,False
51,363.9872131348,-44.907699585,5.9972000122,0,True,True,False,False,False,False
51,370.4613037109,-45.5026016235,6.1008000374,0,True,True,False,False,False,False
51,375.9212036133,-45.5933990479,6.2177000046,0,True,True,False,False,False,False
51,379.3081054688,-44.7535018921,6.3551001549,0,True,True,False,False,False,False
51,387.595489502,-45.3858985901,6.2084999084,0,True,True,False,False,False,False
51,389.9779968262,-45.3871002197,6.1596999168,0,True,True,False,False,False,False
51,396.49609375,-45.3932991028,6.0367999077,0,True,True,False,False,False,False
51,407.7101135254,-44.5965995789,6.1241002083,0,True,True,False,False,False,False
51,404.407989502,-45.3801002502,6.023900032,0,True,True,False,False,False,False
51,410.7589111328,-45.7196998596,6.1009001732,0,True,True,False,False,False,False
51,418.4498901367,-46.1259994507,6.1092000008,0,True,True,False,False,False,False
51,420.7572021484,-46.2769012451,6.0851998329,0,True,True,False,False,False,False
51,428.9350891113,-46.8574981689,6.1272001266,0,True,True,False,False,False,False
51,433.3763122559,-46.7612991333,6.4984002113,0,True,True,False,False,False,False
51,436.0461120605,-47.164100647,6.0514001846,0,True,True,False,False,False,False
51,439.923614502,-47.1683006287,5.9767999649,0,True,True,False,False,False,False
51,444.0681152344,-47.6043014526,6.131000042,0,True,True,False,False,False,False
51,447.9276123047,-47.5705986023,6.0247998238,0,True,True,False,False,False,False
51,457.6459960938,-47.465801239,6.1564998627,0,True,True,False,False,False,False
51,459.8583068848,-47.9794998169,5.9359002113,0,True,True,False,False,False,False
51,463.9836120605,-48.3623008728,6.130300045,0,True,True,False,False,False,False
51,471.0004882812,-48.0377006531,6.2518000603,0,True,True,False,False,False,False
51,476.8774108887,-48.7733001709,6.0448999405,0,True,True,False,False,False,False
51,475.2778930664,-48.4613990784,6.0300002098,0,True,True,False,False,False,False
51,481.8670959473,-48.9164009094,5.7975001335,0,True,True,False,False,False,False
51,485.4020080566,-49.3796005249,5.8389000893,0,True,True,False,False,False,False
51,491.3851928711,-48.0564994812,5.9832000732,0,True,True,False,False,False,False
51,493.8417053223,-48.6188011169,6.1774001122,0,True,True,False,False,False,False
51,497.2894897461,-49.6411018372,5.8677000999,0,True,True,False,False,False,False
51,501.5668029785,-49.4538993835,6.0107998848,0,True,True,False,False,False,False
51,503.3775939941,-49.8871994019,5.9566998482,0,True,True,False,False,False,False
51,507.2214050293,-49.9644012451,5.9409999847,0,True,True,False,False,False,False
51,513.1909790039,-49.6369018555,5.7934999466,0,True,True,False,False,False,False
51,515.9821166992,-49.0390014648,5.8625001907,0,True,True,False,False,False,False
51,521.6384277344,-50.0377006531,5.8323998451,0,True,True,False,False,False,False
51,523.713684082,-49.3532981873,5.6364998817,0,True,True,False,False,False,False
51,527.4907226562,-50.1408004761,5.9046998024,0,True,True,False,False,False,False
51,529.3192138672,-50.5185012817,5.8248000145,0,True,True,False,False,False,False
51,531.0405883789,-50.1600990295,5.7582001686,0,True,True,False,False,False,False
51,536.996887207,-50.3460998535,5.8070001602,0,True,True,False,False,False,False
51,540.3555908203,-49.7372016907,6.0229997635,0,True,True,False,False,False,False
51,546.4067993164,-51.1484985352,5.5290999413,0,True,False,False,False,False,False
51,548.8499755859,-51.2556991577,5.8337001801,0,True,False,False,False,False,False
51,549.3643188477,-50.7445983887,5.5356998444,0,True,False,False,False,False,False
51,553.0145874023,-51.026599884,5.6346001625,0,True,False,False,False,False,False
51,555.1807861328,-50.098400116,5.7758998871,0,True,False,False,False,False,False
51,558.4567871094,-50.4617996216,5.619699955,0,True,False,False,False,False,False
51,562.5615234375,-50.1845016479,5.5110998154,0,True,False,False,False,False,False
51,568.8549804688,-50.5210990906,5.5019001961,0,True,False,False,False,False,False
51,568.7808837891,-50.0614013672,5.4650001526,0,True,False,False,False,False,False
51,570.2044067383,-50.2487983704,5.6080999374,0,True,False,False,False,False,False
51,573.5267944336,-49.5926017761,5.8846001625,0,True,False,False,False,False,False
51,578.3333129883,-49.5359992981,5.4186000824,0,True,False,False,False,False,False
51,580.8737792969,-49.6198997498,5.5762000084,0,True,False,False,False,False,False
51,582.3970947266,-50.0004997253,5.4429001808,0,True,False,False,False,False,False
51,581.9439086914,-50.3858985901,5.4794001579,0,True,False,False,False,False,False
51,587.8815917969,-49.4361000061,5.4246001244,0,True,False,False,False,False,False
51,591.5216064453,-49.6202011108,5.6939001083,0,True,False,False,False,False,False
51,595.1390991211,-49.6875991821,5.5798997879,0,True,False,False,False,False,False
51,594.1065063477,-49.1696014404,5.4532999992,0,True,False,False,False,False,False
51,594.7326049805,-48.9524993896,5.3812999725,0,True,False,False,False,False,False
51,598.9417724609,-49.9952011108,5.3262000084,0,True,False,False,False,False,False
51,602.7506103516,-48.1328010559,5.2993998528,0,True,False,False,False,False,False
51,605.1680908203,-49.1184005737,5.3923001289,0,True,False,False,False,False,False
51,603.99609375,-48.4608001709,5.4938001633,0,True,False,False,False,False,False
51,611.3693847656,-48.1380004883,5.5395002365,0,True,False,False,False,False,False
51,609.8770751953,-47.964099884,5.2941999435,0,True,False,False,False,False,False
51,614.295715332,-47.057800293,5.2431998253,0,True,False,False,False,False,False
51,616.7941894531,-47.5144996643,5.3748002052,0,True,False,False,False,False,False
51,619.1972045898,-47.4962997437,5.0612001419,0,True,False,False,False,False,False
51,619.0233154297,-47.5550994873,5.2712001801,0,True,False,False,False,False,False
51,622.6096801758,-46.9519996643,5.5585999489,0,True,False,False,False,False,False
51,625.5662841797,-46.945400238,5.2445998192,0,True,False,False,False,False,False
51,630.6697998047,-47.2056999207,5.4649000168,0,True,False,False,False,False,False
51,631.2747802734,-46.1556015015,5.0560998917,0,True,False,False,False,False,False
51,633.4642944336,-46.4882011414,5.2953000069,0,True,False,False,False,False,False
51,632.2612304688,-45.132598877,5.6914000511,0,True,False,False,False,False,False
51,634.5161132812,-45.6374015808,5.2308998108,0,True,False,False,False,False,False
51,636.9481811523,-45.6744003296,5.2396998405,0,True,False,False,False,False,False
51,639.3483886719,-46.2050018311,4.983399868,0,True,False,False,False,False,False
51,644.8583984375,-45.3190002441,5.0769000053,0,True,False,False,False,False,False
51,644.9895019531,-45.7490005493,5.3193998337,0,True,False,False,False,False,False
51,644.5573120117,-45.3862991333,5.1774997711,0,True,False,False,False,False,False
51,646.2177734375,-45.1297988892,4.9555001259,0,True,False,False,False,False,False
51,649.3107299805,-44.8479995728,5.2877001762,0,True,False,False,False,False,False
51,655.9589233398,-44.7102012634,5.2562999725,0,True,False,False,False,False,False
51,651.5681152344,-45.4264984131,5.2842001915,0,True,False,False,False,False,False
51,656.1431884766,-45.3162994385,5.2421998978,0,True,False,False,False,False,False
51,663.4797973633,-44.7486991882,5.2329001427,0,True,False,False,False,False,False
51,660.1843261719,-45.081199646,5.1634998322,0,True,False,False,False,False,False
51,665.411315918,-44.9490013123,5.2284002304,0,True,False,False,False,False,False
51,664.260925293,-44.8791999817,5.2501997948,0,True,False,False,False,False,False
51,666.6893920898,-45.1943016052,5.1217999458,0,True,False,False,False,False,False
51,661.7196044922,-44.6386985779,5.3447999954,0,True,False,False,False,False,False
51,669.0281982422,-45.6763000488,5.3457999229,0,True,False,False,False,False,False
51,673.5239868164,-43.8588981628,4.9854998589,0,True,False,False,False,False,False
51,674.4428710938,-44.4378013611,5.1631999016,0,True,False,False,False,False,False
51,675.3453979492,-44.6847000122,5.1823000908,0,True,False,False,False,False,False
51,676.7901000977,-44.6105995178,5.5051999092,0,True,False,False,False,False,False
51,680.8706054688,-44.7344017029,5.3864002228,0,True,False,False,False,False,False
51,679.7697143555,-44.7188987732,5.1311998367,0,True,False,False,False,False,False
51,679.7399902344,-46.1402015686,5.2157001495,0,True,False,False,False,False,False
51,681.4116210938,-45.5215988159,5.3913002014,0,True,False,False,False,False,False
51,688.424987793,-45.199798584,5.1146998405,0,True,False,False,False,False,False
51,684.1373291016,-46.5579986572,5.0782999992,0,True,False,False,False,False,False
51,687.8895263672,-46.089099884,5.296500206,0,True,False,False,False,False,False
51,693.1701049805,-45.5430984497,4.6736998558,0,True,False,False,False,False,False
51,692.7944946289,-46.326499939,5.1185002327,0,True,False,False,False,False,False
51,693.6718139648,-46.1260986328,5.3239002228,0,True,False,False,False,False,False
51,695.7379760742,-46.0040016174,5.3691000938,0,True,False,False,False,False,False
51,696.2141113281,-46.1701011658,5.3678002357,0,True,False,False,False,False,False
51,696.614074707,-46.7960014343,5.2678999901,0,True,False,False,False,False,False
51,697.1763916016,-45.483001709,5.478099823,0,True,False,False,False,False,False
51,697.2659912109,-47.9255981445,5.3782000542,0,True,False,False,False,False,False
51,702.4871826172,-47.2230987549,5.3906002045,0,True,False,False,False,False,False
51,705.0858764648,-46.5775985718,5.2649002075,0,True,False,False,False,False,False
51,705.6245117188,-47.3975982666,5.4409999847,0,True,False,False,False,False,False
51,703.4017944336,-47.0769004822,5.3825001717,0,True,False,False,False,False,False
51,705.4024047852,-47.3730010986,5.4909000397,0,True,False,False,False,False,False
51,710.9270019531,-48.1571998596,5.2828001976,0,True,False,False,False,False,False
51,710.850402832,-47.7436981201,5.391600132,0,True,False,False,False,False,False
51,712.2070922852,-47.6506996155,5.1824002266,0,True,False,False,False,False,False
52,200.5637969971,-41.3785018921,5.4583001137,0,True,True,False,False,False,False
52,208.0012969971,-41.0680999756,5.6483998299,0,True,True,False,False,False,False
52,218.8305969238,-41.0699005127,5.7937998772,0,True,True,False,False,False,False
52,224.7568969727,-40.5836982727,5.6539001465,0,True,True,False,False,False,False
52,232.6188049316,-39.2831001282,5.921599865,0,True,True,False,False,False,False
52,241.1940002441,-40.8821983337,5.8270998001,0,True,True,False,False,False,False
52,245.7444000244,-39.5932998657,5.7019000053,0,True,True,False,False,False,False
52,257.9700927734,-39.5494003296,5.7797999382,0,True,True,False,False,False,False
52,260.978302002,-40.0550994873,6.0879001617,0,True,True,False,False,False,False
52,270.3583984375,-38.9957008362,5.6992001534,0,True,True,False,False,False,False
52,276.2587890625,-39.3348999023,5.9562001228,0,True,True,False,False,False,False
52,284.1148071289,-40.0900993347,5.6182999611,0,True,True,False,False,False,False
52,295.6507873535,-39.7039985657,5.6865000725,0,True,True,False,False,False,False
52,300.6679992676,-39.7913017273,5.7221999168,0,True,True,False,False,False,False
52,305.9447937012,-39.8210983276,5.7828998566,0,True,True,False,False,False,False
52,312.9523925781,-39.5777015686,5.6105999947,0,True,True,False,False,False,False
52,316.449005127,-40.4612998962,5.5585999489,0,True,True,False,False,False,False
52,328.6167907715,-39.8543014526,5.7442002296,0,True,True,False,False,False,False
52,333.1778869629,-39.5643005371,5.5058999062,0,True,True,False,False,False,False
52,340.6412963867,-39.1375999451,5.5862002373,0,True,True,False,False,False,False
52,347.5349121094,-39.9319992065,5.7595000267,0,True,True,False,False,False,False
52,355.734588623,-39.7729988098,5.6554999352,0,True,True,False,False,False,False
52,361.4153137207,-40.1898994446,5.7210001945,0,True,True,False,False,False,False
52,362.4696960449,-39.8535003662,5.8509998322,0,True,True,False,False,False,False
52,369.9896850586,-39.7825012207,5.6339001656,0,True,True,False,False,False,False
52,381.0425109863,-39.5364990234,5.8070001602,0,True,True,False,False,False,False
52,384.7767028809,-40.2261009216,5.7418999672,0,True,True,False,False,False,False
52,390.8322143555,-40.590801239,5.8354997635,0,True,True,False,False,False,False
52,396.0302124023,-40.2486991882,5.7171001434,0,True,True,False,False,False,False
52,402.900390625,-40.1599006653,5.7568998337,0,True,True,False,False,False,False
52,406.1864929199,-41.4323997498,5.7069997787,0,True,True,False,False,False,False
52,411.8197021484,-40.9193992615,5.6255002022,0,True,True,False,False,False,False
52,417.9533996582,-40.8686981201,5.6645002365,0,True,True,False,False,False,False
52,424.4996948242,-40.8921012878,6.0819997787,0,True,True,False,False,False,False
52,427.7043151855,-40.7727012634,5.5553002357,0,True,True,False,False,False,False
52,431.8732910156,-41.4832000732,5.7301001549,0,True,True,False,False,False,False
52,440.2648010254,-40.7317008972,5.6570000648,0,True,True,False,False,False,False
52,444.6246948242,-41.2659988403,5.616399765,0,True,True,False,False,False,False
52,446.8363037109,-41.5666999817,5.8460001945,0,True,True,False,False,False,False
52,455.4172973633,-40.9221992493,5.4699001312,0,True,True,False,False,False,False
52,458.9147949219,-42.2066993713,5.6482000351,0,True,True,False,False,False,False
52,462.5574951172,-41.6974983215,5.7070999146,0,True,True,False,False,False,False
52,468.0822143555,-42.4543991089,5.4821000099,0,True,True,False,False,False,False
52,475.4255981445,-42.9095993042,5.5494999886,0,True,True,False,False,False,False
52,474.2749938965,-42.8768997192,5.5173997879,0,True,True,False,False,False,False
52,483.2661132812,-43.2893981934,5.3761000633,0,True,True,False,False,False,False
52,488.0212097168,-43.1994018555,5.3994002342,0,True,True,False,False,False,False
52,486.6588134766,-42.7030982971,5.4911999702,0,True,True,False,False,False,False
52,494.878112793,-43.625,5.6006999016,0,True,True,False,False,False,False
52,500.5198974609,-44.0582008362,5.6958999634,0,True,True,False,False,False,False
52,503.9010009766,-44.2159004211,5.4289999008,0,True,True,False,False,False,False
52,505.2791137695,-43.8835983276,5.4352998734,0,True,True,False,False,False,False
52,511.6997070312,-43.0887985229,5.5892000198,0,True,True,False,False,False,False
52,516.5958862305,-44.4826011658,5.5675001144,0,True,True,False,False,False,False
52,520.4027709961,-44.9766998291,5.6017999649,0,True,True,False,False,False,False
52,525.0090942383,-45.0265007019,4.9159998894,0,True,True,False,False,False,False
52,528.6260986328,-44.7050018311,5.4551000595,0,True,True,False,False,False,False
52,534.0191040039,-44.9323005676,5.2849998474,0,True,True,False,False,False,False
52,535.0911254883,-45.5518989563,5.5110998154,0,True,True,False,False,False,False
52,536.7888183594,-44.5071983337,5.6251001358,0,True,True,False,False,False,False
52,544.4060058594,-45.6343994141,5.4559001923,0,True,False,False,False,False,False
52,547.746887207,-45.3632011414,5.2224998474,0,True,False,False,False,False,False
52,550.1309204102,-46.0844993591,5.6304001808,0,True,False,False,False,False,False
52,552.8530883789,-45.5942993164,5.1704998016,0,True,False,False,False,False,False
52,558.4713134766,-45.9043998718,5.3701000214,0,True,False,False,False,False,False
52,563.0770874023,-45.6887016296,5.5247001648,0,True,False,False,False,False,False
52,568.4248046875,-45.6912994385,5.3355998993,0,True,False,False,False,False,False
52,570.3922119141,-45.7426986694,5.0981998444,0,True,False,False,False,False,False
52,573.4719848633,-45.6721000671,5.2151999474,0,True,False,False,False,False,False
52,575.7329711914,-45.2397994995,5.3102998734,0,True,False,False,False,False,False
52,577.3228149414,-44.9949989319,5.0756001472,0,True,False,False,False,False,False
52,581.9420776367,-45.1654014587,5.5762000084,0,True,False,False,False,False,False
52,585.2683105469,-44.6605987549,5.0585999489,0,True,False,False,False,False,False
52,587.2127075195,-45.1446990967,5.351099968,0,True,False,False,False,False,False
52,588.0689086914,-45.6523017883,5.1304998398,0,True,False,False,False,False,False
52,595.9711303711,-45.0521011353,5.4623999596,0,True,False,False,False,False,False
52,599.1193847656,-44.9198989868,4.9183001518,0,True,False,False,False,False,False
52,594.9151000977,-44.5486984253,5.0750999451,0,True,False,False,False,False,False
52,599.9852294922,-45.134601593,5.2284998894,0,True,False,False,False,False,False
52,610.2484741211,-44.7560005188,4.8678002357,0,True,False,False,False,False,False
52,605.6478271484,-44.4007987976,4.8134999275,0,True,False,False,False,False,False
52,610.7911987305,-44.3398017883,5.097799778,0,True,False,False,False,False,False
52,615.0097045898,-44.7380981445,4.8400998116,0,True,False,False,False,False,False
52,613.5941162109,-44.5802993774,5.0606999397,0,True,False,False,False,False,False
52,616.9338989258,-44.5307998657,5.1665000916,0,True,False,False,False,False,False
52,618.580078125,-44.8222999573,5.071100235,0,True,False,False,False,False,False
52,623.2258300781,-42.7602996826,4.9663000107,0,True,False,False,False,False,False
52,627.8618774414,-42.8777008057,4.8685998917,0,True,False,False,False,False,False
52,631.395324707,-42.9683990479,4.9851999283,0,True,False,False,False,False,False
52,630.1112060547,-42.6940994263,5.0729999542,0,True,False,False,False,False,False
52,637.6593017578,-42.0349998474,4.9563999176,0,True,False,False,False,False,False
52,635.9069213867,-43.2933998108,5.040500164,0,True,False,False,False,False,False
52,639.897277832,-42.8532981873,4.7283000946,0,True,False,False,False,False,False
52,639.5488891602,-42.2965011597,4.9848999977,0,True,False,False,False,False,False
52,643.9025268555,-41.918800354,4.5689997673,0,True,False,False,False,False,False
52,648.7628173828,-41.5256004333,5.0601000786,0,True,False,False,False,False,False
52,648.2830200195,-41.7508010864,5.079199791,0,True,False,False,False,False,False
52,646.7869262695,-41.8549003601,4.9941000938,0,True,False,False,False,False,False
52,653.8474121094,-41.7285003662,4.9875998497,0,True,False,False,False,False,False
52,655.0955200195,-41.6618003845,4.8508000374,0,True,False,False,False,False,False
52,657.2882080078,-41.2921981812,4.8965001106,0,True,False,False,False,False,False
52,662.2929077148,-41.1369018555,5.0920000076,0,True,False,False,False,False,False
52,660.7600097656,-40.9874992371,4.7308001518,0,True,False,False,False,False,False
52,668.3258056641,-39.9049987793,4.8986001015,0,True,False,False,False,False,False
52,667.315612793,-40.0171012878,4.8555002213,0,True,False,False,False,False,False
52,668.9677124023,-40.0498008728,4.69080019,0,True,False,False,False,False,False
52,664.8820800781,-40.2983016968,4.575799942,0,True,False,False,False,False,False
52,674.2182006836,-39.7454986572,4.8162999153,0,True,False,False,False,False,False
52,671.723815918,-39.3665008545,4.913599968,0,True,False,False,False,False,False
52,677.9074707031,-40.2033996582,4.7669000626,0,True,False,False,False,False,False
52,674.0971069336,-38.8246994019,4.926199913,0,True,False,False,False,False,False
52,677.0358276367,-40.2757987976,5.0198001862,0,True,False,False,False,False,False
52,679.8676757812,-40.6138000488,4.7638001442,0,True,False,False,False,False,False
52,685.8782958984,-39.6943016052,4.597799778,0,True,False,False,False,False,False
52,685.2689819336,-39.092300415,4.7831001282,0,True,False,False,False,False,False
52,688.4705810547,-39.9687004089,4.9243001938,0,True,False,False,False,False,False
52,688.8040771484,-38.8613014221,4.7311000824,0,True,False,False,False,False,False
52,691.3217163086,-39.5811004639,4.8790001869,0,True,False,False,False,False,False
52,694.0272216797,-39.4832000732,4.9496998787,0,True,False,False,False,False,False
52,695.1793823242,-40.0620002747,4.7589001656,0,True,False,False,False,False,False
52,696.0831298828,-39.4786987305,4.7501001358,0,True,False,False,False,False,False
52,698.4379882812,-39.9196014404,4.7157998085,0,True,False,False,False,False,False
52,702.2600708008,-39.822101593,4.5288000107,0,True,False,False,False,False,False
52,701.4157714844,-38.7831993103,4.7062001228,0,True,False,False,False,False,False
52,706.2022094727,-39.9234008789,4.6381998062,0,True,False,False,False,False,False
52,708.88671875,-39.8088989258,4.977399826,0,True,False,False,False,False,False
52,706.8743896484,-39.6557998657,4.8017001152,0,True,False,False,False,False,False
52,707.8372802734,-40.9345016479,4.9193000793,0,True,False,False,False,False,False
52,709.1218261719,-39.591999054,4.8127999306,0,True,False,False,False,False,False
52,714.2836914062,-40.8830986023,4.9633998871,0,True,False,False,False,False,False
53,203.099899292,-41.7508010864,5.4390001297,0,True,True,False,False,False,False
53,205.4817962646,-40.3843002319,4.9892997742,0,True,True,False,False,False,False
53,219.966796875,-40.1735992432,5.2655000687,0,True,True,False,False,False,False
53,222.9243927002,-40.936000824,5.1553001404,0,True,True,False,False,False,False
53,238.9985046387,-40.4766998291,5.1047000885,0,True,True,False,False,False,False
53,243.3527069092,-39.4492988586,5.3282999992,0,True,True,False,False,False,False
53,252.4113006592,-40.1785011292,5.2687997818,0,True,True,False,False,False,False
53,256.2471008301,-39.7504005432,5.196100235,0,True,True,False,False,False,False
53,267.3756103516,-39.6384010315,5.1723999977,0,True,True,False,False,False,False
53,276.1632995605,-39.54529953,5.2733001709,0,True,True,False,False,False,False
53,284.5657958984,-39.9536018372,5.4539999962,0,True,True,False,False,False,False
53,293.3963928223,-39.5811004639,5.3962001801,0,True,True,False,False,False,False
53,299.3985900879,-39.2472000122,5.1047000885,0,True,True,False,False,False,False
53,309.9100952148,-39.5152015686,5.3190999031,0,True,True,False,False,False,False
53,311.3655090332,-38.8903999329,5.3032999039,0,True,True,False,False,False,False
53,319.4447937012,-40.1767997742,5.2607002258,0,True,True,False,False,False,False
53,326.4399108887,-39.840801239,5.1986999512,0,True,True,False,False,False,False
53,335.1719970703,-39.2406997681,5.171500206,0,True,True,False,False,False,False
53,344.6816101074,-39.5786018372,5.4089999199,0,True,True,False,False,False,False
53,354.4580078125,-39.5881004333,5.2933001518,0,True,True,False,False,False,False
53,354.2515869141,-39.6016998291,4.910299778,0,True,True,False,False,False,False
53,365.7968139648,-38.9388999939,5.3607997894,0,True,True,False,False,False,False
53,374.9265136719,-39.9361991882,4.7371997833,0,True,True,False,False,False,False
53,376.5426025391,-39.020401001,5.1108999252,0,True,True,False,False,False,False
53,383.2365112305,-39.2577018738,5.3452000618,0,True,True,False,False,False,False
53,391.3591003418,-39.2470016479,5.1380000114,0,True,True,False,False,False,False
53,399.7611999512,-39.7678985596,4.9805998802,0,True,True,False,False,False,False
53,403.5723876953,-40.2835998535,4.6876001358,0,True,True,False,False,False,False
53,410.4310913086,-40.0810012817,5.4523000717,0,True,True,False,False,False,False
53,418.6539001465,-40.8694992065,5.0949001312,0,True,True,False,False,False,False
53,422.5721130371,-40.0719985962,5.277200222,0,True,True,False,False,False,False
53,428.2721862793,-40.7918014526,5.2646999359,0,True,True,False,False,False,False
53,433.5712890625,-40.0379981995,5.2097997665,0,True,True,False,False,False,False
53,437.4453125,-40.831199646,5.3099999428,0,True,True,False,False,False,False
53,447.2611083984,-41.6003990173,5.1304998398,0,True,True,False,False,False,False
53,455.9306030273,-41.8212013245,5.2999000549,0,True,True,False,False,False,False
53,455.8456115723,-41.3928985596,5.0335001945,0,True,True,False,False,False,False
53,464.8421020508,-42.6876983643,5.4057998657,0,True,True,False,False,False,False
53,466.4765014648,-42.3367996216,5.2576999664,0,True,True,False,False,False,False
53,470.8941040039,-42.9199981689,5.0808000565,0,True,True,False,False,False,False
53,478.199798584,-42.1092987061,5.3743000031,0,True,True,False,False,False,False
53,486.065612793,-40.7662010193,5.1617999077,0,True,True,False,False,False,False
53,490.092590332,-41.5899009705,4.8705000877,0,True,True,False,False,False,False
53,497.3396911621,-42.947101593,5.0346999168,0,True,True,False,False,False,False
53,498.1727905273,-43.8091011047,5.0717000961,0,True,True,False,False,False,False
53,505.6507873535,-43.6315002441,5.0987000465,0,True,True,False,False,False,False
53,509.983795166,-43.5870018005,5.2150001526,0,True,True,False,False,False,False
53,513.5358886719,-43.0091018677,4.7877001762,0,True,True,False,False,False,False
53,516.3250732422,-43.2220993042,4.890999794,0,True,True,False,False,False,False
53,520.6837158203,-43.5592002869,5.1470999718,0,True,True,False,False,False,False
53,525.2802734375,-44.5392990112,4.8678002357,0,True,True,False,False,False,False
53,531.1314086914,-44.3757019043,4.814499855,0,True,True,False,False,False,False
53,536.833190918,-44.3382987976,4.6721000671,0,True,True,False,False,False,False
53,543.4318237305,-44.4654006958,5.1206998825,0,True,False,False,False,False,False
53,547.4055175781,-43.8130989075,4.9478998184,0,True,False,False,False,False,False
53,549.5447998047,-44.8698005676,5.0454001427,0,True,False,False,False,False,False
53,553.2774047852,-44.3762016296,4.8543000221,0,True,False,False,False,False,False
53,559.4622192383,-45.3128013611,4.8598999977,0,True,False,False,False,False,False
53,564.2739868164,-44.8885002136,4.9166002274,0,True,False,False,False,False,False
53,564.7708129883,-44.9569015503,4.8614997864,0,True,False,False,False,False,False
53,572.1420898438,-45.1605987549,4.8292999268,0,True,False,False,False,False,False
53,573.4804077148,-46.3372001648,4.8604001999,0,True,False,False,False,False,False
53,579.0346069336,-45.5097999573,4.7346000671,0,True,False,False,False,False,False
53,581.7197875977,-44.9665985107,4.632999897,0,True,False,False,False,False,False
53,588.2833862305,-45.1801986694,4.6989002228,0,True,False,False,False,False,False
53,590.2835083008,-45.8744010925,4.7603998184,0,True,False,False,False,False,False
53,594.1857910156,-45.8620986938,4.6357002258,0,True,False,False,False,False,False
53,596.2651977539,-45.3138999939,4.4812002182,0,True,False,False,False,False,False
53,600.1536254883,-46.2851982117,4.6866998672,0,True,False,False,False,False,False
53,601.7379760742,-45.7683982849,4.6126999855,0,True,False,False,False,False,False
53,605.6552734375,-45.5988998413,4.8070998192,0,True,False,False,False,False,False
53,610.0462036133,-46.1838989258,4.2827000618,0,True,False,False,False,False,False
53,615.2454833984,-44.929901123,4.4593000412,0,True,False,False,False,False,False
53,617.537109375,-44.7734985352,4.4602999687,0,True,False,False,False,False,False
53,622.4705810547,-44.5951004028,4.5521998405,0,True,False,False,False,False,False
53,619.2490234375,-44.822101593,4.445499897,0,True,False,False,False,False,False
53,626.6920166016,-44.6884002686,4.8021001816,0,True,False,False,False,False,False
53,631.143371582,-45.4331016541,4.515999794,0,True,False,False,False,False,False
53,633.6353759766,-43.5147018433,4.4100999832,0,True,False,False,False,False,False
53,637.907409668,-44.4808998108,4.6229000092,0,True,False,False,False,False,False
53,643.2211914062,-45.7225990295,4.6557998657,0,True,False,False,False,False,False
53,640.3687133789,-44.2966995239,4.6339001656,0,True,False,False,False,False,False
53,643.2620239258,-44.085899353,4.4335999489,0,True,False,False,False,False,False
53,649.2703857422,-44.9165992737,4.4944000244,0,True,False,False,False,False,False
53,650.5380249023,-43.9770011902,4.5826001167,0,True,False,False,False,False,False
53,651.0296020508,-44.1385993958,4.4527001381,0,True,False,False,False,False,False
53,654.3776855469,-43.7033996582,4.3031001091,0,True,False,False,False,False,False
53,662.2988891602,-43.6540985107,4.3979997635,0,True,False,False,False,False,False
53,659.7780151367,-42.7918014526,4.4418001175,0,True,False,False,False,False,False
53,665.0296020508,-43.6442985535,4.3515000343,0,True,False,False,False,False,False
53,667.8389282227,-43.1680984497,4.2947998047,0,True,False,False,False,False,False
53,666.2664794922,-42.367401123,4.2291998863,0,True,False,False,False,False,False
53,674.1098022461,-43.4135017395,4.032599926,0,True,False,False,False,False,False
53,674.9559936523,-42.3396987915,4.5209999084,0,True,False,False,False,False,False
53,678.8853149414,-41.5368995667,4.5366997719,0,True,False,False,False,False,False
53,679.2208862305,-41.3928985596,4.6294999123,0,True,False,False,False,False,False
53,683.8588256836,-42.1991004944,4.3487000465,0,True,False,False,False,False,False
53,682.2687988281,-41.5581016541,4.4123001099,0,True,False,False,False,False,False
53,688.4805908203,-41.8699989319,4.5153999329,0,True,False,False,False,False,False
53,689.3818969727,-40.9835014343,4.3593001366,0,True,False,False,False,False,False
53,693.6262207031,-41.2443008423,4.336400032,0,True,False,False,False,False,False
53,694.9243164062,-41.5320014954,4.2617998123,0,True,False,False,False,False,False
53,697.1353759766,-40.7793998718,4.5404000282,0,True,False,False,False,False,False
53,700.0650024414,-41.3600997925,4.6596999168,0,True,False,False,False,False,False
53,705.6937866211,-41.217300415,4.0857000351,0,True,False,False,False,False,False
53,704.8479003906,-40.1926002502,4.4600000381,0,True,False,False,False,False,False
53,703.9639892578,-40.3180007935,4.3243999481,0,True,False,False,False,False,False
53,708.4959106445,-40.8092002869,4.3825001717,0,True,False,False,False,False,False
53,709.3718261719,-39.6394004822,4.2128000259,0,True,False,False,False,False,False
53,714.4741821289,-40.3871994019,4.1823000908,0,True,False,False,False,False,False
53,713.4631958008,-39.5644989014,4.225399971,0,True,False,False,False,False,False
54,201.2100982666,-55.5951004028,4.6089000702,0,True,True,False,False,False,False
54,209.162399292,-55.2883987427,4.6167998314,0,True,True,False,False,False,False
54,215.0401000977,-55.4191017151,4.701499939,0,True,True,False,False,False,False
54,222.6479949951,-55.2318000793,4.7821002007,0,True,True,False,False,False,False
54,230.463394165,-53.8930015564,4.7857999802,0,True,True,False,False,False,False
54,236.4980010986,-54.3278999329,4.5313000679,0,True,True,False,False,False,False
54,248.4151000977,-54.8353004456,4.5921998024,0,True,True,False,False,False,False
54,255.7442932129,-54.0340003967,4.8263998032,0,True,True,False,False,False,False
54,260.9493103027,-54.5339012146,4.7179999352,0,True,True,False,False,False,False
54,270.7521057129,-53.8175010681,4.9716000557,0,True,True,False,False,False,False
54,273.2229003906,-54.1786003113,4.714700222,0,True,True,False,False,False,False
54,283.4533081055,-54.201499939,4.5627999306,0,True,True,False,False,False,False
54,289.7586975098,-53.7476997375,4.6577000618,0,True,True,False,False,False,False
54,296.1438903809,-54.1355018616,4.7017998695,0,True,True,False,False,False,False
54,300.0133056641,-53.5719985962,4.6139001846,0,True,True,False,False,False,False
54,304.828704834,-54.3218002319,4.4619998932,0,True,True,False,False,False,False
54,318.4000854492,-54.2837982178,4.731400013,0,True,True,False,False,False,False
54,323.2969055176,-54.0769004822,4.8905000687,0,True,True,False,False,False,False
54,327.2355957031,-53.9011001587,4.6122999191,0,True,True,False,False,False,False
54,335.4012145996,-54.3485984802,5.0657000542,0,True,True,False,False,False,False
54,339.1850891113,-53.6745986938,4.6975002289,0,True,True,False,False,False,False
54,347.2015075684,-54.0632019043,4.6561999321,0,True,True,False,False,False,False
54,351.2674865723,-54.3531990051,4.6758999825,0,True,True,False,False,False,False
54,358.1445922852,-53.6333999634,4.603700161,0,True,True,False,False,False,False
54,361.8608093262,-53.2677993774,4.7256999016,0,True,True,False,False,False,False
54,373.2134094238,-53.7192993164,4.6149001122,0,True,True,False,False,False,False
54,373.212890625,-55.2691993713,4.549200058,0,True,True,False,False,False,False
54,383.8306884766,-53.9940986633,4.6360998154,0,True,True,False,False,False,False
54,389.1050109863,-55.1534996033,4.6596999168,0,True,True,False,False,False,False
54,394.7734985352,-54.754699707,4.8762001991,0,True,True,False,False,False,False
54,402.0093078613,-55.0267982483,4.7108998299,0,True,True,False,False,False,False
54,405.1495056152,-54.5438995361,4.755300045,0,True,True,False,False,False,False
54,412.3916931152,-55.8541984558,4.4320001602,0,True,True,False,False,False,False
54,416.4901123047,-55.4662017822,4.7237000465,0,True,True,False,False,False,False
54,420.8529052734,-55.2655982971,4.6135001183,0,True,True,False,False,False,False
54,426.7102966309,-54.7893981934,4.475399971,0,True,True,False,False,False,False
54,431.6976928711,-56.1885986328,4.8614997864,0,True,True,False,False,False,False
54,432.8222961426,-55.5085983276,4.5373997688,0,True,True,False,False,False,False
54,439.7435913086,-55.5772018433,4.4141998291,0,True,True,False,False,False,False
54,447.5282897949,-56.0111999512,4.5377001762,0,True,True,False,False,False,False
54,449.1372070312,-56.5285987854,4.8007001877,0,True,True,False,False,False,False
54,455.0473937988,-55.7724990845,4.5012998581,0,True,True,False,False,False,False
54,455.7781982422,-57.185798645,4.4899997711,0,True,True,False,False,False,False
54,459.9464111328,-56.925201416,4.6985001564,0,True,True,False,False,False,False
54,464.9183044434,-57.0071983337,4.5998997688,0,True,True,False,False,False,False
54,472.1447143555,-57.6674995422,4.594399929,0,True,True,False,False,False,False
54,475.5866088867,-56.9187011719,4.565100193,0,True,True,False,False,False,False
54,480.3008117676,-58.1032981873,4.7877998352,0,True,True,False,False,False,False
54,484.7341918945,-58.2279014587,4.6718001366,0,True,True,False,False,False,False
54,490.9294128418,-57.2513999939,4.6036000252,0,True,True,False,False,False,False
54,490.7961120605,-58.5279998779,4.5753998756,0,True,True,False,False,False,False
54,498.3641052246,-59.2874984741,4.4491000175,0,True,True,False,False,False,False
54,497.4523925781,-58.5783996582,4.4734997749,0,True,True,False,False,False,False
54,501.7261047363,-58.1753005981,4.2755999565,0,True,True,False,False,False,False
54,506.7442016602,-58.6124000549,4.5479998589,0,True,True,False,False,False,False
54,510.6437988281,-58.7374992371,4.353000164,0,True,True,False,False,False,False
54,517.8751220703,-59.3198013306,4.041200161,0,True,True,False,False,False,False
54,518.6663818359,-58.7443008423,4.4416999817,0,True,True,False,False,False,False
54,521.8768920898,-59.6090011597,4.3706002235,0,True,True,False,False,False,False
54,526.4711303711,-58.9382019043,4.2511000633,0,True,True,False,False,False,False
54,527.8499145508,-59.8151016235,4.4229001999,0,True,True,False,False,False,False
54,533.8272094727,-59.5722999573,4.1806001663,0,True,True,False,False,False,False
54,537.8460083008,-59.0041007996,4.4334998131,0,True,True,False,False,False,False
54,538.0217285156,-60.2831993103,4.1641001701,0,True,True,False,False,False,False
54,545.008972168,-59.7179985046,4.1097002029,0,True,False,False,False,False,False
54,548.2230834961,-59.7270011902,3.9934000969,0,True,False,False,False,False,False
54,550.0932006836,-60.5643005371,4.3754000664,0,True,False,False,False,False,False
54,552.594909668,-60.4719009399,4.4236998558,0,True,False,False,False,False,False
54,555.1878051758,-60.3454017639,4.0146999359,0,True,False,False,False,False,False
54,560.4476928711,-60.239200592,4.2596001625,0,True,False,False,False,False,False
54,565.3887939453,-60.4261016846,4.1758999825,0,True,False,False,False,False,False
54,571.1450805664,-59.6703987122,4.1248002052,0,True,False,False,False,False,False
54,565.6755981445,-59.6595001221,4.0974001884,0,True,False,False,False,False,False
54,569.7263183594,-59.7588005066,4.0148000717,0,True,False,False,False,False,False
54,575.0980834961,-59.8680000305,4.1612000465,0,True,False,False,False,False,False
54,580.2854003906,-59.284198761,4.3175001144,0,True,False,False,False,False,False
54,581.9282226562,-59.2215995789,4.1388001442,0,True,False,False,False,False,False
54,582.5524291992,-59.0433998108,3.9379999638,0,True,False,False,False,False,False
54,585.9826049805,-58.820098877,3.9244999886,0,True,False,False,False,False,False
54,588.1110229492,-59.9313011169,4.0169000626,0,True,False,False,False,False,False
54,590.3397827148,-59.5878982544,4.0418000221,0,True,False,False,False,False,False
54,598.0061035156,-58.8478012085,3.8129000664,0,True,False,False,False,False,False
54,596.5919189453,-57.4052009583,3.9902000427,0,True,False,False,False,False,False
54,598.4246826172,-58.8925018311,4.3189997673,0,True,False,False,False,False,False
54,599.2105102539,-57.6521987915,3.8266000748,0,True,False,False,False,False,False
54,601.2297973633,-58.1366004944,4.0339999199,0,True,False,False,False,False,False
54,610.2401123047,-58.1862983704,4.2853999138,0,True,False,False,False,False,False
54,605.8732299805,-58.6086006165,3.6610999107,0,True,False,False,False,False,False
54,609.5108032227,-56.9976005554,3.6414999962,0,True,False,False,False,False,False
54,615.5748291016,-57.1262016296,3.7706999779,0,True,False,False,False,False,False
54,617.6646728516,-57.1271018982,4.1020998955,0,True,False,False,False,False,False
54,616.5079956055,-57.0358009338,3.4365000725,0,True,False,False,False,False,False
54,620.1226196289,-57.4514007568,3.8931000233,0,True,False,False,False,False,False
54,623.7404174805,-56.4622001648,4.0686998367,0,True,False,False,False,False,False
54,626.6538696289,-56.145401001,4.0247001648,0,True,False,False,False,False,False
54,629.8447265625,-56.770198822,3.8901000023,0,True,False,False,False,False,False
54,631.3494873047,-56.5583992004,4.0541000366,0,True,False,False,False,False,False
54,632.7770996094,-56.0698013306,3.8106999397,0,True,False,False,False,False,False
54,633.2684936523,-55.5596008301,3.6626999378,0,True,False,False,False,False,False
54,636.7838134766,-55.8386993408,3.9119999409,0,True,False,False,False,False,False
54,638.6364746094,-55.5340995789,3.8352999687,0,True,False,False,False,False,False
54,641.0084838867,-55.2778015137,4.0289998055,0,True,False,False,False,False,False
54,644.7954101562,-54.4006004333,3.6895999908,0,True,False,False,False,False,False
54,643.0817871094,-54.9986991882,3.970099926,0,True,False,False,False,False,False
54,644.7503051758,-54.7779998779,3.7297000885,0,True,False,False,False,False,False
54,649.0880737305,-54.9365997314,3.6135001183,0,True,False,False,False,False,False
54,655.2009887695,-54.4468994141,3.8303999901,0,True,False,False,False,False,False
54,655.8275146484,-54.2182006836,3.7502000332,0,True,False,False,False,False,False
54,654.8543701172,-53.8675003052,3.877300024,0,True,False,False,False,False,False
54,656.6881713867,-53.7947006226,3.7267999649,0,True,False,False,False,False,False
54,657.4827270508,-52.9584999084,3.5645000935,0,True,False,False,False,False,False
54,659.2172241211,-54.182598114,3.8127000332,0,True,False,False,False,False,False
54,663.2258300781,-53.8546981812,3.5785000324,0,True,False,False,False,False,False
54,668.2849121094,-54.3855018616,3.6108999252,0,True,False,False,False,False,False
54,664.9943847656,-55.398601532,3.9073998928,0,True,False,False,False,False,False
54,665.2980957031,-54.0069007874,3.8138000965,0,True,False,False,False,False,False
54,668.9614868164,-53.9066009521,3.7246999741,0,True,False,False,False,False,False
54,669.7849121094,-53.4725990295,3.7616000175,0,True,False,False,False,False,False
54,676.3150024414,-53.5544013977,3.7702999115,0,True,False,False,False,False,False
54,674.4176025391,-53.2723007202,3.6017999649,0,True,False,False,False,False,False
54,676.716796875,-53.1712989807,3.7669999599,0,True,False,False,False,False,False
54,677.2108764648,-53.6572990417,3.764300108,0,True,False,False,False,False,False
54,680.3818969727,-54.1671981812,3.7544999123,0,True,False,False,False,False,False
54,681.0255737305,-53.0077018738,3.7046999931,0,True,False,False,False,False,False
54,683.1273193359,-54.0741004944,3.5969998837,0,True,False,False,False,False,False
54,686.7866821289,-54.3714981079,3.6905999184,0,True,False,False,False,False,False
54,688.6311035156,-54.6281013489,3.7843000889,0,True,False,False,False,False,False
54,688.0009155273,-54.0130004883,3.5394999981,0,True,False,False,False,False,False
54,690.9439086914,-54.6428985596,3.90989995,0,True,False,False,False,False,False
54,689.4000854492,-54.9537010193,3.9080998898,0,True,False,False,False,False,False
54,694.8909912109,-54.2569007874,3.4993999004,0,True,False,False,False,False,False
54,699.8295898438,-53.8893013,3.8429999352,0,True,False,False,False,False,False
54,696.1967163086,-55.6497993469,3.8821001053,0,True,False,False,False,False,False
54,701.2620849609,-54.9253997803,3.9377999306,0,True,False,False,False,False,False
54,700.1453857422,-55.1665000916,3.8775999546,0,True,False,False,False,False,False
54,704.9368896484,-55.5078010559,3.7521998882,0,True,False,False,False,False,False
54,702.2227172852,-56.2593002319,3.9198999405,0,True,False,False,False,False,False
54,703.012878418,-56.3167991638,3.7876999378,0,True,False,False,False,False,False
54,709.4860839844,-55.1231002808,3.7449998856,0,True,False,False,False,False,False
54,710.4534912109,-55.154800415,4.0473999977,0,True,False,False,False,False,False
54,712.5349731445,-55.8288002014,4.1918001175,0,True,False,False,False,False,False
54,714.1337280273,-57.2711982727,4.1125998497,0,True,False,False,False,False,False
55,201.1661071777,-42.1912994385,4.4475998878,0,True,True,False,False,False,False
55,206.0587005615,-39.9277992249,4.613699913,0,True,True,False,False,False,False
55,216.2528991699,-40.9434013367,4.8979997635,0,True,True,False,False,False,False
55,224.053604126,-40.4813995361,4.7495999336,0,True,True,False,False,False,False
55,232.4277954102,-40.9216003418,4.7378001213,0,True,True,False,False,False,False
55,234.3282928467,-40.3152008057,4.9307999611,0,True,True,False,False,False,False
55,244.1300964355,-40.3180007935,4.6220998764,0,True,True,False,False,False,False
55,252.2783050537,-40.761100769,4.9033999443,0,True,True,False,False,False,False
55,258.3922119141,-40.6932983398,4.9903998375,0,True,True,False,False,False,False
55,268.7406921387,-39.0152015686,4.5500998497,0,True,True,False,False,False,False
55,273.6704101562,-40.4949989319,4.8248000145,0,True,True,False,False,False,False
55,278.775604248,-39.9819984436,4.7771000862,0,True,True,False,False,False,False
55,286.0983886719,-39.5027999878,4.7019000053,0,True,True,False,False,False,False
55,291.354095459,-40.7211990356,4.6963000298,0,True,True,False,False,False,False
55,299.8728027344,-39.3958015442,4.5940999985,0,True,True,False,False,False,False
55,306.0309143066,-39.8372993469,4.8393998146,0,True,True,False,False,False,False
55,314.8891906738,-40.1763000488,4.8907999992,0,True,True,False,False,False,False
55,319.6701965332,-39.9809989929,4.9310002327,0,True,True,False,False,False,False
55,326.1420898438,-40.0828018188,4.6690001488,0,True,True,False,False,False,False
55,331.5538024902,-40.2934989929,4.7091999054,0,True,True,False,False,False,False
55,334.076385498,-40.2024002075,4.7182002068,0,True,True,False,False,False,False
55,344.224395752,-39.3135986328,4.9393000603,0,True,True,False,False,False,False
55,345.220703125,-39.7904014587,4.4861001968,0,True,True,False,False,False,False
55,356.7329101562,-40.0989990234,4.8099999428,0,True,True,False,False,False,False
55,360.1000061035,-40.9146003723,4.5911998749,0,True,True,False,False,False,False
55,370.5582885742,-39.8368988037,4.5876002312,0,True,True,False,False,False,False
55,374.884185791,-40.5098991394,4.493999958,0,True,True,False,False,False,False
55,374.3612976074,-40.370300293,4.8488001823,0,True,True,False,False,False,False
55,383.3261108398,-40.1963996887,4.8365998268,0,True,True,False,False,False,False
55,386.8855895996,-41.2677993774,4.693500042,0,True,True,False,False,False,False
55,394.7166137695,-41.1105995178,4.6645002365,0,True,True,False,False,False,False
55,399.0237121582,-39.8483009338,4.7674999237,0,True,True,False,False,False,False
55,404.0107116699,-41.3483009338,4.6999001503,0,True,True,False,False,False,False
55,410.2485961914,-41.6744995117,4.809800148,0,True,True,False,False,False,False
55,412.077911377,-40.8539009094,4.6108999252,0,True,True,False,False,False,False
55,420.6677856445,-41.7554016113,4.6195001602,0,True,True,False,False,False,False
55,429.5448913574,-42.2718009949,4.6252999306,0,True,True,False,False,False,False
55,427.1370849609,-40.9449005127,4.7800998688,0,True,True,False,False,False,False
55,430.3330078125,-41.4051017761,4.9910001755,0,True,True,False,False,False,False
55,438.5134887695,-41.9875984192,4.8109998703,0,True,True,False,False,False,False
55,445.2443847656,-42.7994003296,4.592400074,0,True,True,False,False,False,False
55,447.261505127,-41.7827987671,4.4995999336,0,True,True,False,False,False,False
55,447.5350036621,-42.6982002258,4.649600029,0,True,True,False,False,False,False
55,462.0432128906,-43.0396995544,4.5701999664,0,True,True,False,False,False,False
55,460.566986084,-43.2307014465,4.5956001282,0,True,True,False,False,False,False
55,461.7095031738,-44.1216011047,4.8036999702,0,True,True,False,False,False,False
55,466.8257141113,-43.3874015808,4.5180001259,0,True,True,False,False,False,False
55,472.0938110352,-42.9570007324,4.6012001038,0,True,True,False,False,False,False
55,476.9986877441,-44.5411987305,4.6082000732,0,True,True,False,False,False,False
55,484.0551147461,-44.2386016846,4.8060002327,0,True,True,False,False,False,False
55,486.5498046875,-45.660900116,4.5464000702,0,True,True,False,False,False,False
55,491.8576049805,-44.8144989014,4.7002000809,0,True,True,False,False,False,False
55,493.0741882324,-44.7093009949,4.6282000542,0,True,True,False,False,False,False
55,498.0166931152,-44.1311988831,4.4696998596,0,True,True,False,False,False,False
55,500.4718933105,-44.7449989319,4.5433001518,0,True,True,False,False,False,False
55,506.2526855469,-44.4623985291,4.4479999542,0,True,True,False,False,False,False
55,509.9631958008,-44.3881988525,4.6634998322,0,True,True,False,False,False,False
55,511.7020874023,-44.9990997314,4.6258997917,0,True,True,False,False,False,False
55,517.5731811523,-45.9580001831,4.226099968,0,True,True,False,False,False,False
55,517.7113037109,-45.8637008667,4.328499794,0,True,True,False,False,False,False
55,520.8474121094,-45.6333007812,4.5293998718,0,True,True,False,False,False,False
55,528.5155029297,-44.8628997803,4.5560002327,0,True,True,False,False,False,False
55,531.6577758789,-46.2065010071,4.3654999733,0,True,True,False,False,False,False
55,534.8262939453,-45.4258995056,4.4949002266,0,True,True,False,False,False,False
55,538.1818237305,-45.6330986023,4.1518998146,0,True,True,False,False,False,False
55,538.2702026367,-46.0337982178,4.3463001251,0,True,True,False,False,False,False
55,543.000793457,-45.6211013794,4.3859000206,0,True,False,False,False,False,False
55,546.2037963867,-46.3362998962,4.4622998238,0,True,False,False,False,False,False
55,553.2081298828,-45.5313987732,4.4243001938,0,True,False,False,False,False,False
55,552.3316040039,-45.6405982971,4.1476998329,0,True,False,False,False,False,False
55,555.7670288086,-45.7135009766,4.3042998314,0,True,False,False,False,False,False
55,556.6677856445,-46.3036003113,4.0194001198,0,True,False,False,False,False,False
55,555.9050292969,-44.7038993835,4.0845999718,0,True,False,False,False,False,False
55,563.0346069336,-45.1843986511,3.7781000137,0,True,False,False,False,False,False
55,562.6719970703,-45.7224998474,4.4607000351,0,True,False,False,False,False,False
55,567.0081787109,-45.5354003906,4.1711001396,0,True,False,False,False,False,False
55,570.0762939453,-44.9145011902,4.2368001938,0,True,False,False,False,False,False
55,572.9957275391,-45.5405006409,3.6666998863,0,True,False,False,False,False,False
55,578.07421875,-44.7233009338,4.1985998154,0,True,False,False,False,False,False
55,577.4627075195,-45.1421012878,4.2322998047,0,True,False,False,False,False,False
55,583.7808227539,-44.8035011292,3.970400095,0,True,False,False,False,False,False
55,582.0513916016,-44.8106002808,4.0283999443,0,True,False,False,False,False,False
55,587.5819702148,-44.2943000793,4.1891999245,0,True,False,False,False,False,False
55,588.1055908203,-43.947101593,4.0721001625,0,True,False,False,False,False,False
55,592.768371582,-44.6464004517,3.8015999794,0,True,False,False,False,False,False
55,596.0980224609,-43.9258003235,4.2051000595,0,True,False,False,False,False,False
55,597.5112915039,-43.8907012939,3.9086000919,0,True,False,False,False,False,False
55,596.438293457,-44.3488998413,4.1904997826,0,True,False,False,False,False,False
55,598.6748046875,-43.3588981628,3.9449999332,0,True,False,False,False,False,False
55,602.8226928711,-43.1234016418,3.752300024,0,True,False,False,False,False,False
55,606.9241943359,-42.5942993164,4.0904998779,0,True,False,False,False,False,False
55,609.2398071289,-43.4174995422,3.8647999763,0,True,False,False,False,False,False
55,610.0623168945,-42.3716011047,3.6863000393,0,True,False,False,False,False,False
55,612.9498291016,-43.6102981567,4.1694002151,0,True,False,False,False,False,False
55,615.0516967773,-42.0545005798,3.9669001102,0,True,False,False,False,False,False
55,618.7802734375,-42.1301002502,4.136300087,0,True,False,False,False,False,False
55,618.2894287109,-41.6208992004,4.1627001762,0,True,False,False,False,False,False
55,619.2836914062,-42.2505989075,4.0012998581,0,True,False,False,False,False,False
55,623.2072143555,-41.6873016357,3.8901000023,0,True,False,False,False,False,False
55,626.021484375,-42.3124008179,3.5836000443,0,True,False,False,False,False,False
55,627.5490722656,-40.9989013672,4.2874999046,0,True,False,False,False,False,False
55,630.1549072266,-41.53099823,3.7105000019,0,True,False,False,False,False,False
55,634.0076293945,-41.2167015076,4.0395002365,0,True,False,False,False,False,False
55,635.1481933594,-40.8102989197,4.1191000938,0,True,False,False,False,False,False
55,633.5114135742,-40.6734008789,3.7158999443,0,True,False,False,False,False,False
55,635.912109375,-40.5596008301,3.8471000195,0,True,False,False,False,False,False
55,638.2584228516,-41.1627998352,3.97239995,0,True,False,False,False,False,False
55,639.5783081055,-40.2186012268,3.6212999821,0,True,False,False,False,False,False
55,642.8806152344,-40.4681015015,3.9351000786,0,True,False,False,False,False,False
55,647.4375,-40.3712997437,3.8224999905,0,True,False,False,False,False,False
55,650.0712890625,-39.5133018494,3.6224000454,0,True,False,False,False,False,False
55,647.6940917969,-40.922000885,3.6905999184,0,True,False,False,False,False,False
55,652.7944946289,-39.6814002991,3.8085000515,0,True,False,False,False,False,False
55,653.2990722656,-39.9010009766,3.8352000713,0,True,False,False,False,False,False
55,654.852722168,-39.6487998962,3.8459000587,0,True,False,False,False,False,False
55,657.5148925781,-38.5460014343,3.5390999317,0,True,False,False,False,False,False
55,659.0521850586,-40.5896987915,3.9307000637,0,True,False,False,False,False,False
55,656.1364135742,-40.2170982361,3.4063999653,0,True,False,False,False,False,False
55,657.9412841797,-38.5312004089,4.0076999664,0,True,False,False,False,False,False
55,662.8576049805,-40.220199585,3.931499958,0,True,False,False,False,False,False
55,667.4273071289,-40.3754005432,4.1427998543,0,True,False,False,False,False,False
55,672.6207275391,-40.0256004333,3.9892001152,0,True,False,False,False,False,False
55,666.5629272461,-40.2019996643,4.073800087,0,True,False,False,False,False,False
55,676.298828125,-39.9338989258,3.7381000519,0,True,False,False,False,False,False
55,675.1925048828,-40.6113014221,3.7116000652,0,True,False,False,False,False,False
55,674.4821166992,-40.9875984192,3.8480000496,0,True,False,False,False,False,False
55,677.1372070312,-40.4043006897,3.7362000942,0,True,False,False,False,False,False
55,679.5288085938,-40.2638015747,3.9082000256,0,True,False,False,False,False,False
55,685.2225952148,-40.1137008667,3.9572000504,0,True,False,False,False,False,False
55,681.1995239258,-41.0877990723,3.7616000175,0,True,False,False,False,False,False
55,682.6351928711,-40.8880996704,3.6933999062,0,True,False,False,False,False,False
55,687.0703735352,-41.5797996521,3.7732000351,0,True,False,False,False,False,False
55,684.9592285156,-41.1537017822,3.643599987,0,True,False,False,False,False,False
55,688.3753051758,-41.1806983948,3.606400013,0,True,False,False,False,False,False
55,690.356628418,-41.5559005737,4.053899765,0,True,False,False,False,False,False
55,694.1085205078,-41.766998291,3.9563999176,0,True,False,False,False,False,False
55,690.4307250977,-40.9446983337,3.9702999592,0,True,False,False,False,False,False
55,697.1312866211,-41.9042015076,3.6812999249,0,True,False,False,False,False,False
55,697.0706787109,-41.6394004822,4.0268998146,0,True,False,False,False,False,False
55,694.8732299805,-42.4534988403,4.056499958,0,True,False,False,False,False,False
55,698.3081054688,-42.6980018616,3.9981999397,0,True,False,False,False,False,False
55,701.7623291016,-42.1539001465,3.5673000813,0,True,False,False,False,False,False
55,702.6456298828,-43.7700004578,3.8106999397,0,True,False,False,False,False,False
55,704.9611206055,-42.8480987549,4.0471000671,0,True,False,False,False,False,False
55,703.154296875,-43.4198989868,3.9414999485,0,True,False,False,False,False,False
55,702.5499267578,-43.9970016479,3.7718000412,0,True,False,False,False,False,False
55,711.0548095703,-43.1022987366,4.0510001183,0,True,False,False,False,False,False
55,710.8115234375,-43.4197006226,4.0872001648,0,True,False,False,False,False,False
55,712.1397094727,-43.1352996826,3.9964001179,0,True,False,False,False,False,False
55,710.4017944336,-44.0275993347,3.7644999027,0,True,False,False,False,False,False
55,713.1171264648,-43.9821014404,4.3392000198,0,True,False,False,False,False,False
55,714.1591796875,-44.4898986816,4.1529998779,0,True,False,False,False,False,False
56,200.3603973389,-51.4146003723,6.1308999062,0,True,True,False,False,False,False
56,210.9367980957,-51.265499115,6.4038000107,0,True,True,False,False,False,False
56,213.3444061279,-51.1222000122,6.3928999901,0,True,True,False,False,False,False
56,223.5281982422,-50.3148002625,6.6827001572,0,True,True,False,False,False,False
56,230.2720947266,-50.2715988159,6.4418001175,0,True,True,False,False,False,False
56,238.7095031738,-49.6194000244,6.4586000443,0,True,True,False,False,False,False
56,247.1269989014,-50.7025985718,6.2272000313,0,True,True,False,False,False,False
56,252.2917938232,-50.1064987183,6.3187999725,0,True,True,False,False,False,False
56,260.5444030762,-48.9622993469,6.4303002357,0,True,True,False,False,False,False
56,267.013092041,-49.5047988892,6.4640002251,0,True,True,False,False,False,False
56,274.742401123,-49.8711013794,6.2301001549,0,True,True,False,False,False,False
56,284.3723144531,-48.9241981506,6.4275999069,0,True,True,False,False,False,False
56,291.4115905762,-49.5690994263,6.414899826,0,True,True,False,False,False,False
56,295.8894042969,-49.6255989075,6.5081000328,0,True,True,False,False,False,False
56,302.6029052734,-48.9793014526,6.2189998627,0,True,True,False,False,False,False
56,313.6900024414,-49.3119010925,6.4091000557,0,True,True,False,False,False,False
56,320.0346069336,-48.8218994141,6.571100235,0,True,True,False,False,False,False
56,320.4685058594,-49.1524009705,6.497399807,0,True,True,False,False,False,False
56,332.1633911133,-49.0929985046,6.206099987,0,True,True,False,False,False,False
56,337.8323974609,-48.6055984497,6.6424999237,0,True,True,False,False,False,False
56,339.4435119629,-48.4659996033,6.5434999466,0,True,True,False,False,False,False
56,348.1578979492,-49.5027008057,6.3864998817,0,True,True,False,False,False,False
56,357.8306884766,-49.6806983948,6.3857998848,0,True,True,False,False,False,False
56,360.125793457,-48.9808006287,6.7769999504,0,True,True,False,False,False,False
56,363.9198913574,-49.8081016541,6.1620998383,0,True,True,False,False,False,False
56,372.7015075684,-50.001701355,6.1173000336,0,True,True,False,False,False,False
56,377.6570129395,-49.8559989929,6.3748998642,0,True,True,False,False,False,False
56,381.2367858887,-49.9361991882,6.4502000809,0,True,True,False,False,False,False
56,390.8414916992,-49.6651000977,6.3857998848,0,True,True,False,False,False,False
56,395.2359008789,-50.4622993469,6.3242001534,0,True,True,False,False,False,False
56,400.7492980957,-49.6036987305,6.5398001671,0,True,True,False,False,False,False
56,407.5378112793,-51.0786018372,6.4198999405,0,True,True,False,False,False,False
56,410.3955993652,-49.9766998291,6.1767997742,0,True,True,False,False,False,False
56,417.2148132324,-49.7050018311,6.303800106,0,True,True,False,False,False,False
56,421.2463989258,-50.3036994934,6.402900219,0,True,True,False,False,False,False
56,425.6766967773,-51.4886016846,6.4456000328,0,True,True,False,False,False,False
56,430.6366882324,-50.2543983459,6.4250001907,0,True,True,False,False,False,False
56,440.3143005371,-51.090801239,6.2971000671,0,True,True,False,False,False,False
56,437.9313049316,-50.7223014832,6.5089001656,0,True,True,False,False,False,False
56,445.2365112305,-51.507598877,6.3137001991,0,True,True,False,False,False,False
56,449.7080993652,-51.2692985535,5.9900999069,0,True,True,False,False,False,False
56,455.503692627,-51.3776016235,5.9256000519,0,True,True,False,False,False,False
56,458.9511108398,-52.6624984741,6.2583999634,0,True,True,False,False,False,False
56,467.0946960449,-52.8041000366,6.2087001801,0,True,True,False,False,False,False
56,469.2846069336,-52.635799408,6.248000145,0,True,True,False,False,False,False
56,474.4664001465,-52.8320999146,6.2516999245,0,True,True,False,False,False,False
56,475.8984069824,-53.2000999451,5.9130001068,0,True,True,False,False,False,False
56,480.967590332,-52.6212997437,6.4352002144,0,True,True,False,False,False,False
56,486.2308044434,-52.9649009705,6.085100174,0,True,True,False,False,False,False
56,491.2590026855,-54.3106002808,6.0156002045,0,True,True,False,False,False,False
56,495.0357971191,-54.2854003906,6.1732997894,0,True,True,False,False,False,False
56,501.999786377,-53.2198982239,5.9930000305,0,True,True,False,False,False,False
56,502.6026000977,-54.095199585,6.2609000206,0,True,True,False,False,False,False
56,506.6658935547,-54.2706985474,5.9251999855,0,True,True,False,False,False,False
56,508.8677062988,-54.004699707,6.141699791,0,True,True,False,False,False,False
56,515.7330932617,-54.3777999878,6.0682001114,0,True,True,False,False,False,False
56,515.7056274414,-54.0847015381,6.0664000511,0,True,True,False,False,False,False
56,519.9473876953,-54.5089988708,6.1377000809,0,True,True,False,False,False,False
56,528.2232055664,-54.8718986511,6.0816998482,0,True,True,False,False,False,False
56,529.9729003906,-55.3865013123,6.0957999229,0,True,True,False,False,False,False
56,529.5454101562,-54.2288017273,6.2357997894,0,True,True,False,False,False,False
56,539.9514770508,-54.4066009521,6.0949997902,0,True,True,False,False,False,False
56,541.3536987305,-54.5121994019,5.7467999458,0,True,False,False,False,False,False
56,542.4755249023,-55.6904983521,5.7568998337,0,True,False,False,False,False,False
56,550.3831787109,-55.2813987732,5.7926998138,0,True,False,False,False,False,False
56,555.2086181641,-55.2252006531,5.8604001999,0,True,False,False,False,False,False
56,555.473815918,-55.2448997498,5.8825001717,0,True,False,False,False,False,False
56,555.0805053711,-54.6251983643,5.9019999504,0,True,False,False,False,False,False
56,560.9724731445,-55.4161987305,6.1326999664,0,True,False,False,False,False,False
56,560.3378295898,-54.9105987549,6.0069999695,0,True,False,False,False,False,False
56,566.5748291016,-55.1837997437,6.0546998978,0,True,False,False,False,False,False
56,568.8552856445,-55.2619018555,5.8333001137,0,True,False,False,False,False,False
56,571.2910766602,-54.5068016052,6.0346999168,0,True,False,False,False,False,False
56,574.7108764648,-55.6936988831,5.9450998306,0,True,False,False,False,False,False
56,577.2005004883,-54.9729003906,5.7920999527,0,True,False,False,False,False,False
56,585.3098144531,-55.2200012207,5.5893001556,0,True,False,False,False,False,False
56,585.4639282227,-54.9294013977,5.7655000687,0,True,False,False,False,False,False
56,585.9929199219,-54.6253013611,5.571199894,0,True,False,False,False,False,False
56,589.0,-55.5376014709,5.5869002342,0,True,False,False,False,False,False
56,590.4876098633,-54.5924987793,5.4092001915,0,True,False,False,False,False,False
56,595.1784057617,-54.7980003357,5.5591001511,0,True,False,False,False,False,False
56,598.2005004883,-54.2210998535,5.6058001518,0,True,False,False,False,False,False
56,600.5604248047,-53.5722999573,5.8267998695,0,True,False,False,False,False,False
56,601.3261108398,-53.0427017212,5.6360001564,0,True,False,False,False,False,False
56,606.9412231445,-53.3209991455,5.6224999428,0,True,False,False,False,False,False
56,606.1300048828,-54.0699005127,5.4710001945,0,True,False,False,False,False,False
56,606.832824707,-52.5615005493,5.7163000107,0,True,False,False,False,False,False
56,610.5061035156,-52.9613990784,5.6957001686,0,True,False,False,False,False,False
56,612.2463989258,-52.6801986694,5.5942001343,0,True,False,False,False,False,False
56,613.1525878906,-52.3041992188,5.4910001755,0,True,False,False,False,False,False
56,621.9185180664,-52.2690010071,5.4386000633,0,True,False,False,False,False,False
56,622.0131225586,-52.5329017639,5.5043997765,0,True,False,False,False,False,False
56,628.0156860352,-52.1464004517,5.6380000114,0,True,False,False,False,False,False
56,624.4921875,-52.1783981323,5.6687002182,0,True,False,False,False,False,False
56,628.0783081055,-52.1516990662,5.668200016,0,True,False,False,False,False,False
56,634.0974731445,-51.8381996155,5.516699791,0,True,False,False,False,False,False
56,631.0250244141,-51.4808006287,5.7032999992,0,True,False,False,False,False,False
56,630.6862792969,-52.0214004517,5.5096998215,0,True,False,False,False,False,False
56,632.5839233398,-50.4063987732,5.4798002243,0,True,False,False,False,False,False
56,637.8618774414,-50.9219017029,5.1915998459,0,True,False,False,False,False,False
56,637.899597168,-50.8823013306,5.456799984,0,True,False,False,False,False,False
56,643.3300170898,-51.2672996521,5.484099865,0,True,False,False,False,False,False
56,644.8062133789,-51.3272018433,5.4605998993,0,True,False,False,False,False,False
56,645.5509033203,-50.0652999878,5.2065000534,0,True,False,False,False,False,False
56,654.5794067383,-50.8630981445,5.3429999352,0,True,False,False,False,False,False
56,654.0269775391,-49.3345985413,5.3236999512,0,True,False,False,False,False,False
56,657.5238037109,-49.5359992981,5.4457998276,0,True,False,False,False,False,False
56,652.9412841797,-49.5899009705,5.5011000633,0,True,False,False,False,False,False
56,655.760925293,-49.9304008484,5.3963999748,0,True,False,False,False,False,False
56,658.799987793,-49.1669006348,5.6178998947,0,True,False,False,False,False,False
56,661.4271850586,-49.8832015991,5.3294000626,0,True,False,False,False,False,False
56,664.8165283203,-49.2192993164,5.4871997833,0,True,False,False,False,False,False
56,664.7351074219,-48.9468994141,5.6561999321,0,True,False,False,False,False,False
56,666.2678833008,-49.5281982422,5.5665998459,0,True,False,False,False,False,False
56,671.5800170898,-48.4725990295,5.2691001892,0,True,False,False,False,False,False
56,671.4232788086,-49.1590995789,5.2996001244,0,True,False,False,False,False,False
56,672.7294921875,-50.2812995911,5.7501997948,0,True,False,False,False,False,False
56,673.0015869141,-48.5998001099,5.5268998146,0,True,False,False,False,False,False
56,679.7694702148,-49.3805007935,5.2979998589,0,True,False,False,False,False,False
56,681.307800293,-47.9334983826,5.2262001038,0,True,False,False,False,False,False
56,681.5908203125,-48.7337989807,5.4421000481,0,True,False,False,False,False,False
56,684.4691772461,-49.0713996887,5.1718001366,0,True,False,False,False,False,False
56,684.9606933594,-49.1641998291,5.5222997665,0,True,False,False,False,False,False
56,688.5123291016,-49.6015014648,5.3576002121,0,True,False,False,False,False,False
56,686.7437133789,-48.9789009094,5.7822999954,0,True,False,False,False,False,False
56,689.6782226562,-50.1503982544,5.2434000969,0,True,False,False,False,False,False
56,695.2344970703,-49.7005996704,5.2873001099,0,True,False,False,False,False,False
56,693.7938842773,-49.9263000488,5.2733998299,0,True,False,False,False,False,False
56,695.2669067383,-50.6958007812,5.4092001915,0,True,False,False,False,False,False
56,693.3223266602,-49.8325004578,5.3478999138,0,True,False,False,False,False,False
56,695.9935913086,-50.4533996582,5.5121002197,0,True,False,False,False,False,False
56,700.8314819336,-50.007598877,5.4180002213,0,True,False,False,False,False,False
56,699.9534912109,-50.4275016785,5.6807999611,0,True,False,False,False,False,False
56,701.0543823242,-50.5059013367,5.4407000542,0,True,False,False,False,False,False
56,704.8875732422,-51.1114997864,5.4328999519,0,True,False,False,False,False,False
56,703.6975097656,-51.3716011047,5.3378000259,0,True,False,False,False,False,False
56,705.787902832,-51.1698989868,5.5563001633,0,True,False,False,False,False,False
56,708.6207275391,-50.8944015503,5.3020000458,0,True,False,False,False,False,False
56,710.6124267578,-51.7696990967,5.4479999542,0,True,False,False,False,False,False
56,710.3165283203,-51.6221008301,5.616300106,0,True,False,False,False,False,False
56,712.5949707031,-50.6660003662,5.5137000084,0,True,False,False,False,False,False
57,203.1826934814,-47.4347000122,4.5833001137,0,True,True,False,False,False,False
57,207.6934967041,-46.8821983337,4.6564998627,0,True,True,False,False,False,False
57,217.1672973633,-46.4831008911,4.7843999863,0,True,True,False,False,False,False
57,227.3403015137,-46.4747009277,4.5475001335,0,True,True,False,False,False,False
57,235.1183929443,-46.8988990784,4.8653998375,0,True,True,False,False,False,False
57,245.0057067871,-46.6567001343,4.8369998932,0,True,True,False,False,False,False
57,251.9535980225,-45.5882987976,4.7516999245,0,True,True,False,False,False,False
57,262.4837036133,-46.4350013733,4.6863999367,0,True,True,False,False,False,False
57,267.9674072266,-45.4821014404,4.5756998062,0,True,True,False,False,False,False
57,276.8696899414,-45.0032997131,4.8516998291,0,True,True,False,False,False,False
57,281.4599914551,-45.8689002991,4.7238998413,0,True,True,False,False,False,False
57,290.8521118164,-46.8102989197,4.8362002373,0,True,True,False,False,False,False
57,296.9927062988,-45.5850982666,5.0343999863,0,True,True,False,False,False,False
57,306.7072143555,-45.6801986694,4.8910999298,0,True,True,False,False,False,False
57,311.699798584,-44.382598877,4.8498001099,0,True,True,False,False,False,False
57,322.3561096191,-46.0379981995,4.8154001236,0,True,True,False,False,False,False
57,326.1348876953,-45.0054016113,4.9018001556,0,True,True,False,False,False,False
57,335.9739990234,-45.1935005188,4.7541999817,0,True,True,False,False,False,False
57,340.3503112793,-45.1394004822,5.1178998947,0,True,True,False,False,False,False
57,351.6163024902,-46.211101532,4.6078000069,0,True,True,False,False,False,False
57,361.4757080078,-45.1194000244,4.709400177,0,True,True,False,False,False,False
57,363.2056884766,-45.7270011902,4.7927999496,0,True,True,False,False,False,False
57,367.9353942871,-45.587600708,4.6644001007,0,True,True,False,False,False,False
57,374.3688049316,-46.8166999817,4.9777002335,0,True,True,False,False,False,False
57,379.8055114746,-45.7627983093,4.899600029,0,True,True,False,False,False,False
57,388.2023925781,-45.9221992493,4.7063999176,0,True,True,False,False,False,False
57,393.1841125488,-45.6245002747,4.5019001961,0,True,True,False,False,False,False
57,401.6954040527,-46.3830986023,4.8907999992,0,True,True,False,False,False,False
57,409.3627929688,-46.0079994202,4.9826998711,0,True,True,False,False,False,False
57,410.6416015625,-47.2307014465,4.6659002304,0,True,True,False,False,False,False
57,420.0427856445,-46.9819984436,4.7199001312,0,True,True,False,False,False,False
57,425.9668884277,-46.7989006042,4.6915998459,0,True,True,False,False,False,False
57,432.6422119141,-47.1395988464,4.665500164,0,True,True,False,False,False,False
57,438.6946105957,-46.6216011047,4.7045998573,0,True,True,False,False,False,False
57,441.575012207,-46.8115005493,4.4644999504,0,True,True,False,False,False,False
57,447.046295166,-47.6253013611,4.5608000755,0,True,True,False,False,False,False
57,453.7799072266,-46.2106018066,4.7039999962,0,True,True,False,False,False,False
57,456.5105895996,-47.3163986206,4.5078001022,0,True,True,False,False,False,False
57,464.0798034668,-47.1297988892,4.6508998871,0,True,True,False,False,False,False
57,466.9360046387,-47.9473991394,4.7744002342,0,True,True,False,False,False,False
57,476.6138000488,-48.1600990295,4.8698000908,0,True,True,False,False,False,False
57,480.7633056641,-48.2472991943,4.8930997849,0,True,True,False,False,False,False
57,484.9363098145,-49.118598938,4.8273000717,0,True,True,False,False,False,False
57,491.2811889648,-48.1310997009,4.7755999565,0,True,True,False,False,False,False
57,495.687286377,-48.3406982422,4.3659000397,0,True,True,False,False,False,False
57,503.0426940918,-48.4169006348,4.6096000671,0,True,True,False,False,False,False
57,504.2178039551,-49.7694015503,4.7279000282,0,True,True,False,False,False,False
57,508.8840942383,-48.9436988831,4.7038002014,0,True,True,False,False,False,False
57,512.8242797852,-49.1493988037,4.5689001083,0,True,True,False,False,False,False
57,517.9769287109,-49.1319999695,4.5843000412,0,True,True,False,False,False,False
57,523.0098266602,-50.4418983459,4.6600999832,0,True,True,False,False,False,False
57,527.319519043,-50.7164993286,4.7125000954,0,True,True,False,False,False,False
57,531.9044799805,-50.3577003479,4.5914001465,0,True,True,False,False,False,False
57,537.3649902344,-50.4599990845,4.4418997765,0,True,True,False,False,False,False
57,540.8684082031,-50.0343017578,4.1942000389,0,True,False,False,False,False,False
57,545.5269775391,-50.1656990051,4.6058001518,0,True,False,False,False,False,False
57,548.4334716797,-51.2358016968,4.3903999329,0,True,False,False,False,False,False
57,557.0131835938,-51.3143997192,4.7118000984,0,True,False,False,False,False,False
57,557.7327880859,-51.4681015015,4.4797000885,0,True,False,False,False,False,False
57,561.0916137695,-51.082901001,4.3759999275,0,True,False,False,False,False,False
57,564.3778076172,-50.1736984253,4.4800000191,0,True,False,False,False,False,False
57,567.4915161133,-52.1493988037,4.5672998428,0,True,False,False,False,False,False
57,568.7537231445,-51.4678001404,4.6577000618,0,True,False,False,False,False,False
57,576.2470703125,-51.5404014587,4.4574999809,0,True,False,False,False,False,False
57,581.4514160156,-51.7700004578,4.4464001656,0,True,False,False,False,False,False
57,584.2288818359,-50.7102012634,4.6168999672,0,True,False,False,False,False,False
57,585.3353881836,-52.1431999207,4.4211001396,0,True,False,False,False,False,False
57,588.7415161133,-50.5680007935,3.9983000755,0,True,False,False,False,False,False
57,591.1506958008,-51.4892997742,4.0022001266,0,True,False,False,False,False,False
57,595.3049926758,-51.0136985779,4.0876002312,0,True,False,False,False,False,False
57,603.6038818359,-51.3138999939,4.3681998253,0,True,False,False,False,False,False
57,603.930480957,-52.2588996887,4.3891000748,0,True,False,False,False,False,False
57,607.4066772461,-51.5573997498,4.244699955,0,True,False,False,False,False,False
57,608.5413208008,-51.7533988953,4.0265002251,0,True,False,False,False,False,False
57,616.5800170898,-51.403301239,4.3236999512,0,True,False,False,False,False,False
57,619.3903198242,-50.6497001648,4.1115999222,0,True,False,False,False,False,False
57,622.6499023438,-51.0696983337,4.2624998093,0,True,False,False,False,False,False
57,622.4334106445,-50.2865982056,4.0748000145,0,True,False,False,False,False,False
57,627.3801879883,-50.8885002136,4.0707001686,0,True,False,False,False,False,False
57,629.7462768555,-50.5761985779,4.0536999702,0,True,False,False,False,False,False
57,631.9490966797,-50.7958984375,4.334400177,0,True,False,False,False,False,False
57,634.6539916992,-50.3587989807,4.0824999809,0,True,False,False,False,False,False
57,637.8306884766,-50.398399353,4.1697998047,0,True,False,False,False,False,False
57,640.0607299805,-50.0615997314,4.0142998695,0,True,False,False,False,False,False
57,646.8978881836,-49.7969017029,4.051199913,0,True,False,False,False,False,False
57,646.0947265625,-50.5046005249,4.1890997887,0,True,False,False,False,False,False
57,649.1627197266,-50.6147003174,4.0542998314,0,True,False,False,False,False,False
57,651.7532958984,-49.5815010071,4.1093997955,0,True,False,False,False,False,False
57,654.2186279297,-49.6239013672,4.2589001656,0,True,False,False,False,False,False
57,658.1878051758,-48.8843994141,4.1479001045,0,True,False,False,False,False,False
57,660.3903808594,-48.2028007507,3.6698999405,0,True,False,False,False,False,False
57,663.8187255859,-49.5614013672,3.8029999733,0,True,False,False,False,False,False
57,661.0103759766,-49.5637016296,3.8108000755,0,True,False,False,False,False,False
57,668.1622924805,-48.8315010071,3.9519000053,0,True,False,False,False,False,False
57,670.2232055664,-48.6981010437,3.9721999168,0,True,False,False,False,False,False
57,673.2579956055,-48.6492004395,3.8791999817,0,True,False,False,False,False,False
57,676.9818115234,-48.6273002625,3.6989998817,0,True,False,False,False,False,False
57,678.4970703125,-47.7200012207,3.8585000038,0,True,False,False,False,False,False
57,679.5817871094,-48.2421989441,4.0689997673,0,True,False,False,False,False,False
57,680.0394287109,-47.2396011353,4.0362000465,0,True,False,False,False,False,False
57,682.9368896484,-47.5209999084,3.9983000755,0,True,False,False,False,False,False
57,683.0247192383,-46.5591011047,3.7490999699,0,True,False,False,False,False,False
57,692.5300292969,-47.442401886,3.9263000488,0,True,False,False,False,False,False
57,692.5587158203,-46.3469009399,3.3452000618,0,True,False,False,False,False,False
57,693.9378051758,-45.529499054,3.8073999882,0,True,False,False,False,False,False
57,693.4846191406,-45.9866981506,4.0171999931,0,True,False,False,False,False,False
57,695.2946166992,-45.1540985107,3.9718999863,0,True,False,False,False,False,False
57,696.6201782227,-46.5648994446,3.6347000599,0,True,False,False,False,False,False
57,704.4116821289,-46.4929008484,4.0521001816,0,True,False,False,False,False,False
57,703.8336181641,-46.0021018982,3.8664000034,0,True,False,False,False,False,False
57,708.0424804688,-45.7344017029,3.6947999001,0,True,False,False,False,False,False
57,710.1365966797,-46.043598175,3.9474999905,0,True,False,False,False,False,False
57,711.2304077148,-46.2477989197,3.4997999668,0,True,False,False,False,False,False
57,712.5817871094,-45.2238998413,3.9700000286,0,True,False,False,False,False,False
58,201.8255004883,-53.6985015869,4.8154001236,0,True,True,False,False,False,False
58,204.6439971924,-53.3760986328,5.027900219,0,True,True,False,False,False,False
58,216.4898071289,-54.4516983032,4.7986998558,0,True,True,False,False,False,False
58,226.5160064697,-53.5947990417,5.1721000671,0,True,True,False,False,False,False
58,236.9622039795,-51.7929000854,5.2895002365,0,True,True,False,False,False,False
58,239.2658996582,-52.4939994812,4.6859998703,0,True,True,False,False,False,False
58,254.0478973389,-53.7383995056,4.9562997818,0,True,True,False,False,False,False
58,258.2995910645,-52.1043014526,4.8845000267,0,True,True,False,False,False,False
58,265.4912109375,-52.2127990723,5.2662000656,0,True,True,False,False,False,False
58,273.3493041992,-52.2881011963,5.0574998856,0,True,True,False,False,False,False
58,282.6382141113,-51.9201011658,5.178899765,0,True,True,False,False,False,False
58,286.9750061035,-52.1954994202,5.1837000847,0,True,True,False,False,False,False
58,299.2178955078,-51.6682014465,4.820499897,0,True,True,False,False,False,False
58,304.1712036133,-53.0741996765,4.9024000168,0,True,True,False,False,False,False
58,310.9996032715,-51.6929016113,5.0328998566,0,True,True,False,False,False,False
58,318.6138916016,-52.3202018738,4.9815001488,0,True,True,False,False,False,False
58,324.9578857422,-51.9632987976,4.9383001328,0,True,True,False,False,False,False
58,336.3788146973,-51.2966003418,5.0253000259,0,True,True,False,False,False,False
58,339.8395080566,-52.2333984375,5.2160000801,0,True,True,False,False,False,False
58,344.9020996094,-52.2769012451,4.9205999374,0,True,True,False,False,False,False
58,352.6176147461,-52.1147994995,4.8491001129,0,True,True,False,False,False,False
58,356.6885986328,-51.5042991638,5.0153999329,0,True,True,False,False,False,False
58,364.5884094238,-52.7731018066,4.9011001587,0,True,True,False,False,False,False
58,373.5687866211,-51.7789993286,4.8108000755,0,True,True,False,False,False,False
58,381.8750915527,-52.1571998596,4.9756999016,0,True,True,False,False,False,False
58,387.0028076172,-52.6379013062,5.0177998543,0,True,True,False,False,False,False
58,393.4567871094,-52.7584991455,5.0752000809,0,True,True,False,False,False,False
58,398.1763916016,-52.7848014832,5.1455998421,0,True,True,False,False,False,False
58,402.5325012207,-53.4370994568,5.0051999092,0,True,True,False,False,False,False
58,413.0686950684,-52.8630981445,5.1166000366,0,True,True,False,False,False,False
58,417.3306884766,-53.7582015991,5.0114002228,0,True,True,False,False,False,False
58,424.962890625,-53.8128013611,5.0174999237,0,True,True,False,False,False,False
58,428.4447937012,-54.2177009583,4.8326997757,0,True,True,False,False,False,False
58,437.1825866699,-53.0069999695,4.9952001572,0,True,True,False,False,False,False
58,438.4805908203,-54.4183006287,5.089099884,0,True,True,False,False,False,False
58,447.7594909668,-54.4948005676,4.8312001228,0,True,True,False,False,False,False
58,450.6671142578,-54.7010002136,5.2252998352,0,True,True,False,False,False,False
58,455.8142089844,-53.8442001343,5.0857000351,0,True,True,False,False,False,False
58,461.5516967773,-54.3097000122,4.7442002296,0,True,True,False,False,False,False
58,462.8772888184,-54.6277008057,4.9423999786,0,True,True,False,False,False,False
58,473.9020080566,-55.0951004028,5.0005998611,0,True,True,False,False,False,False
58,480.8460998535,-54.4850997925,4.9478998184,0,True,True,False,False,False,False
58,483.7983093262,-54.5279998779,5.1199002266,0,True,True,False,False,False,False
58,487.2749023438,-56.3124008179,4.7231001854,0,True,True,False,False,False,False
58,493.1300048828,-54.837600708,4.8759999275,0,True,True,False,False,False,False
58,495.8894958496,-56.3451004028,4.9862999916,0,True,True,False,False,False,False
58,503.0515136719,-55.9459991455,4.7046999931,0,True,True,False,False,False,False
58,505.4598999023,-55.701499939,4.9148001671,0,True,True,False,False,False,False
58,515.6472167969,-56.6394996643,4.7104997635,0,True,True,False,False,False,False
58,516.5947875977,-56.0297012329,5.0097999573,0,True,True,False,False,False,False
58,521.7283935547,-56.5410995483,4.6659002304,0,True,True,False,False,False,False
58,523.4086914062,-57.609500885,4.725399971,0,True,True,False,False,False,False
58,527.4887695312,-56.6035995483,5.0718002319,0,True,True,False,False,False,False
58,534.4943237305,-58.0404014587,4.9923000336,0,True,True,False,False,False,False
58,535.423828125,-58.0447006226,5.2277998924,0,True,True,False,False,False,False
58,542.4251708984,-57.0133018494,4.7534999847,0,True,False,False,False,False,False
58,546.1873779297,-57.676399231,4.821100235,0,True,False,False,False,False,False
58,548.2687988281,-57.6773986816,4.8057999611,0,True,False,False,False,False,False
58,551.4373779297,-57.4892997742,4.5908999443,0,True,False,False,False,False,False
58,558.9351806641,-57.9533004761,4.7783999443,0,True,False,False,False,False,False
58,563.9763793945,-58.2257995605,4.671599865,0,True,False,False,False,False,False
58,566.8671264648,-57.7285003662,4.8910999298,0,True,False,False,False,False,False
58,567.8668212891,-58.2807998657,4.6614999771,0,True,False,False,False,False,False
58,574.5424194336,-58.5010986328,4.844399929,0,True,False,False,False,False,False
58,575.3735961914,-58.4869995117,4.7871999741,0,True,False,False,False,False,False
58,578.0687255859,-57.2303009033,4.622399807,0,True,False,False,False,False,False
58,583.4284057617,-58.1683998108,4.6354999542,0,True,False,False,False,False,False
58,588.114074707,-57.918598175,4.4320001602,0,True,False,False,False,False,False
58,589.0778808594,-57.8050003052,4.785900116,0,True,False,False,False,False,False
58,594.5108032227,-57.3517990112,4.5859999657,0,True,False,False,False,False,False
58,597.6251220703,-58.4257011414,4.4836001396,0,True,False,False,False,False,False
58,603.5645141602,-57.8921012878,4.4057998657,0,True,False,False,False,False,False
58,601.5635986328,-58.2109985352,4.5665998459,0,True,False,False,False,False,False
58,608.174987793,-57.4813995361,4.4911999702,0,True,False,False,False,False,False
58,611.6702880859,-58.4805984497,4.3548002243,0,True,False,False,False,False,False
58,615.2957763672,-57.8198013306,4.3944997787,0,True,False,False,False,False,False
58,615.3353271484,-57.5472984314,4.6015000343,0,True,False,False,False,False,False
58,620.473815918,-57.3203010559,4.2154998779,0,True,False,False,False,False,False
58,625.7985229492,-58.004699707,4.3754000664,0,True,False,False,False,False,False
58,624.7260131836,-58.0029983521,4.4875001907,0,True,False,False,False,False,False
58,630.0272827148,-56.9292984009,4.6345000267,0,True,False,False,False,False,False
58,629.573425293,-57.0825004578,4.3123998642,0,True,False,False,False,False,False
58,635.2208862305,-56.3413009644,4.1343002319,0,True,False,False,False,False,False
58,641.5021972656,-56.8758010864,4.1616997719,0,True,False,False,False,False,False
58,641.3806152344,-56.3997993469,4.4352002144,0,True,False,False,False,False,False
58,641.4694213867,-56.8839988708,4.3147001266,0,True,False,False,False,False,False
58,645.4879760742,-57.1026992798,4.2017002106,0,True,False,False,False,False,False
58,648.0228881836,-56.1763000488,4.3343000412,0,True,False,False,False,False,False
58,651.5079956055,-55.926399231,4.2284998894,0,True,False,False,False,False,False
58,655.9779052734,-56.4978981018,4.3766999245,0,True,False,False,False,False,False
58,658.2359008789,-55.6507987976,4.0515999794,0,True,False,False,False,False,False
58,658.3635253906,-55.9898986816,4.1835999489,0,True,False,False,False,False,False
58,661.4995117188,-54.845199585,4.1539001465,0,True,False,False,False,False,False
58,664.8250732422,-55.1968994141,4.2715001106,0,True,False,False,False,False,False
58,665.4824829102,-53.8464012146,4.0377998352,0,True,False,False,False,False,False
58,672.3347167969,-55.1967010498,4.1124000549,0,True,False,False,False,False,False
58,671.8685913086,-54.0666999817,3.8701999187,0,True,False,False,False,False,False
58,672.3013916016,-54.5279998779,4.1177000999,0,True,False,False,False,False,False
58,679.3433837891,-54.4702987671,4.3312001228,0,True,False,False,False,False,False
58,678.4769897461,-53.8331985474,3.9038999081,0,True,False,False,False,False,False
58,683.2864990234,-54.3475990295,4.0581002235,0,True,False,False,False,False,False
58,681.2529296875,-54.3827018738,4.0011000633,0,True,False,False,False,False,False
58,683.9111938477,-54.0371017456,4.0117998123,0,True,False,False,False,False,False
58,687.4866943359,-52.8036003113,4.0124001503,0,True,False,False,False,False,False
58,691.0065917969,-53.2694015503,4.1949000359,0,True,False,False,False,False,False
58,689.0648193359,-53.17029953,4.2102999687,0,True,False,False,False,False,False
58,696.192199707,-52.6492996216,4.2674999237,0,True,False,False,False,False,False
58,694.6577758789,-53.2145004272,4.1251001358,0,True,False,False,False,False,False
58,698.0676269531,-52.3403015137,3.9774000645,0,True,False,False,False,False,False
58,700.907409668,-53.0997009277,4.1051001549,0,True,False,False,False,False,False
58,704.4774169922,-53.0505981445,4.0510997772,0,True,False,False,False,False,False
58,702.2341918945,-52.0042991638,4.0039000511,0,True,False,False,False,False,False
58,708.924987793,-53.4637985229,4.1672000885,0,True,False,False,False,False,False
58,708.3731079102,-52.9269981384,4.065199852,0,True,False,False,False,False,False
58,708.8862915039,-51.243598938,4.3309998512,0,True,False,False,False,False,False
59,196.6481018066,-54.1025009155,5.3194999695,0,True,True,False,False,False,False
59,210.4432983398,-54.2957000732,5.0338997841,0,True,True,False,False,False,False
59,220.2239074707,-54.2481002808,5.521999836,0,True,True,False,False,False,False
59,225.4138946533,-54.0041007996,5.2382998466,0,True,True,False,False,False,False
59,231.5328979492,-54.6721000671,5.2151999474,0,True,True,False,False,False,False
59,238.8175964355,-53.7050018311,5.3440999985,0,True,True,False,False,False,False
59,250.4703979492,-54.7127990723,5.3765997887,0,True,True,False,False,False,False
59,253.2850036621,-53.5564994812,5.3066000938,0,True,True,False,False,False,False
59,266.0787963867,-53.5727996826,5.3003997803,0,True,True,False,False,False,False
59,275.6046142578,-54.2527999878,5.2701001167,0,True,True,False,False,False,False
59,281.2692871094,-52.6274986267,5.5051999092,0,True,True,False,False,False,False
59,288.146697998,-53.1088981628,5.0920000076,0,True,True,False,False,False,False
59,297.7095947266,-53.2835998535,5.4587001801,0,True,True,False,False,False,False
59,306.2916870117,-52.6296005249,5.3817000389,0,True,True,False,False,False,False
59,312.2344970703,-53.5026016235,5.5116000175,0,True,True,False,False,False,False
59,319.5143127441,-53.6941986084,5.3817000389,0,True,True,False,False,False,False
59,325.212097168,-53.4146995544,5.6024999619,0,True,True,False,False,False,False
59,330.6762084961,-52.8087997437,5.7432999611,0,True,True,False,False,False,False
59,341.236114502,-53.3311004639,5.146999836,0,True,True,False,False,False,False
59,340.5210876465,-53.098400116,5.6153998375,0,True,True,False,False,False,False
59,353.7875061035,-52.976398468,5.2371001244,0,True,True,False,False,False,False
59,362.0653991699,-53.6803016663,5.117099762,0,True,True,False,False,False,False
59,361.7651977539,-53.1356010437,5.3685998917,0,True,True,False,False,False,False
59,371.6430053711,-53.4266014099,5.4545998573,0,True,True,False,False,False,False
59,379.6932067871,-53.6254005432,5.2870998383,0,True,True,False,False,False,False
59,380.3745117188,-53.3585014343,5.3073000908,0,True,True,False,False,False,False
59,391.4450073242,-53.5359992981,5.5862998962,0,True,True,False,False,False,False
59,394.2448120117,-53.4281005859,5.5700998306,0,True,True,False,False,False,False
59,402.3359069824,-53.7834014893,5.141699791,0,True,True,False,False,False,False
59,413.0965881348,-53.2289009094,5.6508998871,0,True,True,False,False,False,False
59,417.013092041,-54.6304016113,5.2231998444,0,True,True,False,False,False,False
59,418.5289001465,-53.9838981628,5.4801998138,0,True,True,False,False,False,False
59,427.3261108398,-54.40599823,5.2119002342,0,True,True,False,False,False,False
59,429.8522033691,-55.3128013611,5.2357997894,0,True,True,False,False,False,False
59,437.749206543,-55.2286987305,5.2197999954,0,True,True,False,False,False,False
59,444.2294921875,-55.3070983887,5.3586997986,0,True,True,False,False,False,False
59,453.9692077637,-55.0811004639,5.1613001823,0,True,True,False,False,False,False
59,455.3322143555,-54.6904983521,5.3235998154,0,True,True,False,False,False,False
59,455.8492126465,-55.2857017517,5.4660000801,0,True,True,False,False,False,False
59,466.7464904785,-55.7607002258,5.4528999329,0,True,True,False,False,False,False
59,469.0914001465,-55.7792015076,5.1630001068,0,True,True,False,False,False,False
59,473.6000976562,-55.7676010132,5.059899807,0,True,True,False,False,False,False
59,479.4607849121,-56.21849823,5.244699955,0,True,True,False,False,False,False
59,484.4648132324,-55.8927001953,5.3302001953,0,True,True,False,False,False,False
59,486.6596069336,-56.2550010681,5.3990001678,0,True,True,False,False,False,False
59,495.9332885742,-56.8754997253,5.2646999359,0,True,True,False,False,False,False
59,495.2828979492,-55.9096984863,5.0781002045,0,True,True,False,False,False,False
59,504.5325012207,-56.9697990417,5.4531002045,0,True,True,False,False,False,False
59,505.9558105469,-57.5069999695,5.3482999802,0,True,True,False,False,False,False
59,511.4281921387,-57.0546989441,5.113699913,0,True,True,False,False,False,False
59,518.3532104492,-56.4499015808,5.064499855,0,True,True,False,False,False,False
59,520.5054931641,-58.1697998047,5.3365001678,0,True,True,False,False,False,False
59,526.6115112305,-57.551700592,5.1069998741,0,True,True,False,False,False,False
59,528.8804931641,-57.6851005554,4.9667000771,0,True,True,False,False,False,False
59,531.9763183594,-58.9917984009,5.162899971,0,True,True,False,False,False,False
59,536.8687133789,-57.298500061,5.2400999069,0,True,True,False,False,False,False
59,541.3997192383,-59.376499176,4.9156999588,0,True,False,False,False,False,False
59,545.3101806641,-58.302898407,4.9289999008,0,True,False,False,False,False,False
59,549.553894043,-59.370098114,5.0293002129,0,True,False,False,False,False,False
59,554.3519287109,-58.6904983521,4.9993000031,0,True,False,False,False,False,False
59,555.8236083984,-57.7089004517,5.2217001915,0,True,False,False,False,False,False
59,562.0372924805,-58.733001709,4.9656000137,0,True,False,False,False,False,False
59,562.1870117188,-59.4555015564,4.9524998665,0,True,False,False,False,False,False
59,571.2976074219,-59.0223007202,5.1799001694,0,True,False,False,False,False,False
59,573.4143066406,-58.5564002991,5.1427001953,0,True,False,False,False,False,False
59,578.455078125,-59.5390014648,5.1195001602,0,True,False,False,False,False,False
59,575.23828125,-58.3381004333,5.1270999908,0,True,False,False,False,False,False
59,583.0598144531,-58.9213981628,4.7031998634,0,True,False,False,False,False,False
59,586.0764160156,-58.8392982483,4.9211001396,0,True,False,False,False,False,False
59,589.0338134766,-58.7396011353,4.8710999489,0,True,False,False,False,False,False
59,593.8187255859,-58.6166992188,4.7143001556,0,True,False,False,False,False,False
59,596.1318969727,-59.5904998779,4.9029998779,0,True,False,False,False,False,False
59,600.7620239258,-59.0069999695,4.9370999336,0,True,False,False,False,False,False
59,602.2542724609,-59.0685997009,4.6880002022,0,True,False,False,False,False,False
59,604.1475219727,-57.7444000244,4.8860998154,0,True,False,False,False,False,False
59,610.6217041016,-58.8953018188,4.7339000702,0,True,False,False,False,False,False
59,614.2153930664,-58.7966995239,4.535900116,0,True,False,False,False,False,False
59,617.4135742188,-57.9984016418,4.7392997742,0,True,False,False,False,False,False
59,619.1696777344,-58.1691017151,4.8913998604,0,True,False,False,False,False,False
59,620.4321289062,-57.0833015442,4.7218999863,0,True,False,False,False,False,False
59,620.7487792969,-57.8712997437,4.8410000801,0,True,False,False,False,False,False
59,627.8198852539,-58.4887008667,4.3952999115,0,True,False,False,False,False,False
59,627.6694946289,-57.8740005493,4.5008001328,0,True,False,False,False,False,False
59,629.3168945312,-57.035900116,4.5387001038,0,True,False,False,False,False,False
59,642.1102905273,-57.0565986633,4.8192000389,0,True,False,False,False,False,False
59,636.9727172852,-57.4897003174,4.4415998459,0,True,False,False,False,False,False
59,640.3765869141,-57.2022018433,4.967400074,0,True,False,False,False,False,False
59,642.249206543,-56.8226013184,4.8308000565,0,True,False,False,False,False,False
59,644.1727905273,-57.0066986084,4.6810002327,0,True,False,False,False,False,False
59,648.1372070312,-55.493598938,4.3965001106,0,True,False,False,False,False,False
59,651.7728271484,-56.2438011169,4.3572001457,0,True,False,False,False,False,False
59,650.944519043,-55.9347991943,4.7589998245,0,True,False,False,False,False,False
59,652.8264770508,-55.4789009094,4.7484002113,0,True,False,False,False,False,False
59,658.3248901367,-56.2019004822,4.7438998222,0,True,False,False,False,False,False
59,656.4075927734,-56.176700592,4.5899000168,0,True,False,False,False,False,False
59,664.9918823242,-55.46900177,4.9042000771,0,True,False,False,False,False,False
59,666.6373291016,-54.418800354,4.4176001549,0,True,False,False,False,False,False
59,666.1373291016,-54.7218017578,4.5780000687,0,True,False,False,False,False,False
59,668.2880249023,-55.1242980957,4.3759999275,0,True,False,False,False,False,False
59,673.2944946289,-54.8820991516,4.7663998604,0,True,False,False,False,False,False
59,676.6428222656,-54.0569992065,4.5072999001,0,True,False,False,False,False,False
59,678.5739746094,-54.5041999817,4.5191001892,0,True,False,False,False,False,False
59,683.1448974609,-54.5285987854,4.6206002235,0,True,False,False,False,False,False
59,683.5380859375,-53.3307991028,4.4008002281,0,True,False,False,False,False,False
59,684.8922729492,-53.770401001,4.3846998215,0,True,False,False,False,False,False
59,687.2485961914,-54.164100647,4.4612002373,0,True,False,False,False,False,False
59,688.829284668,-53.0705986023,4.5418000221,0,True,False,False,False,False,False
59,689.938293457,-53.9779014587,4.456099987,0,True,False,False,False,False,False
59,694.0108032227,-53.0290985107,4.4223999977,0,True,False,False,False,False,False
59,697.352722168,-53.1049003601,4.3187999725,0,True,False,False,False,False,False
59,696.0565795898,-52.7121009827,4.410299778,0,True,False,False,False,False,False
59,700.5607910156,-52.9691009521,4.4425001144,0,True,False,False,False,False,False
59,701.9689941406,-53.2569007874,4.3208999634,0,True,False,False,False,False,False
59,703.462890625,-53.6750984192,4.4808001518,0,True,False,False,False,False,False
59,701.0742797852,-52.9692001343,4.4211001396,0,True,False,False,False,False,False
59,705.5217895508,-52.3810997009,4.4219999313,0,True,False,False,False,False,False
59,714.036315918,-53.6251983643,4.4930000305,0,True,False,False,False,False,False
59,710.9180908203,-52.4992980957,4.1838002205,0,True,False,False,False,False,False
59,709.7661743164,-52.5065002441,4.4858999252,0,True,False,False,False,False,False
