timestamp,sensor_1,sensor_2,sensor_3,is_fault
2026-01-01T00:00:00.000,13.0725220826,9.9738885038,3.7716854617,0
2026-01-01T00:15:00.000,3.7811842237,5.0891718038,3.2902485969,0
2026-01-01T00:30:00.000,10.0215553152,0.8743680193000001,2.8088117321,0
2026-01-01T00:45:00.000,4.9615381451000005,0.8743680193000001,11.7897154879,0
2026-01-01T01:00:00.000,5.0778371228,6.3118811856,6.2403580592,0
2026-01-01T01:15:00.000,6.446271275,12.3088317262,6.6680559534,0
2026-01-01T01:30:00.000,7.0429868652,8.1918443773,5.5360233708,0
2026-01-01T01:45:00.000,13.0725220826,6.8400610106,4.4039907883,0
2026-01-01T02:00:00.000,5.6560068297,6.3790457282,4.084195218,0
2026-01-01T02:15:00.000,4.072420778,7.237178772,2.2561001546,0
2026-01-01T02:30:00.000,2.4888347263,7.7255784987,4.629857106,0
2026-01-01T02:45:00.000,10.5217515826,8.2139782254,7.0036140575,0
2026-01-01T03:00:00.000,6.2015097197,6.8333327919,9.3773710089,0
2026-01-01T03:15:00.000,1.8812678568,2.6019227761,9.3682568534,0
2026-01-01T03:30:00.000,5.6072542871,7.9662604914,7.2941616681,0
2026-01-01T03:45:00.000,0.9630924187000001,9.8802160608,0.9367334823000001,0
2026-01-01T04:00:00.000,1.0222214291,11.7941716302,8.0814187965,0
2026-01-01T04:15:00.000,7.0786141432,13.7081271996,2.717805459,0
2026-01-01T04:30:00.000,7.5028431231,12.2068474531,0.9367334823000001,0
2026-01-01T04:45:00.000,2.5879444616000002,8.270280503,5.7188088647,0
2026-01-01T05:00:00.000,8.5509651263,8.5547304606,10.7315736467,0
2026-01-01T05:15:00.000,9.0763142702,8.8391804181,9.2894364809,0
2026-01-01T05:30:00.000,9.601663414,5.033072422,7.847299315,0
2026-01-01T05:45:00.000,8.9334539908,3.3744235863,5.230119923,0
2026-01-01T06:00:00.000,0.9630924187000001,4.9260986612,2.612940531,0
2026-01-01T06:15:00.000,10.6222784215,9.2758697363,1.6837942239,0
2026-01-01T06:30:00.000,4.8819281843,7.0177404433,4.9959594344,0
2026-01-01T06:45:00.000,6.7364470093,4.7596111502,8.2380288156,0
2026-01-01T07:00:00.000,8.5909658342,4.2707862923,11.4800981968,0
2026-01-01T07:15:00.000,10.4454846592,3.7819614345,4.6011373952,0
2026-01-01T07:30:00.000,6.1829591533,1.8649696121,7.9647198536,0
2026-01-01T07:45:00.000,1.9204336475,1.0267424482,6.7262536902,0
2026-01-01T08:00:00.000,0.9630924187000001,3.1698642196,5.4877875268,0
2026-01-01T08:15:00.000,13.0725220826,12.5611377246,9.7806702883,0
2026-01-01T08:30:00.000,2.1673923991,6.7555489938,12.0371473109,0
2026-01-01T08:45:00.000,0.9630924187000001,4.2967408276,0.9367334823000001,0
2026-01-01T09:00:00.000,3.2327629494,10.1048568364,13.4449509249,0
2026-01-01T09:15:00.000,9.1843303978,5.268424432,7.5378531567,0
2026-01-01T09:30:00.000,3.9008676563,4.1153060727,6.234553087,0
2026-01-01T09:45:00.000,2.7697694161,2.6751546367,10.2099583668,0
2026-01-01T10:00:00.000,6.2447936211,3.2904087030999998,5.5311597331,0
2026-01-01T10:15:00.000,5.3414323478,3.9056627696,9.1538366823,0
2026-01-01T10:30:00.000,1.5747920720000002,3.3788017405,7.5536176211,0
2026-01-01T10:45:00.000,4.6535420755,1.777592206,8.5278487188,0
2026-01-01T11:00:00.000,2.8936334528,0.8743680193000001,9.5020798165,0
2026-01-01T11:15:00.000,6.5681647085,10.4402004267,8.4354587962,0
2026-01-01T11:30:00.000,10.2426959641,5.4191632875,7.368837776,0
2026-01-01T11:45:00.000,1.3859869152,3.7206760973,8.0536717507,1
2026-01-01T12:00:00.000,7.4091031722,9.727857845599999,6.868314598,1
2026-01-01T12:15:00.000,3.3421756863,8.7617320835,3.4566303162,1
2026-01-01T12:30:00.000,5.6952731292,11.391634352,2.5120064722,1
2026-01-01T12:45:00.000,7.2753127052,6.2542120593,13.487340457,0
2026-01-01T13:00:00.000,9.0778409059,1.1167897666,1.9109849685,0
2026-01-01T13:15:00.000,4.5223500394,6.425005979,6.3930560565,0
2026-01-01T13:30:00.000,1.83224925,1.9388608063000001,6.3558929469,0
2026-01-01T13:45:00.000,4.1932368218,5.6512621561,6.3187298373,0
2026-01-01T14:00:00.000,6.5542243936,8.5911100292,6.6733660831,0
2026-01-01T14:15:00.000,3.9196687958,8.9832054095,5.6735161037,0
2026-01-01T14:30:00.000,0.9630924187000001,9.3753007899,5.8857007758,0
2026-01-01T14:45:00.000,1.8737985211,3.6934493334000003,0.9367334823000001,0
2026-01-01T15:00:00.000,10.4707288307,2.815526701,2.088894677,0
2026-01-01T15:15:00.000,8.2181718264,1.9376040686,1.8339401838,0
2026-01-01T15:30:00.000,5.9656148222,3.9061520509000003,3.8198786608,0
2026-01-01T15:45:00.000,6.4219780673999995,9.2371734791,2.7558691963,0
2026-01-01T16:00:00.000,1.6680365222,1.8292313816,5.7119094436,0
2026-01-01T16:15:00.000,13.0725220826,7.4266891659,1.2379058644,0
2026-01-01T16:30:00.000,6.3145072015,3.5924867728,1.5337443574,0
2026-01-01T16:45:00.000,4.5871179078,7.2101353673,12.5616549641,0
2026-01-01T17:00:00.000,2.8871890691,5.3021163738,9.8344038397,0
2026-01-01T17:15:00.000,6.7558287101,7.2128008849,7.1071527152,0
2026-01-01T17:30:00.000,7.9038776226,2.3877111424,12.7182317358,0
2026-01-01T17:45:00.000,6.1561880401,9.3482812713,4.1203643036,0
2026-01-01T18:00:00.000,8.4344815729,13.9932015833,3.2562786204,0
2026-01-01T18:15:00.000,3.3474425241,5.3480714229,2.6449233596,0
2026-01-01T18:30:00.000,8.0747192328,3.5881133955999998,8.8450554813,0
2026-01-01T18:45:00.000,5.0675293988,9.2429492079,6.3575007825,0
2026-01-01T19:00:00.000,5.0724779795,12.4546126895,3.8699460837,0
2026-01-01T19:15:00.000,1.3689335896000001,0.8743680193000001,8.828434338000001,0
2026-01-01T19:30:00.000,13.0725220826,7.4941726027,4.7374121037,0
2026-01-01T19:45:00.000,3.9153487385,9.8730884588,13.487340457,0
2026-01-01T20:00:00.000,11.775447243,12.2520043148,9.3962927274,0
2026-01-01T20:15:00.000,0.9630924187000001,6.025065378,1.4450065207,0
2026-01-01T20:30:00.000,6.7740094478,5.8244391073,7.2697108111,0
2026-01-01T20:45:00.000,11.4101260557,6.1953636708,7.9308081225,0
2026-01-01T21:00:00.000,9.714631738,6.0916478209000005,4.9962141422,0
2026-01-01T21:15:00.000,8.0191374203,4.3902731745,2.0616201619,0
2026-01-01T21:30:00.000,9.5449797058,2.6888985281,6.8819202583,0
2026-01-01T21:45:00.000,7.1418486488,0.9875238817,11.7022203547,0
2026-01-01T22:00:00.000,6.1472704647,11.6355428563,9.5085454215,0
2026-01-01T22:15:00.000,5.1526922806,3.6256320272,8.1975971861,0
2026-01-01T22:30:00.000,7.3442947235,7.246041054,6.8866489508,0
2026-01-01T22:45:00.000,4.1951971293,6.5651081555,1.7569842640000002,0
2026-01-01T23:00:00.000,1.7684870989,5.1757584981,7.1808893794,0
2026-01-01T23:15:00.000,2.2479392758,5.0561979043,4.4215730399,0
2026-01-01T23:30:00.000,2.7273914527,4.9366373105,11.6368966645,0
2026-01-01T23:45:00.000,3.2068436296,10.5445632219,11.5517653285,0
2026-01-02T00:00:00.000,1.3876963879,8.0155393996,3.7424228942,0
2026-01-02T00:15:00.000,13.0725220826,6.9611469876,3.6623749843,0
2026-01-02T00:30:00.000,8.9793080338,1.3936966343,3.5823270743,0
2026-01-02T00:45:00.000,8.5434781645,13.9932015833,2.6546122148,0
2026-01-02T01:00:00.000,8.1076482951,4.2612603131,0.9472333973,0
2026-01-02T01:15:00.000,5.8760903276,3.2471468494,8.0848060544,0
2026-01-02T01:30:00.000,4.5093120897,2.2330333858,5.2552159627,0
2026-01-02T01:45:00.000,13.0725220826,9.7387011895,11.6589810299,0
2026-01-02T02:00:00.000,9.4207812147,0.8743680193000001,5.8127698334,0
2026-01-02T02:15:00.000,0.9630924187000001,4.3390735691,10.270026294200001,0
2026-01-02T02:30:00.000,0.9630924187000001,8.2821893518,5.7241557843,0
2026-01-02T02:45:00.000,6.0302194032,4.1250529129,4.3635027447,0
2026-01-02T03:00:00.000,4.2706695993,5.7888327284,3.0028497052,0
2026-01-02T03:15:00.000,2.5111197954,7.452612544,13.487340457,0
2026-01-02T03:30:00.000,13.0725220826,13.9932015833,10.9424643175,0
2026-01-02T03:45:00.000,9.6760939959,3.7980441073,7.5715965751,0
2026-01-02T04:00:00.000,10.7393676303,13.9932015833,3.6106410525,0
2026-01-02T04:15:00.000,11.8026412646,8.5846878602,7.4265361291,0
2026-01-02T04:30:00.000,8.9670566675,0.8743680193000001,11.2424312057,0
2026-01-02T04:45:00.000,6.1314720705,1.6200846274,13.487340457,0
2026-01-02T05:00:00.000,3.2958874734,3.0969581961,13.487340457,0
2026-01-02T05:15:00.000,6.8575225902,7.2706428872,2.2363311273,0
2026-01-02T05:30:00.000,6.8875260020999995,11.4443275784,8.1443524936,0
2026-01-02T05:45:00.000,6.9175294140000005,1.978689003,2.614234698,0
2026-01-02T06:00:00.000,2.0122973878,4.4798754516,10.822972223,0
2026-01-02T06:15:00.000,2.823778792,7.6559157798,13.487340457,0
2026-01-02T06:30:00.000,3.6352601963,10.8319561081,11.823069302,0
2026-01-02T06:45:00.000,13.0725220826,7.1608426808,11.5117922739,0
2026-01-02T07:00:00.000,11.4314122376,5.2570169022,11.2005152457,0
2026-01-02T07:15:00.000,11.2538123094,3.3531911236,3.0201983431,0
2026-01-02T07:30:00.000,7.2606612417,4.6668756031,9.5236590028,0
2026-01-02T07:45:00.000,3.2675101739,5.9805600825,3.3850186503,0
2026-01-02T08:00:00.000,1.855786374,10.1438547566,7.2790883,0
2026-01-02T08:15:00.000,0.9630924187000001,13.3218478999,11.0493128719,0
2026-01-02T08:30:00.000,6.6712863505,13.8469048092,0.9406627710000001,0
2026-01-02T08:45:00.000,9.5827349477,7.1302132052000005,7.3492898405,0
2026-01-02T09:00:00.000,8.2736734146,7.8504137986,5.7200585157,0
2026-01-02T09:15:00.000,2.9571958122,13.9932015833,7.5376902704,0
2026-01-02T09:30:00.000,4.4368668748,11.8098566429,1.7318301002,0
2026-01-02T09:45:00.000,2.1920832172,9.1232869179,3.9885599702,0
2026-01-02T10:00:00.000,12.5377774774,6.4367171929,5.5754002761,0
2026-01-02T10:15:00.000,13.0725220826,7.4398496853000005,0.9367334823000001,0
2026-01-02T10:30:00.000,10.4469264439,10.1165849608,5.3133742425,0
2026-01-02T10:45:00.000,4.924924954,5.3996686028,4.2812575828,0
2026-01-02T11:00:00.000,7.9957689193,5.3137588119,3.734358936,0
2026-01-02T11:15:00.000,5.4479302523,13.9932015833,9.9117969999,0
2026-01-02T11:30:00.000,9.8870375243,8.7654159397,8.1911582039,0
2026-01-02T11:45:00.000,1.2161089735,3.1620245809,8.7279101841,0
2026-01-02T12:00:00.000,0.9630924187000001,4.0867315309,10.9050958231,0
2026-01-02T12:15:00.000,8.5295397305,6.7385422217,9.5995155481,0
2026-01-02T12:30:00.000,10.2531008722,9.3903529126,8.2939352732,0
2026-01-02T12:45:00.000,11.9766620138,12.0421636034,6.9883549982,0
2026-01-02T13:00:00.000,6.9673005582,13.9932015833,3.8065249686,0
2026-01-02T13:15:00.000,1.9579391026000001,10.3865523625,4.7101061942,0
2026-01-02T13:30:00.000,8.0434619444,6.0791304308,5.0940783248,0
2026-01-02T13:45:00.000,13.0725220826,3.7011937673,0.9367334823000001,0
2026-01-02T14:00:00.000,4.0645951982,7.185216392,5.9094263857,0
2026-01-02T14:15:00.000,10.7422684944,0.8743680193000001,7.8293508206,0
2026-01-02T14:30:00.000,4.1967563615,4.4488126594,13.028122012,0
2026-01-02T14:45:00.000,6.6031735522,5.1587843247,8.6846754603,0
2026-01-02T15:00:00.000,6.0070805047,5.8687559899,4.3412289086,0
2026-01-02T15:15:00.000,5.5708597348,13.9932015833,5.5543574669,0
2026-01-02T15:30:00.000,1.3330105456,9.7068588179,10.105321131,0
2026-01-02T15:45:00.000,2.364856358,6.2498517887,4.7356729354,0
2026-01-02T16:00:00.000,1.0538986207,3.270541047,5.7784055329,0
2026-01-02T16:15:00.000,7.4109419508,0.8743680193000001,6.8211381305,0
2026-01-02T16:30:00.000,1.872187875,6.6022607036,13.487340457,0
2026-01-02T16:45:00.000,3.6860660179,6.571472981,1.353981951,0
2026-01-02T17:00:00.000,12.8551129349,6.5406852585,4.2189991129,0
2026-01-02T17:15:00.000,4.0634538975,6.5098975359,7.0840162749,0
2026-01-02T17:30:00.000,11.3928786796,5.0660937826,9.9490334368,0
2026-01-02T17:45:00.000,11.5513007424,3.6222900293,9.8792870964,0
2026-01-02T18:00:00.000,7.4699675388,12.649419605,2.0008160584,0
2026-01-02T18:15:00.000,13.0725220826,2.9381898781,2.1239206557,0
2026-01-02T18:30:00.000,1.7040799035,7.1774459749,9.7267679752,0
2026-01-02T18:45:00.000,7.4457785437,11.4167020717,7.7056336062,0
2026-01-02T19:00:00.000,5.9540754063,7.1766833423,2.5579092266,0
2026-01-02T19:15:00.000,2.1082484325,3.5872290118,0.9367334823000001,0
2026-01-02T19:30:00.000,2.346420808,7.5699325884,0.9367334823000001,0
2026-01-02T19:45:00.000,2.5845931835,11.552636164900001,1.3636930113,0
2026-01-02T20:00:00.000,6.829466296,3.521890897,5.1151678272,0
2026-01-02T20:15:00.000,2.1425822501,1.8296588586,13.487340457,0
2026-01-02T20:30:00.000,5.3500087629,11.212303603,4.1365969791,0
2026-01-02T20:45:00.000,12.0319856826,5.2949378579,1.8551010063,0
2026-01-02T21:00:00.000,7.5768550453,1.424085508,8.4643495508,0
2026-01-02T21:15:00.000,4.2066024133,0.8743680193000001,0.9367334823000001,0
2026-01-02T21:30:00.000,13.0052637771,9.3528381877,11.8117393941,0
2026-01-02T21:45:00.000,3.8700409581,5.5480457743,12.2427424552,0
2026-01-02T22:00:00.000,11.5298665171,10.0809400132,11.4917631092,1
2026-01-02T22:15:00.000,13.0725220826,8.6908816471,10.7407837633,1
2026-01-02T22:30:00.000,7.5942863746,7.3008232809999996,9.9898044173,1
2026-01-02T22:45:00.000,1.7782016898,3.296494263,11.1268358309,1
2026-01-02T23:00:00.000,3.2503991212,8.4540718318,12.5148143248,1
2026-01-02T23:15:00.000,4.7225965525,11.9676645756,10.4625401892,1
2026-01-02T23:30:00.000,6.1947939839,6.6263839247,6.9458630582000005,1
2026-01-02T23:45:00.000,10.3699308018,3.3388154578,6.0078706036,1
2026-01-03T00:00:00.000,8.6007421449,2.075682936,0.9367334823000001,1
2026-01-03T00:15:00.000,6.831553488,10.779385284,8.1641808573,1
2026-01-03T00:30:00.000,7.5369017869,13.9932015833,10.3017570906,1
2026-01-03T00:45:00.000,8.2422500858,13.9932015833,11.4189616236,1
2026-01-03T01:00:00.000,8.947598384700001,11.552675707,8.60199654,1
2026-01-03T01:15:00.000,12.0099044159,9.909237488,13.487340457,1
2026-01-03T01:30:00.000,3.9389182221,4.5987523896999996,10.4083176982,1
2026-01-03T01:45:00.000,2.6127695014,13.9932015833,4.3803693377,1
2026-01-03T02:00:00.000,6.7223820674,12.595254390400001,2.8371565074,1
2026-01-03T02:15:00.000,8.1590520964,3.6805006631,2.9517138438,1
2026-01-03T02:30:00.000,4.8422471903,13.9932015833,13.487340457,1
2026-01-03T02:45:00.000,2.5916077549,7.6511525213,0.9367334823000001,1
2026-01-03T03:00:00.000,1.7507539347,1.7905399791,13.487340457,1
2026-01-03T03:15:00.000,0.9630924187000001,3.7314024995,10.6401077422,1
2026-01-03T03:30:00.000,1.8779853153000001,9.350411249,7.8748746956,1
2026-01-03T03:45:00.000,3.7121106662,9.3974264006,5.109641649,1
2026-01-03T04:00:00.000,2.7428833251,13.9932015833,3.0106628171,1
2026-01-03T04:15:00.000,1.773655984,0.8743680193000001,12.2686885666,1
2026-01-03T04:30:00.000,3.3736512121,13.9932015833,9.2243081744,1
2026-01-03T04:45:00.000,0.9630924187000001,13.9932015833,7.3108390135,1
2026-01-03T05:00:00.000,11.3489797204,13.5682052958,7.7482738096,1
2026-01-03T05:15:00.000,6.8614874883,7.2818054449,8.1857086057,1
2026-01-03T05:30:00.000,2.3739952563,13.5646141891,8.8729314021,1
2026-01-03T05:45:00.000,3.6181026344,11.159598033,2.9528750798,1
2026-01-03T06:00:00.000,9.904257704,9.8997455937,4.7691721674,1
2026-01-03T06:15:00.000,8.3801393297,10.4589240846,0.9367334823000001,1
2026-01-03T06:30:00.000,6.8560209555,13.9932015833,3.4578706881,1
2026-01-03T06:45:00.000,5.3319025812,3.5655307279,13.487340457,1
2026-01-03T07:00:00.000,3.7928969137,6.3375983786,1.9324346922000002,1
2026-01-03T07:15:00.000,2.1939485593,4.2054333396,7.3742679272,1
2026-01-03T07:30:00.000,0.9630924187000001,13.6545969761,7.8794817979000005,1
2026-01-03T07:45:00.000,2.9516213194,10.89605657,1.5099913396,1
2026-01-03T08:00:00.000,5.3082424339,12.1859657419,1.7461351727,1
2026-01-03T08:15:00.000,8.7256434131,9.6450144548,9.5760601963,1
2026-01-03T08:30:00.000,12.1430443922,4.1857732676,10.3551652805,1
2026-01-03T08:45:00.000,6.7850962931000005,3.6947625388,2.8672900917,1
2026-01-03T09:00:00.000,7.7341391389,3.20375181,9.3086014423,1
2026-01-03T09:15:00.000,4.899725783,6.1769054163,1.9082704751000001,1
2026-01-03T09:30:00.000,2.5430047236,11.4382467182,7.9095288879000005,1
2026-01-03T09:45:00.000,10.3080501009,8.1100900181,2.5086044319000003,1
2026-01-03T10:00:00.000,9.2979720284,13.9932015833,4.6930840783,1
2026-01-03T10:15:00.000,0.9630924187000001,10.213322958,8.1395290746,1
2026-01-03T10:30:00.000,6.8828415325000005,7.9114614396,2.6987716708000002,1
2026-01-03T10:45:00.000,6.0021357673,13.1863942322,1.781289203,1
2026-01-03T11:00:00.000,1.6764995467000001,3.3556569593,4.9435117856,1
2026-01-03T11:15:00.000,1.0367846875,8.545440974,9.7445996797,1
2026-01-03T11:30:00.000,0.9630924187000001,13.9932015833,11.3312130351,1
2026-01-03T11:45:00.000,7.8771789809,13.9204731753,11.3489838,1
2026-01-03T12:00:00.000,7.6774479288,9.0309680888,1.4023532410000001,1
2026-01-03T12:15:00.000,7.4777168766,7.6297622295,11.3518966746,0
2026-01-03T12:30:00.000,8.0469357006,3.6198104552,2.2478826928,0
2026-01-03T12:45:00.000,8.6642748561,10.0478755972,3.8408295409,0
2026-01-03T13:00:00.000,13.0725220826,8.7769524001,2.7415161893,0
2026-01-03T13:15:00.000,8.9695683105,4.3931028688,5.0403629534,0
2026-01-03T13:30:00.000,8.5592864674,3.0963271496,5.4812816909,0
2026-01-03T13:45:00.000,3.3887682503,0.9093680805000001,5.9222004283,0
2026-01-03T14:00:00.000,7.8492401759,11.8228808351,12.764644099,0
2026-01-03T14:15:00.000,12.1292659181,1.1224132927000001,10.8557103556,0
2026-01-03T14:30:00.000,0.9802520240000001,8.9404477617,8.9467766122,0
2026-01-03T14:45:00.000,2.076796055,3.5621899580000003,4.9582970869,0
2026-01-03T15:00:00.000,3.499992855,11.7555903894,13.487340457,0
2026-01-03T15:15:00.000,4.9231896551,13.9932015833,4.9825389705,0
2026-01-03T15:30:00.000,0.9826766293,10.7603357819,1.6037501343,0
2026-01-03T15:45:00.000,11.2467707219,9.0894195367,7.861052089,0
2026-01-03T16:00:00.000,10.8841663639,7.4185032914,5.5132529591,0
2026-01-03T16:15:00.000,10.5215620059,5.0199201858,3.1654538292,0
2026-01-03T16:30:00.000,6.0425651223,7.0954841211,1.6826004397,0
2026-01-03T16:45:00.000,3.773386921,9.1710480564,7.1518325684,0
2026-01-03T17:00:00.000,12.712276187,13.9932015833,3.7400836301,0
2026-01-03T17:15:00.000,8.6406817144,7.6092977688,0.9367334823000001,0
2026-01-03T17:30:00.000,10.0579662696,6.4240147862,11.94870248,0
2026-01-03T17:45:00.000,11.4752508247,6.5503991652,8.5998801647,0
2026-01-03T18:00:00.000,12.8816012492,4.8150079031,8.8648611047,0
2026-01-03T18:15:00.000,13.0725220826,6.3842910304,9.1298420446,0
2026-01-03T18:30:00.000,4.2576360789,6.3635699259,8.4279288813,0
2026-01-03T18:45:00.000,13.0725220826,6.3428488214,7.726015718,0
2026-01-03T19:00:00.000,13.0725220826,6.4185467367,7.0241025547,0
2026-01-03T19:15:00.000,2.9492882988,8.2561704769,3.2451277758,0
2026-01-03T19:30:00.000,5.013216599,8.3962711191,0.9367334823000001,0
2026-01-03T19:45:00.000,2.99577294,7.1090997661,7.2514241172,0
2026-01-03T20:00:00.000,5.6025154725,0.9560345126,11.499065795,0
2026-01-03T20:15:00.000,8.2092580049,13.9932015833,1.9958578433,0
2026-01-03T20:30:00.000,3.3318488259,12.44831204,13.2363727209,0
2026-01-03T20:45:00.000,5.9635275872,4.8914002858,4.9351678969,0
2026-01-03T21:00:00.000,13.0725220826,8.6763970128,7.2991830702,0
2026-01-03T21:15:00.000,3.3450953366,8.0974534569,1.6744625455,0
2026-01-03T21:30:00.000,5.5310800799,5.6300977775,7.2431317318,0
2026-01-03T21:45:00.000,9.8918875457,6.5953224211,6.0723120793,0
2026-01-03T22:00:00.000,11.5575793546,3.0353476098,6.1274904676,0
2026-01-03T22:15:00.000,13.0725220826,2.2189109168,0.9367334823000001,0
2026-01-03T22:30:00.000,5.6576915262,1.4024742237,0.9367334823000001,1
2026-01-03T22:45:00.000,3.5592897805,6.5886104855,13.0733887563,1
2026-01-03T23:00:00.000,4.1762040135,5.6716979078000005,7.0742151083,1
2026-01-03T23:15:00.000,7.1153070431,9.965710065,11.4239553735,1
2026-01-03T23:30:00.000,5.4618385792,5.2464212087,5.2195935975,1
2026-01-03T23:45:00.000,1.8565084829,0.8743680193000001,11.925759169500001,1
2026-01-04T00:00:00.000,2.9283296762,0.8743680193000001,9.9184479915,1
2026-01-04T00:15:00.000,4.0001508696,0.8743680193000001,12.9921649396,1
2026-01-04T00:30:00.000,3.7178771553,0.8743680193000001,7.1119080092,1
2026-01-04T00:45:00.000,3.4356034409,1.6412083722,1.8616069648,1
2026-01-04T01:00:00.000,3.1533297266,1.9613791612,7.9314642566,1
2026-01-04T01:15:00.000,2.8710560123,2.2815499503,13.487340457,1
2026-01-04T01:30:00.000,2.5887822979,2.6017207393,12.1336027777,1
2026-01-04T01:45:00.000,2.3065085836,5.5331676761,5.0675651206,1
2026-01-04T02:00:00.000,5.028878162,8.4646146128,5.1309610415,1
2026-01-04T02:15:00.000,6.0144950925,1.5881040877000001,13.487340457,1
2026-01-04T02:30:00.000,7.1956469204,1.7665159631,13.487340457,1
2026-01-04T02:45:00.000,6.6853531495,1.9449278385,2.0770107359,1
2026-01-04T03:00:00.000,4.432716189,2.1233397139,1.3963885973,1
2026-01-04T03:15:00.000,4.3180426381,1.4389306299,4.4218551647,1
2026-01-04T03:30:00.000,4.2033690873,12.7883694744,13.487340457,0
2026-01-04T03:45:00.000,1.151089592,11.4212688935,9.0041856802,0
2026-01-04T04:00:00.000,11.9423125216,10.0541683126,7.3637883033,0
2026-01-04T04:15:00.000,3.9041554663999998,1.5513486221,5.7233909263000005,0
2026-01-04T04:30:00.000,8.7204289082,7.3927711725,5.1123823613,0
2026-01-04T04:45:00.000,7.2964510697,11.2321380419,6.6701805035,0
2026-01-04T05:00:00.000,2.188561669,13.5120669608,3.3496922468,0
2026-01-04T05:15:00.000,9.3657388504,5.436808515,12.4889466029,0
2026-01-04T05:30:00.000,8.1800713997,3.1977792856000002,7.1541376104,0
2026-01-04T05:45:00.000,6.9944039490000005,4.0781893062,1.9829018236,0
2026-01-04T06:00:00.000,5.8087364984,4.9941425837,4.088953646,0
2026-01-04T06:15:00.000,4.6230690477,5.9100958613,6.5783898289,0
2026-01-04T06:30:00.000,8.8321904696,11.2913986735,7.2590561237,0
2026-01-04T06:45:00.000,13.0413118915,5.7684686081,7.9397224185,0
2026-01-04T07:00:00.000,13.0725220826,10.7737378586,4.5003231952,0
2026-01-04T07:15:00.000,13.0725220826,6.4629968363,13.487340457,0
2026-01-04T07:30:00.000,4.6454798782,2.272134038,9.120869848,0
2026-01-04T07:45:00.000,3.0763892127,1.0474143363,6.5184980903,0
2026-01-04T08:00:00.000,1.5072985472,8.3123840043,6.1552398699,0
2026-01-04T08:15:00.000,6.7869400372,4.5869800997,12.9462165376,0
2026-01-04T08:30:00.000,3.0303043777,13.4982164718,7.8923897551,0
2026-01-04T08:45:00.000,3.0992332566,11.886776482,4.470351964,0
2026-01-04T09:00:00.000,7.6986323621,10.2753364923,2.991400676,0
2026-01-04T09:15:00.000,1.6214649621000001,10.2659010171,1.5124493881,0
2026-01-04T09:30:00.000,9.3402922178,10.2564655419,9.996181845,0
2026-01-04T09:45:00.000,4.3786978733,10.2470300667,9.7491034461,0
2026-01-04T10:00:00.000,3.5551118892,6.8182521577,1.8845624933,0
2026-01-04T10:15:00.000,2.731525905,4.9836213406,3.8723072982,0
2026-01-04T10:30:00.000,13.0725220826,6.5819637522,5.8600521032,0
2026-01-04T10:45:00.000,8.1408916736,8.1803061639,5.1462207543,0
2026-01-04T11:00:00.000,2.6648033631,6.5835398269,4.4323894054,0
2026-01-04T11:15:00.000,3.3053084668,3.4812393803,3.6540446017,0
2026-01-04T11:30:00.000,12.8290001804,4.2106253943,2.8756997981,0
2026-01-04T11:45:00.000,13.0725220826,4.9400114082,10.0801486972,0
2026-01-04T12:00:00.000,5.2235355503,8.737659216299999,13.487340457,0
2026-01-04T12:15:00.000,2.7103329706,9.9539206672,6.9778630433,0
2026-01-04T12:30:00.000,5.0791570414,11.1701821182,4.1296733149,0
2026-01-04T12:45:00.000,4.1754699813,12.3864435691,8.2283017946,0
2026-01-04T13:00:00.000,5.1200658296,8.8632331479,1.6890976978,0
2026-01-04T13:15:00.000,6.0646616779,8.0867935567,9.0567045986,0
2026-01-04T13:30:00.000,3.7316863998,9.9976184568,3.3265833082,0
2026-01-04T13:45:00.000,11.6511270419,8.8743289859,3.2426443948,0
2026-01-04T14:00:00.000,3.8824574899,5.8091538034,1.9296214136,0
2026-01-04T14:15:00.000,7.6174046031,1.0214696193,6.7215245204,0
2026-01-04T14:30:00.000,11.6197942842,12.3916039309,6.2356619039,0
2026-01-04T14:45:00.000,11.3358653975,4.3917391616,5.7497992874,0
2026-01-04T15:00:00.000,9.2538522731,4.6315333834,5.2639366709,0
2026-01-04T15:15:00.000,0.9668506009000001,12.17895818,5.3793337260000005,0
2026-01-04T15:30:00.000,7.4999988648,10.3963580657,2.2993795843,0
2026-01-04T15:45:00.000,0.9630924187000001,8.6137579514,4.9407636336,0
2026-01-04T16:00:00.000,2.1447275596,7.7417875866,9.8999181346,0
2026-01-04T16:15:00.000,4.1148937829,1.1160315982,13.487340457,0
2026-01-04T16:30:00.000,9.6317795482,3.8086322595,0.9367334823000001,0
2026-01-04T16:45:00.000,1.3053768753,6.5012329208,2.6048014388,0
2026-01-04T17:00:00.000,4.0056760649,5.666794836,4.3777443853,0
2026-01-04T17:15:00.000,7.6160556422,0.8743680193000001,6.6833951813,0
2026-01-04T17:30:00.000,7.1801569651,8.6562929328,5.4670930419,0
2026-01-04T17:45:00.000,11.4467791678,5.6631657021,10.7778474655,0
2026-01-04T18:00:00.000,7.2460118694,9.6112742345,4.0377695362,0
2026-01-04T18:15:00.000,7.2351838135,9.1176170164,0.9367334823000001,0
2026-01-04T18:30:00.000,7.2243557576,6.9654765141,6.1913740733000004,0
2026-01-04T18:45:00.000,10.3868368681,13.0861840426,3.0507806762,0
2026-01-04T19:00:00.000,9.8897128481,7.5587203136,2.9456864616000002,0
2026-01-04T19:15:00.000,8.3011216136,0.8743680193000001,0.9367334823000001,0
2026-01-04T19:30:00.000,7.3060894949,1.8619873054,3.5465179111,0
2026-01-04T19:45:00.000,3.1579011358,11.5873685953,0.9367334823000001,0
2026-01-04T20:00:00.000,3.6932324862,9.2706120615,3.5600596763,0
2026-01-04T20:15:00.000,4.2285638365,13.9932015833,6.201230236,0
2026-01-04T20:30:00.000,3.0411480668,9.9202237141,8.8424007958,0
2026-01-04T20:45:00.000,9.348398746400001,2.6690150133,8.5671789513,0
2026-01-04T21:00:00.000,7.4463679772999996,4.7487655456,5.8548270821,0
2026-01-04T21:15:00.000,5.5443372081,4.3583468752,7.6144763642,0
2026-01-04T21:30:00.000,6.5059676105,3.9679282047,10.6537358077,0
2026-01-04T21:45:00.000,11.0581632063,2.4765949961000002,5.3606700278,0
2026-01-04T22:00:00.000,6.0672277005,1.9368167031999999,5.3810446085,0
2026-01-04T22:15:00.000,1.0762921947,10.259440827,5.4014191892,0
2026-01-04T22:30:00.000,5.6565439671,6.087270106,5.4217937699,0
2026-01-04T22:45:00.000,3.0083462519,10.6452272199,4.105509927,0
2026-01-04T23:00:00.000,2.0227641109,4.3765569878,1.7098419258000002,0
2026-01-04T23:15:00.000,11.8418646405,5.7306178606,2.3394392491,0
2026-01-04T23:30:00.000,8.5790810653,2.2651497495,1.5321654082,0
2026-01-04T23:45:00.000,11.7985877021,7.5562821436,0.9367334823000001,0
2026-01-05T00:00:00.000,10.5876556477,5.3289774355,1.2216119553,0
2026-01-05T00:15:00.000,9.3767235933,3.1016727274,3.5418592037,0
2026-01-05T00:30:00.000,13.0725220826,0.8743680193000001,3.4321583064,0
2026-01-05T00:45:00.000,8.9105979464,8.6266690683,3.0411045344,0
2026-01-05T01:00:00.000,7.0119020575,5.1992750981,2.3204286227,0
2026-01-05T01:15:00.000,7.0753107032,3.1974222355,1.5997527109,0
2026-01-05T01:30:00.000,3.3015155854,10.103038847,9.1764854644,0
2026-01-05T01:45:00.000,7.0088860628,7.8552964552,9.300837844,0
2026-01-05T02:00:00.000,5.7227814371,13.4062988899,5.4521943565,0
2026-01-05T02:15:00.000,3.9791197507,1.7948008056,3.6076706669,0
2026-01-05T02:30:00.000,2.2354580643,6.1010639864,13.02436472,0
2026-01-05T02:45:00.000,4.3688175825,10.4073271671,10.0552646492,0
2026-01-05T03:00:00.000,11.6438654832,7.6304234431,6.170184456,0
2026-01-05T03:15:00.000,7.1458793694,8.2387070394,0.9367334823000001,0
2026-01-05T03:30:00.000,7.7938614257,7.3542447848,10.7599551969,0
2026-01-05T03:45:00.000,8.437005759,9.8888746553,4.5221909003,0
2026-01-05T04:00:00.000,8.202741021,2.7046871032,1.0099365603,0
2026-01-05T04:15:00.000,5.4843967379,13.5180384786,12.2237595957,0
2026-01-05T04:30:00.000,10.5921337415,10.318702033,8.0719302918,0
2026-01-05T04:45:00.000,7.0657372143,7.1193655873,9.6114027934,0
2026-01-05T05:00:00.000,12.2625466622,3.9200291417,9.4572541721,0
2026-01-05T05:15:00.000,1.4308003781,6.8938555555,10.4465587809,0
2026-01-05T05:30:00.000,13.0725220826,9.8676819693,13.487340457,0
2026-01-05T05:45:00.000,12.0017785186,3.9532252530000003,6.1632991161,0
2026-01-05T06:00:00.000,9.2651131046,7.5699526555,1.1447549213000001,0
2026-01-05T06:15:00.000,6.6599836453,4.1560788002,4.5678038347,0
2026-01-05T06:30:00.000,4.054854186,5.0561126991,1.6347102781,0
2026-01-05T06:45:00.000,8.9342415023,6.2342979871,6.8627377596,0
2026-01-05T07:00:00.000,0.9630924187000001,13.5217262255,10.2749836895,0
2026-01-05T07:15:00.000,5.149027113,9.2390556228,9.5567136458,0
2026-01-05T07:30:00.000,6.3689249583,0.8743680193000001,8.4907978663,0
2026-01-05T07:45:00.000,11.1016397759,4.8353699016,9.4535457978,0
2026-01-05T08:00:00.000,1.5464291102,9.5974270136,9.3879233455,0
2026-01-05T08:15:00.000,11.5487757401,5.8455829181,0.9367334823000001,0
2026-01-05T08:30:00.000,5.1594731106,8.1603876579,4.3351099611,0
2026-01-05T08:45:00.000,7.1002375525,2.5572634487,10.6873073737,1
2026-01-05T09:00:00.000,0.9630924187000001,5.9396821052,0.9367334823000001,1
2026-01-05T09:15:00.000,10.2623104016,7.4872299816,8.8994305019,1
2026-01-05T09:30:00.000,6.6360903129,12.3901930941,10.3437155722,1
2026-01-05T09:45:00.000,8.166226671,5.8294326515,6.4665590894000005,1
2026-01-05T10:00:00.000,2.5501595561,7.1439944506,8.5645280133,1
2026-01-05T10:15:00.000,11.9528601017,8.4585562496,12.4839842356,1
2026-01-05T10:30:00.000,0.9630924187000001,9.7731180487,6.3374890379,1
2026-01-05T10:45:00.000,8.8470452521,0.8743680193000001,13.487340457,0
2026-01-05T11:00:00.000,11.9393596639,8.7558221268,6.5707175562,0
2026-01-05T11:15:00.000,4.0380651823000004,13.0758036602,13.487340457,0
2026-01-05T11:30:00.000,2.9890123701,7.3686702731,13.487340457,0
2026-01-05T11:45:00.000,1.9399595579,0.8743680193000001,2.8237331772000003,0
2026-01-05T12:00:00.000,6.7105827212,3.4986756979,7.9499501986,0
2026-01-05T12:15:00.000,2.8044643835,5.5273837173,7.1863787878,0
2026-01-05T12:30:00.000,12.2767459665,9.2724563115,6.4228073771,0
2026-01-05T12:45:00.000,2.4266497706,13.9932015833,11.7372921994,0
2026-01-05T13:00:00.000,1.2814512425,6.9365708614,8.7530469368,0
2026-01-05T13:15:00.000,7.7855622473,0.8743680193000001,5.7688016743,0
2026-01-05T13:30:00.000,7.0169268613,1.4272136474,8.834701194400001,0
2026-01-05T13:45:00.000,6.2482914753,2.4459889203,5.3695063196,0
2026-01-05T14:00:00.000,5.4796560893,4.9867318375,4.0998276504,0
2026-01-05T14:15:00.000,2.8166560981,7.5274747548,11.4982814302,0
2026-01-05T14:30:00.000,11.386453568,11.9765732128,4.9551554058,0
2026-01-05T14:45:00.000,11.4052287705,4.0569315584,4.732076082,0
2026-01-05T15:00:00.000,1.6975964814000002,2.7078083122,4.1173328922,0
2026-01-05T15:15:00.000,1.5983432248,13.0166762588,13.487340457,0
2026-01-05T15:30:00.000,2.8491092303,2.5890617195,2.0130155115,0
2026-01-05T15:45:00.000,4.0998752358,2.9348758195,1.2238506693,0
2026-01-05T16:00:00.000,13.0725220826,3.2806899194,10.8605535022,0
2026-01-05T16:15:00.000,10.8763646666,2.8276318993,8.1401562464,0
2026-01-05T16:30:00.000,2.9171184583,5.3589528152,6.1973142485,0
2026-01-05T16:45:00.000,11.2573512661,10.1667110693,4.2544722506,0
2026-01-05T17:00:00.000,6.7816417591,6.8382749002,13.3868616064,0
2026-01-05T17:15:00.000,6.4480708997,3.5098387311,4.4682047584,0
2026-01-05T17:30:00.000,2.2162450007,3.6390840477,5.223192058,0
2026-01-05T17:45:00.000,2.8622442793,5.9124642745,0.9367334823000001,0
2026-01-05T18:00:00.000,10.1567644914,8.1858445012,2.867159715,0
2026-01-05T18:15:00.000,9.8132735637,3.3263035391,13.487340457,0
2026-01-05T18:30:00.000,3.951153902,4.8871505267,8.4734652123,0
2026-01-05T18:45:00.000,3.3433515506,2.674923477,7.1960833913,0
2026-01-05T19:00:00.000,2.7355491992000003,3.823490847,5.9187015703,0
2026-01-05T19:15:00.000,2.1277468478,4.9720582169,4.6413197493,0
2026-01-05T19:30:00.000,10.3292356214,13.3843530431,1.2183909736,0
2026-01-05T19:45:00.000,7.4753358676,9.969798863,4.969045561,0
2026-01-05T20:00:00.000,4.7586242089,6.5552446828,6.9195010418,0
2026-01-05T20:15:00.000,0.9630924187000001,6.0791087573,9.3596514456,0
2026-01-05T20:30:00.000,4.3756492625,9.0431587131,0.9367334823000001,0
2026-01-05T20:45:00.000,2.7715437675,12.0072086689,2.8218890428,0
2026-01-05T21:00:00.000,6.5242991786,2.1468065262,2.8118703145,0
2026-01-05T21:15:00.000,7.8430352417,8.0429381174,2.8018515862,0
2026-01-05T21:30:00.000,8.5454734208,0.8743680193000001,7.9654547537,0
2026-01-05T21:45:00.000,5.8666812673,1.3459103664,5.6780544682,0
2026-01-05T22:00:00.000,4.000408664,5.9213424105,4.8064516357,0
2026-01-05T22:15:00.000,2.1341360606,3.7495380194,2.2764256511,0
2026-01-05T22:30:00.000,13.0725220826,3.6602791208000003,1.936806259,0
2026-01-05T22:45:00.000,13.0725220826,3.5710202222,1.8611083686,0
2026-01-05T23:00:00.000,13.0725220826,5.1271956954,1.7854104782,0
2026-01-05T23:15:00.000,8.2266548735,9.8595679793,13.487340457,0
2026-01-05T23:30:00.000,0.9630924187000001,5.3037090312,4.320458336,0
2026-01-05T23:45:00.000,11.108184423299999,0.8743680193000001,6.2215356469,0
2026-01-06T00:00:00.000,1.1870063751,8.0866848927,2.3657222495,0
2026-01-06T00:15:00.000,2.9071555585,6.0669617392,5.8258769356,0
2026-01-06T00:30:00.000,3.4941973181,4.0472385858,3.6921188211000002,0
2026-01-06T00:45:00.000,8.2606172108,2.0275154323,2.9132149299,0
2026-01-06T01:00:00.000,7.67057891,12.5703411827,2.1343110387,0
2026-01-06T01:15:00.000,9.4677090451,10.8683472344,8.4352298886,0
2026-01-06T01:30:00.000,11.2648391801,9.1663532861,5.7072689894,0
2026-01-06T01:45:00.000,3.3457459742,8.4316112304,4.9616984906,0
2026-01-06T02:00:00.000,0.9630924187000001,5.9007339442,3.0871473178,0
2026-01-06T02:15:00.000,4.3545471172,3.369856658,1.212596145,0
2026-01-06T02:30:00.000,3.2081233223,9.6924601476,0.9367334823000001,0
2026-01-06T02:45:00.000,3.0695394037,3.8569464885,3.4223322398000002,0
2026-01-06T03:00:00.000,5.1133450755,6.1442234156,7.4154411334,0
2026-01-06T03:15:00.000,7.1571507473,8.4794770536,2.6199014414,0
2026-01-06T03:30:00.000,2.2635988587,10.8147306916,4.3709711694,0
2026-01-06T03:45:00.000,6.2259772232,5.1205105228,6.1562383277,0
2026-01-06T04:00:00.000,4.5700591852,8.5706907707,3.7201781357,0
2026-01-06T04:15:00.000,2.9141411472,12.0208710187,4.1401551703,0
2026-01-06T04:30:00.000,4.7894367708,8.1815898759,4.5601322049,0
2026-01-06T04:45:00.000,13.0725220826,4.3423087332,9.6421762648,0
2026-01-06T05:00:00.000,11.8115736094,0.8743680193000001,4.0255456154,0
2026-01-06T05:15:00.000,5.6870149143,0.8743680193000001,0.9367334823000001,0
2026-01-06T05:30:00.000,0.9630924187000001,0.8743680193000001,1.3723632380000002,0
2026-01-06T05:45:00.000,0.9630924187000001,5.080838075,10.1526893148,0
2026-01-06T06:00:00.000,5.2179202285,4.479743013,10.3200072111,0
2026-01-06T06:15:00.000,5.4448413209,3.878647951,0.9367334823000001,0
2026-01-06T06:30:00.000,13.0725220826,6.5778727522,2.0068251552,0
2026-01-06T06:45:00.000,5.7061176261,6.8492618623,3.7840186266,0
2026-01-06T07:00:00.000,11.3819369061,7.1206509724,7.2653780954,0
2026-01-06T07:15:00.000,8.3406441536,6.3530765365,6.6283028459,0
2026-01-06T07:30:00.000,2.1926805323,3.9291241307,1.6363867997,0
2026-01-06T07:45:00.000,3.0702664044,2.7622825133,1.4475276379,0
2026-01-06T08:00:00.000,10.593080833,1.1999564745,1.2586684762,0
2026-01-06T08:15:00.000,1.6432383073999999,0.8743680193000001,1.5726441399,0
2026-01-06T08:30:00.000,2.4366786992,9.2837270232,11.7609197096,0
2026-01-06T08:45:00.000,5.1647825905,5.383151391,9.0172260922,0
2026-01-06T09:00:00.000,6.5193129837,1.4825757587,8.423257092,0
2026-01-06T09:15:00.000,5.8769647795,10.2968121695,13.487340457,0
2026-01-06T09:30:00.000,10.2480499979,7.9620077933,13.487340457,0
2026-01-06T09:45:00.000,7.900932587,6.6049682606,9.1733647534,0
2026-01-06T10:00:00.000,6.3695390068,6.1781791028,6.8617914988,0
2026-01-06T10:15:00.000,3.0963028809,8.3918107682,0.9367334823000001,0
2026-01-06T10:30:00.000,0.9775846397000001,2.9224491233,1.9211360916,0
2026-01-06T10:45:00.000,12.2859705878,7.2328788915,10.624179335600001,0
2026-01-06T11:00:00.000,3.459494176,2.6442648662,0.9367334823000001,0
2026-01-06T11:15:00.000,1.729747088,10.7773996337,0.9367334823000001,0
2026-01-06T11:30:00.000,7.6772620134,12.2224822492,1.9006486672,0
2026-01-06T11:45:00.000,13.0725220826,13.9932015833,2.0283685873,0
2026-01-06T12:00:00.000,10.5685924365,8.1619125008,6.081013591,0
2026-01-06T12:15:00.000,7.5124079341000005,8.1853677659,4.922054845,0
2026-01-06T12:30:00.000,6.6741046948000005,8.2088230311,6.4090734984,0
2026-01-06T12:45:00.000,1.1209622216,9.0828355875,7.8960921518,0
2026-01-06T13:00:00.000,3.8169578904,9.9568481439,7.4613650389,0
2026-01-06T13:15:00.000,9.0393490011,8.0799556133,4.9312937879,0
2026-01-06T13:30:00.000,6.3971348536,6.3427920678,0.9367334823000001,0
2026-01-06T13:45:00.000,3.7549207062,6.3146744466,2.9892771744,0
2026-01-06T14:00:00.000,5.3000940739,6.2865568255,5.391937769,0
2026-01-06T14:15:00.000,6.8452674416,6.2452324544,13.487340457,0
2026-01-06T14:30:00.000,3.1243921359,9.4704435224,8.3806677414,0
2026-01-06T14:45:00.000,3.9630111751,9.7861284694,10.8014750941,0
2026-01-06T15:00:00.000,4.8016302142,2.8583669746,3.6705629196,0
2026-01-06T15:15:00.000,5.6402492534,6.829148603,8.191228835,0
2026-01-06T15:30:00.000,4.7941456535,7.2937109177,13.487340457,0
2026-01-06T15:45:00.000,9.4032661426,8.2405598947,13.487340457,0
2026-01-06T16:00:00.000,8.71374907,4.1338695949,8.4955913978,0
2026-01-06T16:15:00.000,2.051894814,12.4685544568,0.9367334823000001,0
2026-01-06T16:30:00.000,1.5397977503,11.1704516378,10.3724752076,0
2026-01-06T16:45:00.000,7.9025330845,1.0066198966,3.7738518696,0
2026-01-06T17:00:00.000,8.768435695299999,2.7214419531000003,2.7230566911,0
2026-01-06T17:15:00.000,9.6343383061,4.4362640095,4.4701025647,0
2026-01-06T17:30:00.000,4.3063403445,10.4260545218,5.1731748439,0
2026-01-06T17:45:00.000,13.0725220826,1.2798356135,6.2849148003,0
2026-01-06T18:00:00.000,1.9988632835,8.7104397495,1.9450069419,0
2026-01-06T18:15:00.000,4.2471575104,4.7400072904,12.4454578782,0
2026-01-06T18:30:00.000,8.6454596635,9.4244765529,1.6167814297,0
2026-01-06T18:45:00.000,6.8479816389,4.1478958457,2.9707533417,0
2026-01-06T19:00:00.000,5.0505036142,4.1432223118,2.4914871865,0
2026-01-06T19:15:00.000,11.2729641509,2.1067787827,6.5624498345,0
2026-01-06T19:30:00.000,7.8041035838,2.1284963351,0.9367334823000001,0
2026-01-06T19:45:00.000,0.9630924187000001,3.1852098872,13.0558560505,0
2026-01-06T20:00:00.000,4.0458484673,4.2419234393,13.487340457,0
2026-01-06T20:15:00.000,11.1764728711,3.0246948746,2.0054885003,0
2026-01-06T20:30:00.000,5.0346562027,1.9070864631000002,6.8746693495,0
2026-01-06T20:45:00.000,3.4306601035,0.8743680193000001,11.7438501986,0
2026-01-06T21:00:00.000,1.8266640042,5.8831082225,1.4831954170000001,0
2026-01-06T21:15:00.000,3.6533280084,5.9077196999,3.4651823659,0
2026-01-06T21:30:00.000,6.991194196,5.9323311772,3.0371739291,0
2026-01-06T21:45:00.000,5.6290002542,2.8825726601,7.571831537,0
2026-01-06T22:00:00.000,4.2668063124,6.3590543386,0.9367334823000001,0
2026-01-06T22:15:00.000,2.9046123705999998,3.8110750801,1.8815562524,0
2026-01-06T22:30:00.000,5.5463439105,1.7879607743,3.2637941034,0
2026-01-06T22:45:00.000,7.9769852692,13.9932015833,13.487340457,0
2026-01-06T23:00:00.000,1.2384911491000001,0.8743680193000001,12.3258160124,0
2026-01-06T23:15:00.000,3.096223182,2.431148621,7.2358679416000005,0
2026-01-06T23:30:00.000,4.9539552149,4.2123005987,11.2985113842,0
2026-01-06T23:45:00.000,5.9595642465,5.9934525763,9.8149367632,0
2026-01-07T00:00:00.000,6.965173278,8.2746326882,8.3313621423,0
2026-01-07T00:15:00.000,8.3200052386,5.6129342950000005,6.8477875213,0
2026-01-07T00:30:00.000,9.3469646748,7.9788639111,5.3642129004,0
2026-01-07T00:45:00.000,7.928555434,3.8748419028,9.2705661947,0
2026-01-07T01:00:00.000,6.5101461932,13.0745914854,3.6276377503,0
2026-01-07T01:15:00.000,2.5942366663,7.7904771353,3.6852546988,0
2026-01-07T01:30:00.000,12.5145957585,0.8743680193000001,5.9862828724,0
2026-01-07T01:45:00.000,6.0265994194,7.5693385044,1.3142642063,0
2026-01-07T02:00:00.000,13.0725220826,5.1524938189,6.0318539821,0
2026-01-07T02:15:00.000,3.3127714993,1.1299666085,5.3948423136,0
2026-01-07T02:30:00.000,3.9756586744,0.8743680193000001,3.2165708805,0
2026-01-07T02:45:00.000,10.7260975766,2.2236490242,2.1812169966,0
2026-01-07T03:00:00.000,8.4189557586,9.9016032319,1.8093598772,0
2026-01-07T03:15:00.000,2.3085104216,9.5952254205,4.5824872171,0
2026-01-07T03:30:00.000,2.7389846496,7.8987644595,6.3801231992,0
2026-01-07T03:45:00.000,11.175215391,6.2023034985,5.7648219948,0
2026-01-07T04:00:00.000,7.2984608448,4.5058425374999995,5.1495207903,0
2026-01-07T04:15:00.000,9.4953993361,4.0632075623,7.8818985343,0
2026-01-07T04:30:00.000,6.297934346,5.649947464,7.0394801383,0
2026-01-07T04:45:00.000,10.5398682149,8.2055241223,6.8411337768,0
2026-01-07T05:00:00.000,1.9095347431,9.5241605952,5.4081956524,0
2026-01-07T05:15:00.000,3.8769693726,10.842797068,6.9844282962,0
2026-01-07T05:30:00.000,4.9656439467,13.9932015833,5.5111411595,0
2026-01-07T05:45:00.000,5.9880821426,1.7620863976,12.1802989238,0
2026-01-07T06:00:00.000,0.9630924187000001,0.8810431988,7.809462363,0
2026-01-07T06:15:00.000,5.0150073395,5.6713381357,13.3224170869,0
2026-01-07T06:30:00.000,7.3353997141,10.4616330725,10.6524031034,0
2026-01-07T06:45:00.000,9.6557920886,7.1602103433,7.9823891199,0
2026-01-07T07:00:00.000,4.4599021125,1.4753254098,6.0736959439,0
2026-01-07T07:15:00.000,5.3780075803,6.0388150336,4.165002768,0
2026-01-07T07:30:00.000,6.7475074758,10.9330815855,2.256309592,0
2026-01-07T07:45:00.000,6.1989212206,3.1134828976,8.8737543614,0
2026-01-07T08:00:00.000,5.6503349653,2.6368473535,10.3604846059,0
2026-01-07T08:15:00.000,1.2060386799,5.6866772116,2.4079001322,0
2026-01-07T08:30:00.000,1.1246566591,9.4010633666,2.912187468,0
2026-01-07T08:45:00.000,1.5476929804,0.8743680193000001,3.4164748038,0
2026-01-07T09:00:00.000,6.632670891,3.7696652906,7.7912948804,0
2026-01-07T09:15:00.000,11.7176488016,7.1885686232,12.1661149571,0
2026-01-07T09:30:00.000,0.9630924187000001,5.8224280467,6.9561703411,0
2026-01-07T09:45:00.000,0.9630924187000001,7.9404426611000005,4.6366077371,0
2026-01-07T10:00:00.000,2.3074473348,10.0584572755,8.9272584189,0
2026-01-07T10:15:00.000,4.2560122992,12.1764718899,8.7641350783,0
2026-01-07T10:30:00.000,11.8939479943,12.4408301529,8.6010117377,0
2026-01-07T10:45:00.000,7.0022726021,8.7782031346,7.5816685754,0
2026-01-07T11:00:00.000,0.9630924187000001,8.1955430217,6.562325413,0
2026-01-07T11:15:00.000,3.3270008074,2.5225022602,5.5429822507,0
2026-01-07T11:30:00.000,5.8399657818,4.1933561046,11.6870259998,0
2026-01-07T11:45:00.000,10.0214148587,5.864209949,6.2713061989,0
2026-01-07T12:00:00.000,1.5818048374,2.8607564722000003,0.9367334823000001,0
2026-01-07T12:15:00.000,1.8000239947,5.1836739517,4.0509586665,0
2026-01-07T12:30:00.000,2.0182431519,7.5065914311,1.0926514572000001,1
2026-01-07T12:45:00.000,3.1836690065,9.2961710431,12.4328075408,1
2026-01-07T13:00:00.000,8.5070874672,7.3717883954,8.0589421003,1
2026-01-07T13:15:00.000,11.528077266,5.4474057477,10.2648773858,1
2026-01-07T13:30:00.000,4.5218960402,4.3217340916,12.4708126714,0
2026-01-07T13:45:00.000,3.7128806602,2.4731369501,0.9367334823000001,0
2026-01-07T14:00:00.000,2.9038652802,0.8743680193000001,10.6025707849,0
2026-01-07T14:15:00.000,7.9439712568,8.2610303474,9.5813162503,0
2026-01-07T14:30:00.000,6.2779283622,2.9902688477,11.8838966591,0
2026-01-07T14:45:00.000,8.1358599616,2.5541286569,6.7836260343,0
2026-01-07T15:00:00.000,4.6331083348,2.1179884662,5.0925544923,0
2026-01-07T15:15:00.000,3.0110292355,10.3843989251,3.4014829504,0
2026-01-07T15:30:00.000,5.3333611553,6.2527258973,1.7104114084000002,0
2026-01-07T15:45:00.000,11.286910888,7.6346071131,1.742741869,0
2026-01-07T16:00:00.000,8.2935445547,9.0164883289,1.7750723296,0
2026-01-07T16:15:00.000,5.3001782214,10.8887204596,1.8074027902,0
2026-01-07T16:30:00.000,2.1604653551,11.6503792616,3.4256994071999998,0
2026-01-07T16:45:00.000,6.6766039061,3.493559652,2.1445348766,0
2026-01-07T17:00:00.000,6.9468920002,2.3617387775,5.1973715348,0
2026-01-07T17:15:00.000,7.2171800943,8.5261322447,11.6182282532,0
2026-01-07T17:30:00.000,7.6601304748,13.9932015833,6.9412478196,0
2026-01-07T17:45:00.000,8.957650407,6.9134674624,8.664378005,0
2026-01-07T18:00:00.000,11.2335578588,3.647825862,2.9728867865,0
2026-01-07T18:15:00.000,6.5651821149,9.8852926289,4.3573974268,0
2026-01-07T18:30:00.000,11.8259996511,6.4449252297,5.7419080672,0
2026-01-07T18:45:00.000,7.6441768007,3.0045578306,2.7491317848,0
2026-01-07T19:00:00.000,3.4623539503,10.3784989917,3.1043534659,0
2026-01-07T19:15:00.000,3.8754865061,10.3742963027,7.5306645692,0
2026-01-07T19:30:00.000,4.6213580763,5.7304049192,1.8133798688,0
2026-01-07T19:45:00.000,5.3672296465,1.0865135357,8.5934994378,0
2026-01-07T20:00:00.000,6.1131012167,1.8625200264,2.8668429704,0
2026-01-07T20:15:00.000,7.901081893,2.7552359374,1.9433309471,0
2026-01-07T20:30:00.000,0.9630924187000001,3.6479518483,2.1699581871999998,0
2026-01-07T20:45:00.000,6.3521882901,4.5406677593,4.5478642764,0
2026-01-07T21:00:00.000,4.1249938016,10.9027859223,6.9257703657,0
2026-01-07T21:15:00.000,1.8977993131000002,7.8524359472,7.2890430044,0
2026-01-07T21:30:00.000,12.6709542401,4.802085972,8.3138302534,0
2026-01-07T21:45:00.000,8.1080890775,5.6520834454,2.1760266994,0
2026-01-07T22:00:00.000,3.5452239149,2.9401588862,3.5896730227,0
2026-01-07T22:15:00.000,1.3041555326,3.522010428,4.0138581736,0
2026-01-07T22:30:00.000,1.6351212652,13.9932015833,4.4380433244,0
2026-01-07T22:45:00.000,2.0717494342,11.3844916825,4.8622284753,0
2026-01-07T23:00:00.000,2.5083776032,7.5275993728,6.8919707600999995,0
2026-01-07T23:15:00.000,11.0882590785,9.8010904773,8.9217130449,0
2026-01-07T23:30:00.000,3.6258475936,9.4410698789,5.946689587,0
2026-01-07T23:45:00.000,2.8824755158,7.5796678255,6.6886742808,0
2026-01-08T00:00:00.000,5.5547192892,9.7756025943,1.2665406475,0
2026-01-08T00:15:00.000,8.2269630625,11.971537363,1.1042408413,0
2026-01-08T00:30:00.000,2.728526278,13.9932015833,6.6589922355,1
2026-01-08T00:45:00.000,6.5067773208,4.2624452785999996,3.8422331816,1
2026-01-08T01:00:00.000,10.2850283635,9.8001358223,3.3986224416,1
2026-01-08T01:15:00.000,3.6685031732,12.7456523495,5.7664405489,0
2026-01-08T01:30:00.000,10.2530974166,1.1822399425,3.891737782,0
2026-01-08T01:45:00.000,3.6675416243,9.3030856419,6.0780997672,0
2026-01-08T02:00:00.000,5.5766946006,8.7531832446,8.2644617523,0
2026-01-08T02:15:00.000,5.1822792571,8.2032808472,5.4541746128,0
2026-01-08T02:30:00.000,4.7878639136,7.6533784499,0.9367334823000001,0
2026-01-08T02:45:00.000,2.6442599096,7.1034760526,7.3668259365,0
2026-01-08T03:00:00.000,5.9696326186,9.1324578835,9.7821162875,0
2026-01-08T03:15:00.000,7.4841941691,9.2706144493,12.1974066384,0
2026-01-08T03:30:00.000,13.0725220826,7.6443043067000005,8.1107989215,0
2026-01-08T03:45:00.000,8.5192632936,0.8743680193000001,5.6090409317,0
2026-01-08T04:00:00.000,7.7848552898,3.2750983898,3.107282942,0
2026-01-08T04:15:00.000,7.0504472859,1.7194944766,0.9367334823000001,0
2026-01-08T04:30:00.000,4.7601712029000005,11.1033351025,3.7770774002,0
2026-01-08T04:45:00.000,7.8644893554,5.4660685151,9.6072438258,0
2026-01-08T05:00:00.000,10.9688075078,5.5542736732,4.8199523842000005,0
2026-01-08T05:15:00.000,13.0725220826,12.879810803,0.9367334823000001,0
2026-01-08T05:30:00.000,0.9630924187000001,0.8743680193000001,5.9686114061,0
2026-01-08T05:45:00.000,6.6639756506,6.6093145262,6.4160301821,0
2026-01-08T06:00:00.000,12.4045358681,13.9932015833,5.485874767,0
2026-01-08T06:15:00.000,10.0800424671,5.0638899015,6.7888483556,0
2026-01-08T06:30:00.000,7.189602688,4.250641383,8.0918219442,0
2026-01-08T06:45:00.000,10.7960699731,3.4373928645,5.8593558733,0
2026-01-08T07:00:00.000,1.6537930996,7.1390156611,0.9367334823000001,0
2026-01-08T07:15:00.000,5.9785530535,5.4863154926,1.8970318802000001,0
2026-01-08T07:30:00.000,4.6179661365,0.8743680193000001,11.3948830875,0
2026-01-08T07:45:00.000,3.6340336958,2.3701387681,4.4893691182,0
2026-01-08T08:00:00.000,2.6501012552,13.9932015833,5.2010211248000005,0
2026-01-08T08:15:00.000,5.5342799702,7.8637050161,3.2934068949,0
2026-01-08T08:30:00.000,1.2169126909,2.675729114,10.0599287571,0
2026-01-08T08:45:00.000,5.5184823860000005,13.9930298757,3.6104402135,0
2026-01-08T09:00:00.000,9.456829624000001,1.1292740414,2.0289451426,0
2026-01-08T09:15:00.000,2.014139516,1.6140268837,8.2022471529,0
2026-01-08T09:30:00.000,2.0056264747,2.098779726,13.1407610379,0
2026-01-08T09:45:00.000,1.9971134334,2.5835325683,6.9272571648,0
2026-01-08T10:00:00.000,1.699666583,0.9197113932000001,8.961910789400001,0
2026-01-08T10:15:00.000,7.6449120838999995,0.8743680193000001,11.1839124609,0
2026-01-08T10:30:00.000,3.6057845780999997,5.1846517257,7.7577696111000005,0
2026-01-08T10:45:00.000,1.7396658874000002,7.7002066274,4.0219583035,0
2026-01-08T11:00:00.000,7.3633042152,10.2157615291,9.2942683665,0
2026-01-08T11:15:00.000,4.4872000484,1.6165344795,5.5677070694,0
2026-01-08T11:30:00.000,1.6110958815,2.4640757078,5.7088623289000004,0
2026-01-08T11:45:00.000,5.8517630156,9.0733664137,10.9296519836,0
2026-01-08T12:00:00.000,3.2370808645,2.1847545076,8.9010799542,0
2026-01-08T12:15:00.000,0.9630924187000001,6.1336442235,12.055129566,0
2026-01-08T12:30:00.000,0.9630924187000001,2.7872636257,6.6965860633,0
2026-01-08T12:45:00.000,2.1542712465,9.5457133996,2.4668158704,0
2026-01-08T13:00:00.000,1.3142952884999999,13.9932015833,1.1002645721,0
2026-01-08T13:15:00.000,0.9630924187000001,6.1475985223,4.6397401491,0
2026-01-08T13:30:00.000,6.8738148365,8.4655147307,3.5338187609,0
2026-01-08T13:45:00.000,5.3503784903,13.9932015833,6.2033734261,0
2026-01-08T14:00:00.000,3.8269421442000002,8.2936439431,8.8729280914,0
2026-01-08T14:15:00.000,13.0725220826,4.6519428446,2.2852260936,0
2026-01-08T14:30:00.000,4.6844030421,13.9932015833,13.487340457,0
2026-01-08T14:45:00.000,8.1871932491,3.8892517793,1.1374248603,0
2026-01-08T15:00:00.000,2.6544061696,3.8887138824000003,10.6159294109,0
2026-01-08T15:15:00.000,8.333255215,2.5447778213,5.4186583304,0
2026-01-08T15:30:00.000,5.5995426403,1.2008417601999999,6.7640305201,0
2026-01-08T15:45:00.000,2.8658300656,5.9212773708,4.2393345483000004,0
2026-01-08T16:00:00.000,4.4387069092,3.6448360925000003,8.3007019663,0
2026-01-08T16:15:00.000,11.0651322588,1.3683948142,6.9105993578,0
2026-01-08T16:30:00.000,11.6801108845,6.5995447345,11.2797888804,0
2026-01-08T16:45:00.000,1.3320798934,7.170488015,5.6019980219,0
2026-01-08T17:00:00.000,3.0616786409,5.2799331126,4.4301952535,0
2026-01-08T17:15:00.000,4.7912773883,7.6326993796,3.954508002,0
2026-01-08T17:30:00.000,1.5475579905,7.2974551761,3.4788207506,0
2026-01-08T17:45:00.000,12.8457820961,6.069625092,10.6179224334,0
2026-01-08T18:00:00.000,2.0062178185,4.3220069936,4.5439439809,0
2026-01-08T18:15:00.000,0.9630924187000001,4.5682853707,13.487340457,0
2026-01-08T18:30:00.000,4.5923192631,9.908513904,13.0592422134,0
2026-01-08T18:45:00.000,5.7251430193,13.9932015833,2.1401414227,0
2026-01-08T19:00:00.000,1.5071353105,6.5995240594,8.3851399278,0
2026-01-08T19:15:00.000,4.2880484565,3.7650275076,10.2731492671,0
2026-01-08T19:30:00.000,7.0689616024,4.9416372587,8.2913286356,0
2026-01-08T19:45:00.000,10.1644226996,6.1182470097,8.2742260701,0
2026-01-08T20:00:00.000,6.9370767462,7.0663135973,8.6850226941,0
2026-01-08T20:15:00.000,3.7097307929000003,13.9932015833,9.0958193181,0
2026-01-08T20:30:00.000,3.4652938177,3.0461793442,7.7293209102,0
2026-01-08T20:45:00.000,11.027972766,0.8743680193000001,6.1317724165,0
2026-01-08T21:00:00.000,3.2885405991,13.9932015833,4.5342239228,0
2026-01-08T21:15:00.000,2.7305585156000003,2.8984636276,2.9366754291,0
2026-01-08T21:30:00.000,13.0725220826,10.5609270235,2.7823758169,0
2026-01-08T21:45:00.000,2.9089627062,8.8190430016,13.487340457,0
2026-01-08T22:00:00.000,8.335759551,0.8743680193000001,2.4822163451,0
2026-01-08T22:15:00.000,7.1966032677,2.3172326341,2.6308488099,0
2026-01-08T22:30:00.000,6.0574469843,4.3432250672,9.0811112605,0
2026-01-08T22:45:00.000,5.9267764946,6.7428069971,2.4595189278,0
2026-01-08T23:00:00.000,5.7961060049,0.8974254807000001,5.294660695,0
2026-01-08T23:15:00.000,3.6668982978,11.5172439218,10.9317491469,0
2026-01-08T23:30:00.000,6.5043983865,9.3293546259,4.966541097,0
2026-01-08T23:45:00.000,6.5191619146,7.14146533,10.08580417,0
2026-01-09T00:00:00.000,6.5339254426,4.6046210897,3.0899959561,0
2026-01-09T00:15:00.000,6.5486889707,2.0677768493,10.0993155807,0
2026-01-09T00:30:00.000,6.0404181281,2.9811515032,7.3471403365,0
2026-01-09T00:45:00.000,5.5321472855,5.2924915588,1.5279394904,0
2026-01-09T01:00:00.000,8.6609040849,7.6038316145,4.680732753,0
2026-01-09T01:15:00.000,2.7943021726,1.7799867739000002,7.8335260155,0
2026-01-09T01:30:00.000,1.4249224815,13.9932015833,10.9863192781,0
2026-01-09T01:45:00.000,3.4848519205,5.7350674704,6.3783609206000005,0
2026-01-09T02:00:00.000,3.1934853279,10.2134883216,1.9966836768,0
2026-01-09T02:15:00.000,2.9021187353,5.0611061377,13.2112386093,0
2026-01-09T02:30:00.000,7.4122738539,7.0739389064000004,5.4306309458,0
2026-01-09T02:45:00.000,6.375359713,7.3940942051,4.4261895561,0
2026-01-09T03:00:00.000,9.9325316794,7.7142495037,11.7776855987,0
2026-01-09T03:15:00.000,13.0725220826,6.9871793031,9.8768573869,0
2026-01-09T03:30:00.000,1.8211246554,6.2601091024,11.4545521885,0
2026-01-09T03:45:00.000,9.616614754,7.5068620943,10.4987720293,0
2026-01-09T04:00:00.000,6.0201214169,12.0127012504,9.5429918701,0
2026-01-09T04:15:00.000,5.6998705113,4.2153715703,2.5847844249,0
2026-01-09T04:30:00.000,11.0649434626,13.2815248062,4.4576337123,0
2026-01-09T04:45:00.000,2.2626804865,2.5301640022000003,1.3918549414,0
2026-01-09T05:00:00.000,4.4662469638,6.5612949241,9.7992329168,0
2026-01-09T05:15:00.000,6.6698134412,8.0249687687,4.7628895688,0
2026-01-09T05:30:00.000,7.1797528056,8.3042874491,11.9563423842,0
2026-01-09T05:45:00.000,2.6865354601,8.5836061294,2.7900840983,0
2026-01-09T06:00:00.000,5.9369042926,6.2386581079,5.3246055701,0
2026-01-09T06:15:00.000,8.2572143104,10.3482772113,7.8591270419,0
2026-01-09T06:30:00.000,6.1841089844,13.9932015833,13.487340457,0
2026-01-09T06:45:00.000,11.5655138236,7.8567459583,8.7893963408,0
2026-01-09T07:00:00.000,9.4344729699,4.5401773124,7.4158536492,0
2026-01-09T07:15:00.000,5.7796856663,1.2236086664,6.0423109577,0
2026-01-09T07:30:00.000,9.3904126362,10.6051071047,6.4930155623,0
2026-01-09T07:45:00.000,4.3512350647,13.242054974,9.0149577282,0
2026-01-09T08:00:00.000,3.9270425734,3.7516909850999998,12.2782888321,0
2026-01-09T08:15:00.000,8.6076819145,4.9858132008,3.7188970087,0
2026-01-09T08:30:00.000,5.8718197764,13.9932015833,0.9367334823000001,0
2026-01-09T08:45:00.000,2.1539053335,5.2402019919,1.3812940598,0
2026-01-09T09:00:00.000,2.0952583926,10.125337216,4.2753274736,0
2026-01-09T09:15:00.000,3.1495328282,2.6168388636,4.6489512732,0
2026-01-09T09:30:00.000,4.2038072639,4.4809263787999996,4.6080154891,0
2026-01-09T09:45:00.000,0.9630924187000001,7.6165135098,6.7012354992,0
2026-01-09T10:00:00.000,4.8941327277,9.12021308,4.2708421222,0
2026-01-09T10:15:00.000,6.701175651,13.9932015833,11.7287990928,0
2026-01-09T10:30:00.000,8.5082185742,2.4964884767,3.3387189227,0
2026-01-09T10:45:00.000,4.9952508076,5.0695444885,8.7450728538,0
2026-01-09T11:00:00.000,1.1165995357,5.9912820146,11.4071663994,0
2026-01-09T11:15:00.000,13.0725220826,3.1061631697,13.487340457,0
2026-01-09T11:30:00.000,2.8294656408,9.938712502,2.441259168,0
2026-01-09T11:45:00.000,4.4223158849,9.9138126009,3.8916701628,0
2026-01-09T12:00:00.000,0.9630924187000001,9.8889126998,5.8596604791,0
2026-01-09T12:15:00.000,10.8929215876,3.9237748532000003,7.9783762423,0
2026-01-09T12:30:00.000,2.242398791,2.6771467995,0.9367334823000001,0
2026-01-09T12:45:00.000,8.6688531676,5.322089404,0.9367334823000001,0
2026-01-09T13:00:00.000,4.8485665283,6.4348549473,7.7399477362999995,0
2026-01-09T13:15:00.000,0.9630924187000001,8.5463787629,2.316726434,0
2026-01-09T13:30:00.000,8.9912370722,8.4646156254,1.9831111799999999,0
2026-01-09T13:45:00.000,10.781423374,8.3099585434,13.487340457,0
2026-01-09T14:00:00.000,3.9123801139000003,7.2491228907,11.8666806894,0
2026-01-09T14:15:00.000,7.7848383102,13.4277277661,6.8084579333,0
2026-01-09T14:30:00.000,4.0394264957,10.2583375861,9.2288937188,0
2026-01-09T14:45:00.000,7.8227620103,7.088947406,11.7483065251,0
2026-01-09T15:00:00.000,13.0725220826,13.5085525847,9.7129230234,0
2026-01-09T15:15:00.000,5.9078845255,4.2545656183,8.9761095121,0
2026-01-09T15:30:00.000,4.6806417203,2.7954093637,5.4656137333,0
2026-01-09T15:45:00.000,11.4349886257,5.1104125599,1.9551179544,0
2026-01-09T16:00:00.000,11.0701291378,8.2969189393,3.0154435479,0
2026-01-09T16:15:00.000,2.8423087778,6.5290451174,4.0757691414,0
2026-01-09T16:30:00.000,13.0725220826,1.2550767013,5.1360947348,0
2026-01-09T16:45:00.000,2.3898751388,2.2698747761,6.1964203283,0
2026-01-09T17:00:00.000,3.3359526067,3.609811212,7.2567459218,0
2026-01-09T17:15:00.000,1.0260484541,5.1915906582,7.1493020423,0
2026-01-09T17:30:00.000,6.2664658376,6.7733701045,6.0978426396,0
2026-01-09T17:45:00.000,7.18521391,6.2430778165,3.5200446743000002,0
2026-01-09T18:00:00.000,12.166066097,6.8326253268,0.9422467090000001,0
2026-01-09T18:15:00.000,5.6071052057,4.0880377637,2.3157923703,0
2026-01-09T18:30:00.000,4.5172144335,4.8998806712,3.6893380317,0
2026-01-09T18:45:00.000,3.4273236613,1.8245336741,5.062883693,0
2026-01-09T19:00:00.000,13.0725220826,3.8961647859,6.1737004924,0
2026-01-09T19:15:00.000,13.0725220826,5.9677958976,8.6791062073,0
2026-01-09T19:30:00.000,9.802992315800001,8.0394270094,7.1588323195,0
2026-01-09T19:45:00.000,4.9333476764,10.395969008,5.6385584317,0
2026-01-09T20:00:00.000,7.0122863446,7.6755277117,3.1293370895,0
2026-01-09T20:15:00.000,2.2045961257,7.8236951696,6.3626420088,0
2026-01-09T20:30:00.000,3.559962166,6.7396530571,8.4987654877,0
2026-01-09T20:45:00.000,4.0716490689,5.4700223806,11.2330676906,0
2026-01-09T21:00:00.000,4.8541335591,7.4995049069,3.908026155,0
2026-01-09T21:15:00.000,12.545527397,9.5289874333,3.006235602,0
2026-01-09T21:30:00.000,0.9630924187000001,6.7848212283,2.104445049,0
2026-01-09T21:45:00.000,3.3394518567,7.3864371365,0.9367334823000001,0
2026-01-09T22:00:00.000,3.2910010071,6.8803558469,5.7447999547,0
2026-01-09T22:15:00.000,3.2425501575,7.2977148325,10.7625933156,0
2026-01-09T22:30:00.000,3.1940993079,10.8476984229,12.910762374,0
2026-01-09T22:45:00.000,0.9630924187000001,5.7529731496,6.4634976059,0
2026-01-09T23:00:00.000,6.7251034821,0.8743680193000001,13.487340457,0
2026-01-09T23:15:00.000,4.2977406984,5.2558593813,3.5235068771,0
2026-01-09T23:30:00.000,12.1104977005,9.8534708863,10.182559882,0
2026-01-09T23:45:00.000,5.4434298081,13.9932015833,11.924826332,0
2026-01-10T00:00:00.000,7.8154423184,0.9048301127,13.487340457,0
2026-01-10T00:15:00.000,4.7424437060999995,7.34560389,5.9833975541,0
2026-01-10T00:30:00.000,5.200241816,0.8743680193000001,4.6296301615,0
2026-01-10T00:45:00.000,0.9630924187000001,8.0402780472,7.871978276,0
2026-01-10T01:00:00.000,13.0725220826,5.6380624336,12.2711313414,0
2026-01-10T01:15:00.000,0.9630924187000001,0.8743680193000001,10.6441583147,0
2026-01-10T01:30:00.000,5.8759159364,9.3958233353,12.5167597657,0
2026-01-10T01:45:00.000,10.9726522259,2.9511621788999998,13.487340457,0
2026-01-10T02:00:00.000,8.9949648461,4.6724082576,1.4402856767,0
2026-01-10T02:15:00.000,7.0172774664,8.1992943487,2.2014820433,0
2026-01-10T02:30:00.000,9.8166233997,4.0908179586,11.5401598703,0
2026-01-10T02:45:00.000,2.4487386225,6.4611949056,4.6982335753,0
2026-01-10T03:00:00.000,6.2586852731,7.052348379,10.1514963656,0
2026-01-10T03:15:00.000,4.6709863447,1.9375159675,4.2706431481,0
2026-01-10T03:30:00.000,3.0832874162,5.663652183,13.0382265631,0
2026-01-10T03:45:00.000,7.0165527167,2.4147642063,9.0617657517,0
2026-01-10T04:00:00.000,6.4828790387,6.1094777853,12.1269181467,0
2026-01-10T04:15:00.000,1.3749271199,11.8876976791,13.0308432747,0
2026-01-10T04:30:00.000,0.9630924187000001,8.9679511558,7.7482511052,0
2026-01-10T04:45:00.000,8.7860715117,6.5997798054,2.4656589356,0
2026-01-10T05:00:00.000,8.206215179600001,11.54090026,3.2219965781,0
2026-01-10T05:15:00.000,7.4805019486,11.0363645781,11.1164861389,0
2026-01-10T05:30:00.000,5.2020586139,10.5318288961,8.7384816947,0
2026-01-10T05:45:00.000,0.9630924187000001,7.3684245046,0.9367334823000001,0
2026-01-10T06:00:00.000,4.2997943917,4.3032670454,10.1414590478,0
2026-01-10T06:15:00.000,9.7346731653,4.8129550217,7.8254633043,0
2026-01-10T06:30:00.000,3.158120853,2.6739199553,8.7218688392,0
2026-01-10T06:45:00.000,4.2811680359,11.9553698819,0.9367334823000001,0
2026-01-10T07:00:00.000,5.4042152189,7.4044780407,2.4903578978,0
2026-01-10T07:15:00.000,2.0520181909,4.4134747424,13.487340457,0
2026-01-10T07:30:00.000,10.7967866451,1.4224714440000001,8.9527094036,0
2026-01-10T07:45:00.000,13.0725220826,2.3352921747,7.3635869042,0
2026-01-10T08:00:00.000,13.0725220826,3.2481129054,0.9367334823000001,0
2026-01-10T08:15:00.000,4.2906215632,13.9932015833,0.9367334823000001,0
2026-01-10T08:30:00.000,2.3070813562,8.5276662076,3.5508859893,0
2026-01-10T08:45:00.000,2.4669737177,3.5585739778,4.99587565,0
2026-01-10T09:00:00.000,2.6268660791,11.3624957335,6.4408653108,0
2026-01-10T09:15:00.000,0.9630924187000001,5.6592221093,3.1475090921,0
2026-01-10T09:30:00.000,0.9630924187000001,11.1146839489,0.9367334823000001,0
2026-01-10T09:45:00.000,5.0346223124,6.0220198944,6.3317891097,0
2026-01-10T10:00:00.000,4.739935495,6.1649917401,5.7494245667,0
2026-01-10T10:15:00.000,6.5859747991,6.3079635859,5.1432516169,0
2026-01-10T10:30:00.000,12.53430408,2.0562915525,4.5370786671,0
2026-01-10T10:45:00.000,13.0725220826,3.9398315654,6.3272807711,0
2026-01-10T11:00:00.000,10.4881777661,7.1639538693,8.117482875,0
2026-01-10T11:15:00.000,2.4937221712,10.3880761733,1.3350673084,0
2026-01-10T11:30:00.000,9.2531053999,13.6121984772,4.1781238215,0
2026-01-10T11:45:00.000,8.0465604002,4.0430977066,1.8873463341,0
2026-01-10T12:00:00.000,7.6148737033,13.9932015833,8.3915394108,0
2026-01-10T12:15:00.000,7.1831870064,6.6447164228,2.4727489374,0
2026-01-10T12:30:00.000,7.4724939412,1.7792658517,5.0553926593,0
2026-01-10T12:45:00.000,7.4725720596,12.7230783782,8.6716600504,0
2026-01-10T13:00:00.000,5.8580893228,12.061908241,0.9367334823000001,0
2026-01-10T13:15:00.000,4.2436065861,1.7675603295000002,2.0666621619,0
2026-01-10T13:30:00.000,2.6291238493,10.6012172205,3.5309410022,0
2026-01-10T13:45:00.000,5.7389949695,6.1825049186,4.9952198425,0
2026-01-10T14:00:00.000,5.8348171647000004,6.8328535,2.4535663862,0
2026-01-10T14:15:00.000,3.8926981967,7.4832020814,7.9270937622,0
2026-01-10T14:30:00.000,1.6495058384,7.4203111482,8.5480746451,0
2026-01-10T14:45:00.000,7.2343727459,9.4047044174,0.9367334823000001,0
2026-01-10T15:00:00.000,3.3354538911000002,11.3890976867,4.8974877714,0
2026-01-10T15:15:00.000,3.5265187416,4.1366415817,6.5942037568,0
2026-01-10T15:30:00.000,1.6304274222,9.1713255684,3.6764053646,0
2026-01-10T15:45:00.000,3.0032377758,11.2340721485,11.4267547615,0
2026-01-10T16:00:00.000,3.7942365933,7.4676954005,5.9896071218,0
2026-01-10T16:15:00.000,5.4928845694,5.0863507993,0.9367334823000001,0
2026-01-10T16:30:00.000,8.7843362541,6.1244516591,5.9314100372,0
2026-01-10T16:45:00.000,1.4899043931,1.2184713778,3.9309513949,0
2026-01-10T17:00:00.000,6.3382192965,6.246473308,4.0641896221,0
2026-01-10T17:15:00.000,4.6819325317,5.4208912788,5.2077139824,0
2026-01-10T17:30:00.000,9.3418679482,4.5953092496,3.5713608782,0
2026-01-10T17:45:00.000,8.4687807236,7.4790525225,11.6125510574,0
2026-01-10T18:00:00.000,9.3856240407,7.4909808672,0.9367334823000001,0
2026-01-10T18:15:00.000,10.3024673577,8.9936184491,5.500549555,0
2026-01-10T18:30:00.000,6.9303001729,0.8743680193000001,1.5066995296,0
2026-01-10T18:45:00.000,12.7874819696,4.9050938962,0.9367334823000001,0
2026-01-10T19:00:00.000,3.657205713,6.3043443132,6.8455440951,0
2026-01-10T19:15:00.000,9.8838474994,7.7035947303,13.487340457,0
2026-01-10T19:30:00.000,7.4715780776,9.1028451473,2.5625197255,0
2026-01-10T19:45:00.000,5.1793789294,8.4121066354,8.6810298964,0
2026-01-10T20:00:00.000,8.316129637,5.1524730776,1.9297348621000001,0
2026-01-10T20:15:00.000,11.1938264141,0.8743680193000001,1.9894087034,0
2026-01-10T20:30:00.000,1.4390942472,1.4812142845,3.8909528088,0
2026-01-10T20:45:00.000,9.0386226034,4.5283818515,3.5546369104,0
2026-01-10T21:00:00.000,6.4395519831,6.5366970578,5.1545178668,0
2026-01-10T21:15:00.000,6.7029304726,3.3290112407,2.8710718299,0
2026-01-10T21:30:00.000,2.8846893168000003,0.8743680193000001,6.2824958573,0
2026-01-10T21:45:00.000,10.7188486128,1.8798293549,9.6939198848,0
2026-01-10T22:00:00.000,2.888136553,8.4933503796,12.7855888487,0
2026-01-10T22:15:00.000,4.1339859864,4.9021000452,7.7456535964,0
2026-01-10T22:30:00.000,4.8735158408,3.2751954277,7.0800456788,0
2026-01-10T22:45:00.000,4.2606921119,8.3004087748,6.4144377612,0
2026-01-10T23:00:00.000,6.1984465797,3.5788985426,6.3274053630000004,0
2026-01-10T23:15:00.000,8.1362010475,2.7634024421000003,6.2403729649,0
2026-01-10T23:30:00.000,5.6216825954,3.2391606404,6.1533405667,0
2026-01-10T23:45:00.000,3.1071641433,5.659727447,3.9029871344,0
2026-01-11T00:00:00.000,3.7630186136,5.3128585236,1.6526337021000002,0
2026-01-11T00:15:00.000,5.8835309475,4.9659896002,4.7917223233,0
2026-01-11T00:30:00.000,3.0239120312,6.4282927331,12.0358814953,0
2026-01-11T00:45:00.000,8.5522272182,5.0312564744,1.0445076197,0
2026-01-11T01:00:00.000,9.4697098229,8.9193154386,5.2658307954,0
2026-01-11T01:15:00.000,6.5619771354,13.9932015833,4.3788055102,0
2026-01-11T01:30:00.000,9.341571782900001,11.8410433213,4.2295675349,0
2026-01-11T01:45:00.000,4.7262149699,6.3904246648,8.2333960829,0
2026-01-11T02:00:00.000,4.2285951083,11.1221386871,5.9781609816,0
2026-01-11T02:15:00.000,0.9630924187000001,0.8743680193000001,8.4124414364,0
2026-01-11T02:30:00.000,3.8149484848,3.7625145695,10.8467218911,0
2026-01-11T02:45:00.000,10.142229027700001,2.2346955487,4.8827109805,0
2026-01-11T03:00:00.000,4.6612584476,0.8743680193000001,13.487340457,0
2026-01-11T03:15:00.000,13.0725220826,11.2536691754,4.6407257549,0
2026-01-11T03:30:00.000,7.7333116631,9.4469941022,2.4212010079,0
2026-01-11T03:45:00.000,2.7649602434,7.6403190289000005,2.483408307,0
2026-01-11T04:00:00.000,3.6881463831,7.3551316933,3.695042426,0
2026-01-11T04:15:00.000,9.4751411906,6.6589520601,0.9367334823000001,0
2026-01-11T04:30:00.000,9.7969343167,5.962772427,4.6541240369,0
2026-01-11T04:45:00.000,10.1187274428,3.4854001354,7.559438242,0
2026-01-11T05:00:00.000,8.3277597873,1.0080278438,10.8170934456,0
2026-01-11T05:15:00.000,2.1157486095,8.0342680006,7.886425728,0
2026-01-11T05:30:00.000,5.2257746547,4.4111154861,7.8732565283,0
2026-01-11T05:45:00.000,9.8558932634,5.3392878559,2.2037049456,0
2026-01-11T06:00:00.000,11.0368508992,0.8743680193000001,13.344450016,0
2026-01-11T06:15:00.000,0.9630924187000001,6.3053603873,3.9861025987,0
2026-01-11T06:30:00.000,0.9630924187000001,2.062918531,5.015674286,0
2026-01-11T06:45:00.000,0.9630924187000001,4.2299921175,6.0452459733,0
2026-01-11T07:00:00.000,7.7686447645,6.397065704,1.5128448776,0
2026-01-11T07:15:00.000,5.4120737832,8.0758857977,11.9870954865,0
2026-01-11T07:30:00.000,6.7234359497,4.144663504,1.3246735159,0
2026-01-11T07:45:00.000,8.4005115027,1.8549534667,8.842640825,0
2026-01-11T08:00:00.000,3.5745222234,3.4878020281,3.9889416953000003,0
2026-01-11T08:15:00.000,3.9426346433,8.1187268945,5.4193652703,0
2026-01-11T08:30:00.000,3.4126708542,4.8960272306,8.7291599142,0
2026-01-11T08:45:00.000,2.8827070651,1.6733275666,8.1644593122,0
2026-01-11T09:00:00.000,2.7285529054,6.3286872614,7.5997587101,0
2026-01-11T09:15:00.000,5.2934223424999995,1.073584638,4.9380475582,0
2026-01-11T09:30:00.000,12.3907312393,9.0713910821,10.496673039000001,0
2026-01-11T09:45:00.000,2.9896637138,8.6346914732,9.9525222575,0
2026-01-11T10:00:00.000,1.9261829937,12.4425394006,11.6192944501,0
2026-01-11T10:15:00.000,8.4506609482,5.6111868003000005,12.2750788988,0
2026-01-11T10:30:00.000,13.0725220826,11.2039724587,3.9083985846,0
2026-01-11T10:45:00.000,13.0725220826,10.3915808384,7.1443230196,0
2026-01-11T11:00:00.000,11.9288664812,8.5033478059,9.045054011,0
2026-01-11T11:15:00.000,0.9630924187000001,8.1796994518,7.3956074106,0
2026-01-11T11:30:00.000,13.0725220826,7.8560510976,3.0482054104,0
2026-01-11T11:45:00.000,9.3789940879,13.9932015833,7.6221128035,0
2026-01-11T12:00:00.000,9.6791233088,7.4539004092,1.8366747373,0
2026-01-11T12:15:00.000,9.9792525297,1.2948011645,4.9523344553,0
2026-01-11T12:30:00.000,10.2793817506,3.8112804977,8.0679941733,0
2026-01-11T12:45:00.000,13.0725220826,6.3277598309,13.487340457,0
2026-01-11T13:00:00.000,4.9625608846,9.0210508039,10.1710201208,0
2026-01-11T13:15:00.000,11.2453810194,1.6603958107999999,5.1941229701000005,0
2026-01-11T13:30:00.000,5.1223273529,5.3682257627,11.0828971805,0
2026-01-11T13:45:00.000,0.9630924187000001,11.9925808358,13.487340457,0
2026-01-11T14:00:00.000,8.6212518158,3.6605535165000003,10.0027557804,0
2026-01-11T14:15:00.000,3.1062673552,5.1388041095,7.1534547455,0
2026-01-11T14:30:00.000,12.2475958829,3.0485209722,5.1225169004,0
2026-01-11T14:45:00.000,13.0725220826,0.958237835,0.9367334823000001,0
2026-01-11T15:00:00.000,13.0725220826,6.9176432183,3.3810482859,0
2026-01-11T15:15:00.000,7.2583450238000005,6.6314351521,4.82612172,0
2026-01-11T15:30:00.000,0.9630924187000001,1.2691739506,7.958330215,0
2026-01-11T15:45:00.000,0.9630924187000001,2.845867498,11.0905387099,0
2026-01-11T16:00:00.000,0.9630924187000001,13.9932015833,1.3616619701000001,0
2026-01-11T16:15:00.000,2.0052880878,5.8731107818,2.6190721916,0
2026-01-11T16:30:00.000,3.2985103116,3.5708257519,8.4421464844,0
2026-01-11T16:45:00.000,3.1528575398,2.8941307226,8.9201154941,0
2026-01-11T17:00:00.000,1.9528745446,12.3552367826,9.3980845038,0
2026-01-11T17:15:00.000,11.3487316645,4.2800941083,6.7510346912,0
2026-01-11T17:30:00.000,12.3546730869,6.3927643566,13.487340457,0
2026-01-11T17:45:00.000,10.5958727803,7.0034512756,8.2714898274,0
2026-01-11T18:00:00.000,8.8370724738,7.6141381946,5.3885407150999995,0
2026-01-11T18:15:00.000,11.0501053323,11.2694205201,3.7176060928,0
2026-01-11T18:30:00.000,8.2875857191,2.6586000815,5.9452423827,0
2026-01-11T18:45:00.000,5.5250661059,8.9104895977,13.487340457,0
2026-01-11T19:00:00.000,8.2164160861,7.6441262576,7.0953069801,0
2026-01-11T19:15:00.000,2.1618074305,0.8743680193000001,6.7098243392,0
2026-01-11T19:30:00.000,7.0773807761,8.710573117500001,4.0338784813,0
2026-01-11T19:45:00.000,1.6806130566,13.9932015833,1.3579326234,0
2026-01-11T20:00:00.000,7.2716609649,13.9932015833,13.487340457,0
2026-01-11T20:15:00.000,12.8627088733,11.3942500782,2.0494567069,0
2026-01-11T20:30:00.000,8.606162898800001,8.547636241,2.9538167222,0
2026-01-11T20:45:00.000,6.7823591377,13.4535751318,3.8581767374,0
2026-01-11T21:00:00.000,6.8006090301,13.9932015833,9.6489654703,0
2026-01-11T21:15:00.000,2.6267312761,13.9932015833,13.487340457,0
2026-01-11T21:30:00.000,5.7979738496,12.8087539357,0.9367334823000001,0
2026-01-11T21:45:00.000,3.9014175301,10.9880213934,1.5888525188,0
2026-01-11T22:00:00.000,5.313322082,9.5431880295,8.2694781399,0
2026-01-11T22:15:00.000,8.9880737762,9.2415881961,12.6651822215,0
2026-01-11T22:30:00.000,11.0161192139,8.9399883628,0.9367334823000001,0
2026-01-11T22:45:00.000,5.9688750286,3.3457043652,12.1807515058,0
2026-01-11T23:00:00.000,5.3305696206,10.9393196333,6.9141345968,0
2026-01-11T23:15:00.000,5.5607108412,6.6580817046,4.3486847774,0
2026-01-11T23:30:00.000,0.9630924187000001,2.376843776,13.2486697463,0
2026-01-11T23:45:00.000,7.0322721076,5.3818887052,1.2476166738,0
2026-01-12T00:00:00.000,7.0389601906,4.4638651768,0.9367334823000001,0
2026-01-12T00:15:00.000,7.0456482735,11.7305404482,13.487340457,0
2026-01-12T00:30:00.000,5.5257588304,1.8012447256000002,8.1242619926,0
2026-01-12T00:45:00.000,3.2694006006,9.5326307604,9.1432714228,0
2026-01-12T01:00:00.000,10.5613794041,9.4430641419,10.162280853,0
2026-01-12T01:15:00.000,2.487877687,9.3534975235,6.5759883663,0
2026-01-12T01:30:00.000,2.0355996155,9.263930905,2.9896958796,0
2026-01-12T01:45:00.000,1.583321544,9.1743642866,9.4080528403,0
2026-01-12T02:00:00.000,0.9630924187000001,2.1663350723,7.1888880376,0
2026-01-12T02:15:00.000,1.7833519837,9.1664006309,8.6988576793,0
2026-01-12T02:30:00.000,2.9986234862,4.0308425906,9.8122018663,0
2026-01-12T02:45:00.000,9.139938243,6.1378875032,10.9255460533,0
2026-01-12T03:00:00.000,4.9955569024,7.8663179163,5.2793799216,0
2026-01-12T03:15:00.000,13.0725220826,5.8367865905,4.8511945538,0
2026-01-12T03:30:00.000,13.0725220826,7.6132368903,5.3893776179,0
2026-01-12T03:45:00.000,8.9638070689,9.74027528,7.6436192757,0
2026-01-12T04:00:00.000,6.6454830138,0.8743680193000001,9.8978609336,0
2026-01-12T04:15:00.000,4.9184387419,13.9932015833,1.4028476868,0
2026-01-12T04:30:00.000,6.6236176564,12.6085353799,6.1460690711,0
2026-01-12T04:45:00.000,8.328796571,1.2587760257,4.441407478,0
2026-01-12T05:00:00.000,9.2255294114,10.5222355524,2.7367458848,0
2026-01-12T05:15:00.000,2.9478012944,3.2879010041,6.1148362735,0
2026-01-12T05:30:00.000,0.9879108725,7.109672263,1.5909062436,0
2026-01-12T05:45:00.000,11.260828368,8.7517701064,3.403493135,0
2026-01-12T06:00:00.000,5.5075400082,8.369112211000001,5.2160800264,0
2026-01-12T06:15:00.000,2.9721194637,13.9932015833,4.636186574,0
2026-01-12T06:30:00.000,0.9630924187000001,0.8743680193000001,2.1444040338,0
2026-01-12T06:45:00.000,2.7234714017,8.7395253037,6.7630338372,0
2026-01-12T07:00:00.000,5.4622247961,5.8198339942,9.1172102086,0
2026-01-12T07:15:00.000,8.2009781906,1.5149926588,3.4046885523,0
2026-01-12T07:30:00.000,10.939731585,4.2133219162,9.9469373098,0
2026-01-12T07:45:00.000,10.9417535477,10.8171351157,2.2823330532,0
2026-01-12T08:00:00.000,3.278015564,6.3391425611,2.0740755823,0
2026-01-12T08:15:00.000,2.7056412829000003,3.7087287933,1.8658181113999999,0
2026-01-12T08:30:00.000,2.1332670018,11.316412100600001,13.487340457,1
2026-01-12T08:45:00.000,1.5608927207,6.7787353014,1.9319512411000002,1
2026-01-12T09:00:00.000,6.0216301215,6.2720699113,1.5824725741,1
2026-01-12T09:15:00.000,3.9614576667,5.2146777691,0.9367334823000001,1
2026-01-12T09:30:00.000,1.9012852117999999,1.3794600594,4.4749806418,1
2026-01-12T09:45:00.000,4.3170730677,11.7366210134,4.5870816431,1
2026-01-12T10:00:00.000,6.7328609236,6.8492384176000005,4.0566547547,1
2026-01-12T10:15:00.000,6.6584427115,5.2817129995,5.9531022748,1
2026-01-12T10:30:00.000,0.9630924187000001,3.7141875814,7.8495497948,1
2026-01-12T10:45:00.000,3.5473986726,2.1466621633,10.311170058,1
2026-01-12T11:00:00.000,6.3213077071,2.5905345534,7.9337155861,1
2026-01-12T11:15:00.000,8.6206118498,3.0344069435,8.4962958986,1
2026-01-12T11:30:00.000,8.0281631351,1.0644124994,13.0303145496,1
2026-01-12T11:45:00.000,2.7343185854,7.1983872614,10.0866862898,1
2026-01-12T12:00:00.000,4.4720655356,13.3323620235,4.4488667358,1
2026-01-12T12:15:00.000,2.4997992592,11.1676546121,12.479538329,1
2026-01-12T12:30:00.000,2.4003511694,9.0029472008,13.487340457,1
2026-01-12T12:45:00.000,5.3890703382,6.8382397894,4.4291062229,0
2026-01-12T13:00:00.000,9.9313570282,1.5742614933999999,6.4421055243,0
2026-01-12T13:15:00.000,13.0725220826,8.8195368684,2.9399000708000003,0
2026-01-12T13:30:00.000,7.8924247542,8.3338731149,5.7773055974,0
2026-01-12T13:45:00.000,5.4913290427,7.8482093613,13.3898480291,0
2026-01-12T14:00:00.000,6.7625389254,7.3625456078,6.4834998692,0
2026-01-12T14:15:00.000,6.3065103389,4.1000568746,13.487340457,0
2026-01-12T14:30:00.000,5.7629014992,0.8743680193000001,13.487340457,0
2026-01-12T14:45:00.000,1.7740205828,3.4772826329,10.2241101675,0
2026-01-12T15:00:00.000,2.2526315284000002,0.8743680193000001,7.643803368,0
2026-01-12T15:15:00.000,1.7667017180000002,12.0503329427,2.9781332019,0
2026-01-12T15:30:00.000,7.1531831931,9.4845866891,1.8958788768,0
2026-01-12T15:45:00.000,4.8428308515000005,5.862782846,8.0318956356,0
2026-01-12T16:00:00.000,9.3774479537,3.2282006133,10.4091984955,0
2026-01-12T16:15:00.000,2.671806598,3.2395118921,7.8762661576,0
2026-01-12T16:30:00.000,13.0725220826,3.2508231708,5.3433338197,0
2026-01-12T16:45:00.000,12.9344722087,3.2621344496,11.8847527997,0
2026-01-12T17:00:00.000,6.635605877,0.8743680193000001,10.5801400435,0
2026-01-12T17:15:00.000,3.5520159607,2.0805224401,1.7907375255,0
2026-01-12T17:30:00.000,0.9630924187000001,11.1469607787,7.7509172393,0
2026-01-12T17:45:00.000,6.4157051303,0.8743680193000001,4.5897844263,0
2026-01-12T18:00:00.000,8.1520447961,4.4433978787,1.4286516133,0
2026-01-12T18:15:00.000,7.3168754794,13.9932015833,3.9626962627,0
2026-01-12T18:30:00.000,7.8971133738,7.87673584,0.9663126173000001,0
2026-01-12T18:45:00.000,8.9942280221,9.7450146029,5.9114931324,0
2026-01-12T19:00:00.000,1.887957857,11.6132933657,10.8566736475,0
2026-01-12T19:15:00.000,0.9630924187000001,13.4815721286,7.013292105,0
2026-01-12T19:30:00.000,6.8277821613,8.5253490659,5.0110746955,0
2026-01-12T19:45:00.000,9.1667681936,3.2381948888,8.2899709469,0
2026-01-12T20:00:00.000,7.5750223936,1.6353990525,5.3753285936,0
2026-01-12T20:15:00.000,11.6351828823,3.8332639309000003,10.0373353858,0
2026-01-12T20:30:00.000,3.7261695788,1.1991997822,6.3025913531,0
2026-01-12T20:45:00.000,5.2328430371,11.6194810929,2.4534700965000003,0
2026-01-12T21:00:00.000,1.3379709065,2.8584543461000003,6.2704721996,0
2026-01-12T21:15:00.000,7.3287739856,3.9804573862,6.8173891215,0
2026-01-12T21:30:00.000,8.3578008744,5.1024604263,13.487340457,0
2026-01-12T21:45:00.000,9.3868277633,3.5800452315999998,2.0152893075,0
2026-01-12T22:00:00.000,9.1780907767,3.3809023386,0.9367334823000001,1
2026-01-12T22:15:00.000,4.0835973729,10.3542870843,0.9367334823000001,1
2026-01-12T22:30:00.000,12.1424418209,2.7983638072,1.6728050741,1
2026-01-12T22:45:00.000,2.2550015152,2.4715254431,2.7610435748,1
2026-01-12T23:00:00.000,2.2328039694,4.6876843697,3.8492820755,1
2026-01-12T23:15:00.000,2.6532706066,13.9932015833,2.7245759485,1
2026-01-12T23:30:00.000,8.3282232658,6.6620947802,3.3017559353,1
2026-01-12T23:45:00.000,11.8366299888,13.9932015833,4.120936333,0
2026-01-13T00:00:00.000,13.0725220826,1.5152436925,7.9535122768,0
2026-01-13T00:15:00.000,1.8880436442000001,9.7209285143,0.9367334823000001,0
2026-01-13T00:30:00.000,0.9630924187000001,0.8743680193000001,2.2033403101,0
2026-01-13T00:45:00.000,3.3251211677,1.6194918499000002,4.1512469754,0
2026-01-13T01:00:00.000,5.9542705241,4.6808845252,6.2100638811,0
2026-01-13T01:15:00.000,8.5834198805,7.7422772006,7.7130463811,0
2026-01-13T01:30:00.000,8.4716537337,10.8036698759,1.0928763400000001,0
2026-01-13T01:45:00.000,12.6320009985,13.4599781383,4.0057571607,0
2026-01-13T02:00:00.000,13.0725220826,12.6401287225,6.9186379814,0
2026-01-13T02:15:00.000,13.0725220826,5.0648105351,5.0153898484,0
2026-01-13T02:30:00.000,6.3750093136,3.7818920754,1.4580458484,0
2026-01-13T02:45:00.000,5.9903598188,2.4989736157,2.1130960285000002,0
2026-01-13T03:00:00.000,6.0613322624,1.216055156,2.7681462086,0
2026-01-13T03:15:00.000,6.132304706,9.7792834044,1.299409961,0
2026-01-13T03:30:00.000,2.4549864291,9.3636068524,7.7451650292,0
2026-01-13T03:45:00.000,1.6453110231,10.1809832886,0.9367334823000001,0
2026-01-13T04:00:00.000,0.9630924187000001,2.7559628034,0.9367334823000001,0
2026-01-13T04:15:00.000,13.0725220826,8.8527216341,0.9367334823000001,0
2026-01-13T04:30:00.000,2.6717349697,13.9932015833,0.9999461064,0
2026-01-13T04:45:00.000,2.0111476993,2.7892595435,2.9516041271,0
2026-01-13T05:00:00.000,1.3505604289,1.6988255469,4.9032621478,0
2026-01-13T05:15:00.000,1.6053426311,0.8743680193000001,6.4790601569,0
2026-01-13T05:30:00.000,8.8648508353,9.0283046691,4.2179062555,0
2026-01-13T05:45:00.000,4.6675521949,13.9932015833,9.9032059853,0
2026-01-13T06:00:00.000,4.8253481097,4.0253733871,13.487340457,0
2026-01-13T06:15:00.000,4.9831440246,5.6860505962,3.7180221144,0
2026-01-13T06:30:00.000,3.0771450139,6.4077168129,8.6593300146,0
2026-01-13T06:45:00.000,8.1597091217,3.2700357664,7.082557608,0
2026-01-13T07:00:00.000,5.2222301792,4.5588876962,4.0295277544,0
2026-01-13T07:15:00.000,11.9972595401,6.2146798562,0.9764979007000001,0
2026-01-13T07:30:00.000,6.785817254,1.8075739498,8.4016619437,0
2026-01-13T07:45:00.000,8.8515914277,2.6623780366,13.487340457,0
2026-01-13T08:00:00.000,7.3209118646,2.3682187943,7.0239990671,0
2026-01-13T08:15:00.000,5.7902323015,6.7468554516,0.9367334823000001,0
2026-01-13T08:30:00.000,9.4476408521,9.950003836,6.0958615925,0
2026-01-13T08:45:00.000,5.4861599515,1.5600303922,4.0839182018,0
2026-01-13T09:00:00.000,0.9630924187000001,2.9292305503,10.4575273044,0
2026-01-13T09:15:00.000,3.1952655671,1.7687485559,4.9036767421,0
2026-01-13T09:30:00.000,11.1500575124,4.8544992809,1.2028035786,0
2026-01-13T09:45:00.000,10.0115850921,4.9124435706,1.8354706165999999,0
2026-01-13T10:00:00.000,8.8731126719,4.9703878603,5.6673238972,0
2026-01-13T10:15:00.000,2.5179341170000002,5.0283321501,9.4991771777,0
2026-01-13T10:30:00.000,0.9630924187000001,5.0862764398,2.5132573797,0
2026-01-13T10:45:00.000,6.2364737795,4.3364719514,3.6510878439,0
2026-01-13T11:00:00.000,7.9827204798,3.9339563519,10.697355156,0
2026-01-13T11:15:00.000,3.3455118243,10.457771296,9.5723539654,0
2026-01-13T11:30:00.000,9.7620177379,12.1539219085,4.7070235831,0
2026-01-13T11:45:00.000,12.0682403761,12.9443957488,6.6457903081000005,0
2026-01-13T12:00:00.000,0.9630924187000001,10.1422797395,5.5088604634,0
2026-01-13T12:15:00.000,5.6979782296,7.7494832633,9.3823388259,0
2026-01-13T12:30:00.000,6.6615034095,8.5709010779,13.487340457,0
2026-01-13T12:45:00.000,4.7479204795,9.3923188925,2.0810263753,0
2026-01-13T13:00:00.000,3.6316306439,4.8794554269,10.7602058984,0
2026-01-13T13:15:00.000,8.7136472369,0.8743680193000001,6.8002131221,0
2026-01-13T13:30:00.000,2.609952429,1.3482227665,2.8402203457,0
2026-01-13T13:45:00.000,11.2841093541,12.3409676844,3.7225233585,0
2026-01-13T14:00:00.000,4.5542729516,8.6555848718,3.3704385183,0
2026-01-13T14:15:00.000,7.3928317797,5.9595325787,1.8394902592,0
2026-01-13T14:30:00.000,8.4419195245,8.8677769032,7.3311665476,0
2026-01-13T14:45:00.000,9.4910072693,7.1676091142,12.8228428361,0
2026-01-13T15:00:00.000,0.9630924187000001,3.2231707489,2.8221775376,0
2026-01-13T15:15:00.000,5.986085279,1.315940023,2.2343262018,0
2026-01-13T15:30:00.000,5.5507453973,2.3779025137,13.487340457,0
2026-01-13T15:45:00.000,7.169143087,4.7593319519,6.032510019,0
2026-01-13T16:00:00.000,10.6566288758,13.9932015833,8.4922126485,0
2026-01-13T16:15:00.000,13.0725220826,6.3777045513,13.487340457,0
2026-01-13T16:30:00.000,4.4362595608,4.9559409771,12.5841675875,0
2026-01-13T16:45:00.000,6.5283912854,2.0085324722,11.1715935355,0
2026-01-13T17:00:00.000,1.1650332671,3.8591685039,9.7590194835,0
2026-01-13T17:15:00.000,12.3902681657,13.9932015833,5.7000728683,0
2026-01-13T17:30:00.000,7.3759422254,10.101835588,1.6411262532,0
2026-01-13T17:45:00.000,2.361616285,0.8743680193000001,6.7393306926,0
2026-01-13T18:00:00.000,3.8100545546999998,7.034063068,11.837535132,0
2026-01-13T18:15:00.000,5.2584928245,8.4963130402,2.1113760402,0
2026-01-13T18:30:00.000,6.7069310942,5.7030621244,4.6183250706,0
2026-01-13T18:45:00.000,4.5978844456,6.2867039553,7.1252741009000005,0
2026-01-13T19:00:00.000,6.243842896,12.1178716478,9.6322231313,0
2026-01-13T19:15:00.000,10.6213102966,1.414636205,8.8878203652,0
2026-01-13T19:30:00.000,7.5113897543,1.4171816197,8.1434175991,0
2026-01-13T19:45:00.000,4.4014692119,1.7219478112000002,6.7773784582,0
2026-01-13T20:00:00.000,8.8303534218,3.3247856605,2.9765386329,0
2026-01-13T20:15:00.000,5.1093035478,1.8645872654,9.1194479359,0
2026-01-13T20:30:00.000,1.3513008759,3.7265889605,4.2954201859,0
2026-01-13T20:45:00.000,5.5831564863,5.516246603,13.487340457,0
2026-01-13T21:00:00.000,3.3237820496,7.5059296563,10.8628431312,0
2026-01-13T21:15:00.000,11.2390425192,5.7177564304,5.4547371219,0
2026-01-13T21:30:00.000,12.717495639700001,4.9753773044,5.2649689203,0
2026-01-13T21:45:00.000,6.9424092978,4.2329981785,5.0752007186,0
2026-01-13T22:00:00.000,6.9077769809,5.2298660216,8.3728634529,0
2026-01-13T22:15:00.000,2.2299238318,6.2267338647,2.5406999267,0
2026-01-13T22:30:00.000,3.7320571909,8.5948336708,6.3428774761,0
2026-01-13T22:45:00.000,5.23419055,11.0767566487,13.487340457,0
2026-01-13T23:00:00.000,6.6705211812,12.7781166842,10.4410487294,0
2026-01-13T23:15:00.000,1.1112248298,6.5592438766,5.0875353356,0
2026-01-13T23:30:00.000,2.7750008871,10.2440970106,4.3030551597,0
2026-01-13T23:45:00.000,6.4048970165,5.159529662,4.8355829486,0
2026-01-14T00:00:00.000,10.0347931459,8.4774359569,7.5804266451,0
2026-01-14T00:15:00.000,5.1418839728,9.2806686499,10.3252703415,0
2026-01-14T00:30:00.000,9.0033461453,9.3273555005,5.4458449038,0
2026-01-14T00:45:00.000,0.9630924187000001,1.0659392483,8.718923007,0
2026-01-14T01:00:00.000,6.4059503183,8.6351344141,4.8370189065,0
2026-01-14T01:15:00.000,5.4780691735,7.6731592986,2.2335239396,0
2026-01-14T01:30:00.000,4.1740078823,8.1303876428,2.7948332860000002,0
2026-01-14T01:45:00.000,4.7165903455,5.2430444273,13.3585083275,0
2026-01-14T02:00:00.000,2.5722243821,2.6983905536,6.8205492684,0
2026-01-14T02:15:00.000,0.9630924187000001,0.8743680193000001,0.9367334823000001,0
2026-01-14T02:30:00.000,1.6397948638000002,5.6788227823,1.9422543547000002,0
2026-01-14T02:45:00.000,6.4086891237,6.4128118118,3.2608275492,0
2026-01-14T03:00:00.000,3.6449002945,4.275885948,4.5794007437,0
2026-01-14T03:15:00.000,0.9630924187000001,8.1253025035,9.5296653639,0
2026-01-14T03:30:00.000,13.0725220826,13.9145662936,10.0770528662,0
2026-01-14T03:45:00.000,6.7479258515,1.2646377406,9.7467028736,0
2026-01-14T04:00:00.000,8.9127222365,1.7748535759,8.1316134613,0
2026-01-14T04:15:00.000,4.6216537683,2.2850694113,6.516524049,0
2026-01-14T04:30:00.000,10.1154926906,8.0786972211,5.4062430338,0
2026-01-14T04:45:00.000,13.0725220826,3.9205541259,4.2959620186,0
2026-01-14T05:00:00.000,10.8908049615,5.0597287238,0.9367334823000001,0
2026-01-14T05:15:00.000,6.065336037,5.0574082704,11.3355352987,0
2026-01-14T05:30:00.000,1.2398671124,5.055087817,6.334485827,0
2026-01-14T05:45:00.000,4.9604233828,12.944591083,5.4101342515,0
2026-01-14T06:00:00.000,3.1437357257,12.0203042693,9.1818714843,0
2026-01-14T06:15:00.000,6.0907519683,9.5557028857,11.1691530248,0
2026-01-14T06:30:00.000,7.3433428443,5.9268638665,2.6342037283,0
2026-01-14T06:45:00.000,4.2736069289,4.1027913827,4.535146282,0
2026-01-14T07:00:00.000,7.3597382229,5.6197762074,5.0186659653,0
2026-01-14T07:15:00.000,8.7725139452,5.3123410714,5.5021856486,0
2026-01-14T07:30:00.000,10.1852896675,5.0049059354,5.9857053319,0
2026-01-14T07:45:00.000,10.6784612157,7.7361347765,13.487340457,0
2026-01-14T08:00:00.000,8.694164882799999,1.7898892381,9.4439025308,0
2026-01-14T08:15:00.000,6.7098685499,7.3404828827,7.8677396272,0
2026-01-14T08:30:00.000,2.9020325352,7.5874445476,6.2915767235,0
2026-01-14T08:45:00.000,4.2624815819,13.9932015833,4.7154138199,0
2026-01-14T09:00:00.000,5.6229306286,6.4041084369,4.1708377011,0
2026-01-14T09:15:00.000,3.0338986124,7.8467982204,3.6262615824,0
2026-01-14T09:30:00.000,4.1831780209,7.1316346955,12.5644620517,0
2026-01-14T09:45:00.000,4.0414968599,7.1419477543,5.3740282405,0
2026-01-14T10:00:00.000,3.1372162748,0.9576614367,4.006376723,0
2026-01-14T10:15:00.000,1.0545118197,7.3005315380999996,5.38769949,0
2026-01-14T10:30:00.000,3.853218326,7.3489349263,5.7220419269,0
2026-01-14T10:45:00.000,2.2351286413,7.3973383145,6.0563843639,0
2026-01-14T11:00:00.000,11.18178575,1.5185141009,6.3907268007999996,0
2026-01-14T11:15:00.000,11.0960937369,8.5797860249,6.7250692377,0
2026-01-14T11:30:00.000,11.0104017239,4.3896484238,11.1319348092,0
2026-01-14T11:45:00.000,8.6573926803,4.2703187331,6.1327788423,0
2026-01-14T12:00:00.000,5.5219407827,4.1509890424,1.1336228754,0
2026-01-14T12:15:00.000,13.0725220826,4.5593743969,5.7162918585,0
2026-01-14T12:30:00.000,8.7434730751,4.9677597515,2.9470492804,0
2026-01-14T12:45:00.000,9.362709803,5.376145106,5.9035275579,0
2026-01-14T13:00:00.000,2.3304235677,3.1271030996,8.8600058354,0
2026-01-14T13:15:00.000,1.5606331851,9.2869625218,5.6317911746,0
2026-01-14T13:30:00.000,1.6998042011,6.2274038674,6.679938655,0
2026-01-14T13:45:00.000,13.0725220826,3.1678452131,3.8605730196,0
2026-01-14T14:00:00.000,4.9466753642,7.0857348811,0.9367334823000001,0
2026-01-14T14:15:00.000,5.6639620956000005,5.5320543239,2.8976791209,0
2026-01-14T14:30:00.000,5.3790325563,13.1654404123,4.1206854901,0
2026-01-14T14:45:00.000,7.9165838758,1.8709726328,5.3436918594,0
2026-01-14T15:00:00.000,5.4657645551,5.8430564727,2.913749167,0
2026-01-14T15:15:00.000,3.0149452343,13.9932015833,4.3803529898,0
2026-01-14T15:30:00.000,0.9630924187000001,1.1763819698,12.7343848533,0
2026-01-14T15:45:00.000,13.0725220826,10.7001587654,7.2273213853,0
2026-01-14T16:00:00.000,6.2167112129,6.0333009715,12.2215428458,0
2026-01-14T16:15:00.000,1.8977388830000002,4.3269646663,7.2146792782,0
2026-01-14T16:30:00.000,4.1341002564,0.8743680193000001,8.6789370914,0
2026-01-14T16:45:00.000,4.7343091535,13.9932015833,3.5744508569,0
2026-01-14T17:00:00.000,5.3345180507,1.3098586721,7.8667279752,0
2026-01-14T17:15:00.000,5.9347269478,8.4278490144,12.1590050935,0
2026-01-14T17:30:00.000,2.1551345753,3.8147012354000003,6.7906165833,0
2026-01-14T17:45:00.000,4.4370530159,8.4110575774,5.1970762772,0
2026-01-14T18:00:00.000,6.0513066741,5.7034255177,8.1590350798,0
2026-01-14T18:15:00.000,13.0725220826,4.2818507545,9.6871799658,0
2026-01-14T18:30:00.000,2.875674038,2.8602759914,13.487340457,0
2026-01-14T18:45:00.000,8.775779396899999,7.9729331196,4.4704223445,0
2026-01-14T19:00:00.000,9.8341825163,2.2164261928,5.1462082834,0
2026-01-14T19:15:00.000,6.9327527316,7.1506658591,5.8219942223,0
2026-01-14T19:30:00.000,3.227467444,11.9593072227,10.2495804181,0
2026-01-14T19:45:00.000,10.4391546067,5.9751395026,8.1399814607,0
2026-01-14T20:00:00.000,5.5843942989,6.2763068785,6.0303825033,0
2026-01-14T20:15:00.000,13.0725220826,5.8339919581,6.2801686562,0
2026-01-14T20:30:00.000,0.9630924187000001,9.5433614004,3.5380633463,0
2026-01-14T20:45:00.000,4.1416780529,4.0115593291,5.880713351,0
2026-01-14T21:00:00.000,13.0725220826,4.8586586762,9.6511393574,0
2026-01-14T21:15:00.000,13.0725220826,7.779820744,8.4979660279,0
2026-01-14T21:30:00.000,9.0948215317,10.7009828119,7.7281393357,0
2026-01-14T21:45:00.000,7.6924174302,7.5693587983,3.5061325397000003,0
2026-01-14T22:00:00.000,6.2900133288,6.3560841594,3.8259197502999998,0
2026-01-14T22:15:00.000,4.8876092273000005,5.1428095205,4.1457069609,0
2026-01-14T22:30:00.000,5.7229532445,2.7544095977,4.4654941715,0
2026-01-14T22:45:00.000,5.4951459605,6.0383208148,1.4289429781,0
2026-01-14T23:00:00.000,9.03745788,6.4010343519,7.2757208633,0
2026-01-14T23:15:00.000,11.2198244124,3.2677822465,9.7078531283,0
2026-01-14T23:30:00.000,2.5532805779,0.8743680193000001,12.7621909,0
2026-01-14T23:45:00.000,7.4576606532,2.7669489023000002,12.6950328187,0
2026-01-15T00:00:00.000,11.0319469355,13.9932015833,0.9367334823000001,0
2026-01-15T00:15:00.000,0.9630924187000001,5.0894277823,4.0924232778,0
2026-01-15T00:30:00.000,6.2532310869,8.6440968964,13.487340457,0
2026-01-15T00:45:00.000,1.8902734296,8.4578878392,8.9583395146,0
2026-01-15T01:00:00.000,2.0760064173,0.8743680193000001,3.4107681286,0
2026-01-15T01:15:00.000,3.7857388243,7.531541583,6.3959799261,0
2026-01-15T01:30:00.000,5.4954712312,6.2822307832,3.4910952031,0
2026-01-15T01:45:00.000,7.2533282795,5.0329199835,7.6514269358,0
2026-01-15T02:00:00.000,8.9487551618,3.7836091837,13.487340457,0
2026-01-15T02:15:00.000,8.862235568100001,5.7005339865,1.2630025893,0
2026-01-15T02:30:00.000,8.7757159744,2.2892273544,8.2288423908,0
2026-01-15T02:45:00.000,5.030138649,6.4395870898,7.7033011584,0
2026-01-15T03:00:00.000,9.8941481945,7.7516633155,4.7756399059,0
2026-01-15T03:15:00.000,6.0099787452,3.845955243,10.0341746894,0
2026-01-15T03:30:00.000,6.9597598605,10.581709418,7.8453219007,0
2026-01-15T03:45:00.000,10.6131789511,4.8539755586,5.656469112,0
2026-01-15T04:00:00.000,5.6487692057,5.6019644191,5.2516995652,0
2026-01-15T04:15:00.000,4.926735531,1.9349187105,2.9941349017,0
2026-01-15T04:30:00.000,5.1986642973,11.1364547358,0.9367334823000001,0
2026-01-15T04:45:00.000,5.4705930637,0.8743680193000001,8.6040154539,0
2026-01-15T05:00:00.000,5.7425218301,4.1241198875,11.1570471345,0
2026-01-15T05:15:00.000,6.0144505964,7.5187104105,13.487340457,0
2026-01-15T05:30:00.000,6.3732506314,9.468641742500001,13.487340457,0
2026-01-15T05:45:00.000,6.7320506663,13.9932015833,1.159484413,0
2026-01-15T06:00:00.000,7.0908507013,13.9932015833,12.721585623,0
2026-01-15T06:15:00.000,3.8253368198,13.9932015833,6.2655512408,0
2026-01-15T06:30:00.000,12.6660560431,4.4399943054,3.2974652769,0
2026-01-15T06:45:00.000,9.1574626264,5.6798065899,0.9367334823000001,0
2026-01-15T07:00:00.000,8.6057196328,3.2066420783,9.2345328034,0
2026-01-15T07:15:00.000,8.0539766392,0.8743680193000001,3.7786289143,0
2026-01-15T07:30:00.000,2.6785888656,6.5169367658,6.1956766896,0
2026-01-15T07:45:00.000,13.0725220826,5.0089079254,1.6744230113,0
2026-01-15T08:00:00.000,8.603821056,0.8743680193000001,4.3171525862,0
2026-01-15T08:15:00.000,3.0657541101,4.8132924997,4.2186860192,0
2026-01-15T08:30:00.000,4.3073723493,1.73766208,0.9367334823000001,0
2026-01-15T08:45:00.000,11.9030445948,1.1911182337,2.2918314424,0
2026-01-15T09:00:00.000,13.0725220826,0.8743680193000001,3.6493904599,0
2026-01-15T09:15:00.000,13.0725220826,8.7693965318,8.5522659228,0
2026-01-15T09:30:00.000,10.1030381594,0.8743680193000001,13.487340457,0
2026-01-15T09:45:00.000,10.6186481717,8.2401482048,0.9367334823000001,0
2026-01-15T10:00:00.000,7.6503199862999995,2.2948208822,6.9109174238,0
2026-01-15T10:15:00.000,13.0725220826,3.6648899303,10.1986667874,0
2026-01-15T10:30:00.000,10.5985449429,9.9260675506,10.2144508299,0
2026-01-15T10:45:00.000,8.1191917435,8.875364147700001,10.2302348724,0
2026-01-15T11:00:00.000,7.3667878358,12.7999730323,4.5319762875,0
2026-01-15T11:15:00.000,8.0846160415,7.7730397795,11.6779090131,0
2026-01-15T11:30:00.000,8.7685155538,9.3894157311,11.643404805,0
2026-01-15T11:45:00.000,1.5957359784,3.842002631,8.3318934058,0
2026-01-15T12:00:00.000,4.0179436554,6.3517393552,6.4091906452,0
2026-01-15T12:15:00.000,6.4401513324,9.949840622,6.81641184,0
2026-01-15T12:30:00.000,13.0725220826,12.9069040764,7.2236330347,0
2026-01-15T12:45:00.000,10.9189006762,6.6125955130000005,7.6308542295,0
2026-01-15T13:00:00.000,6.2262770575,7.260022626,8.0380754242,0
2026-01-15T13:15:00.000,7.2692088923,7.7022227004,8.445296619,0
2026-01-15T13:30:00.000,1.2742812461,4.9684716364,10.1580036955,0
2026-01-15T13:45:00.000,11.4072065984,6.0216030412,9.1991543251,0
2026-01-15T14:00:00.000,4.3711776199,3.6117851802,8.2403049548,0
2026-01-15T14:15:00.000,4.7184214327,1.2019673192,7.485673842,0
2026-01-15T14:30:00.000,13.0725220826,4.5385575769,7.3931156599,0
2026-01-15T14:45:00.000,4.8131238137,6.881517362,7.3005574777,0
2026-01-15T15:00:00.000,0.9630924187000001,6.3514671601,7.2079992956,0
2026-01-15T15:15:00.000,6.0051554753,3.6137300347,5.0975601072,1
2026-01-15T15:30:00.000,11.152408198,5.6423298769,5.598433576,1
2026-01-15T15:45:00.000,11.9500984297,0.8743680193000001,3.6853916437,1
2026-01-15T16:00:00.000,7.558781515,11.642816672,1.7723497114,1
2026-01-15T16:15:00.000,9.9421119213,13.2568946403,5.7514645571,1
2026-01-15T16:30:00.000,5.4994982371,0.8743680193000001,0.9367334823000001,1
2026-01-15T16:45:00.000,1.0568845529,4.5046470467,5.8987689189,1
2026-01-15T17:00:00.000,4.2156326696,13.9932015833,12.310053216,1
2026-01-15T17:15:00.000,13.0725220826,4.3220816846,13.4565509863,1
2026-01-15T17:30:00.000,6.7827626898,10.1551005771,13.487340457,1
2026-01-15T17:45:00.000,9.2722375031,7.8836738003,1.7273788248000002,1
2026-01-15T18:00:00.000,3.9192371146,6.1484571003,9.2103170025,1
2026-01-15T18:15:00.000,4.9548658481,7.4057031127,5.5398323006,1
2026-01-15T18:30:00.000,5.9904945816,13.9932015833,6.4753600441,1
2026-01-15T18:45:00.000,12.5683380505,2.7977436889,8.5883122636,1
2026-01-15T19:00:00.000,7.7237088620000005,7.0198995444,10.7012644832,0
2026-01-15T19:15:00.000,7.0938160003,13.1303205981,0.9367334823000001,0
2026-01-15T19:30:00.000,5.024071025,11.2182968108,2.6982581728,0
2026-01-15T19:45:00.000,5.5642370689,4.2332793681,13.487340457,0
2026-01-15T20:00:00.000,10.7516123424,7.2357502963,5.8978242134,0
2026-01-15T20:15:00.000,8.4084449976,5.7562990098,6.8951582247,0
2026-01-15T20:30:00.000,8.1464496834,3.3918995281,7.8924922359,0
2026-01-15T20:45:00.000,2.8446889612,8.6088782103,10.711127919399999,0
2026-01-15T21:00:00.000,8.823932,10.3005643867,0.9367334823000001,0
2026-01-15T21:15:00.000,13.0725220826,2.4194804555,11.7357121729,0
2026-01-15T21:30:00.000,7.7868994514,1.2216320305,4.6190593748,0
2026-01-15T21:45:00.000,5.5753372654,5.0108724702,5.7525013412,0
2026-01-15T22:00:00.000,1.5981748580000001,13.1789478666,11.3119345353,0
2026-01-15T22:15:00.000,4.760915048,5.0379427546,6.7840991778,0
2026-01-15T22:30:00.000,3.9060402872,5.2892270301,6.919722739,0
2026-01-15T22:45:00.000,10.7852821545,5.5405113056,8.2457175929,0
2026-01-15T23:00:00.000,7.0932105578,3.0098639593,9.5991897379,0
2026-01-15T23:15:00.000,1.6437627913,13.0917756942,10.9526618829,0
2026-01-15T23:30:00.000,3.4894961578,0.8743680193000001,12.0763460589,0
2026-01-15T23:45:00.000,13.0725220826,5.8213225596000004,11.3920892695,0
2026-01-16T00:00:00.000,9.1562937199,10.8003667086,1.2658384312,0
2026-01-16T00:15:00.000,7.2677886927,0.8743680193000001,6.9222917962,0
2026-01-16T00:30:00.000,13.0725220826,8.4087093855,1.6131557239,0
2026-01-16T00:45:00.000,9.8428448396,7.5256632822,7.209381228,0
2026-01-16T01:00:00.000,5.43847044,8.4106122678,3.7952226603,0
2026-01-16T01:15:00.000,5.0204257524,9.2955612533,10.461228217,0
2026-01-16T01:30:00.000,4.6023810648,4.3543710582,12.6167124087,0
2026-01-16T01:45:00.000,5.7072623977,1.9500042377,10.1116503772,0
2026-01-16T02:00:00.000,1.1263344518,12.8932040036,7.6065883457,0
2026-01-16T02:15:00.000,13.0725220826,5.722172725,4.876645993,0
2026-01-16T02:30:00.000,13.0725220826,6.7524120695,8.8074946597,0
2026-01-16T02:45:00.000,3.371733086,10.3918348375,10.5688223246,0
2026-01-16T03:00:00.000,6.8438803576,9.5647820212,8.0838035296,0
2026-01-16T03:15:00.000,5.3202071235,2.0942458844,1.7995250891999999,0
2026-01-16T03:30:00.000,3.9648383746,9.109846233,4.3654625756,1
2026-01-16T03:45:00.000,5.3162269975,2.7626958445,3.3945445381,1
2026-01-16T04:00:00.000,8.0179124279,7.66581436,6.8700307018,1
2026-01-16T04:15:00.000,8.2927490744,3.1364726814,6.8830327253,1
2026-01-16T04:30:00.000,8.5675857209,10.4209207106,6.8960347488,1
2026-01-16T04:45:00.000,10.0564780269,8.9771565019,7.0125126634,1
2026-01-16T05:00:00.000,4.8408103483,0.8743680193000001,7.128990578,1
2026-01-16T05:15:00.000,9.895429542,3.1151875398,8.7080047007,0
2026-01-16T05:30:00.000,3.9976548905,5.6160440896,2.7882220636,0
2026-01-16T05:45:00.000,5.112273227,8.1169006395,5.5935433919,0
2026-01-16T06:00:00.000,4.7024695117,1.8547549484,8.3988647203,0
2026-01-16T06:15:00.000,8.1769055792,2.9368407612,3.6163409928,0
2026-01-16T06:30:00.000,8.0980564265,4.018926574,11.1060853246,0
2026-01-16T06:45:00.000,3.7116071354,3.1561122848,8.357385456,0
2026-01-16T07:00:00.000,2.4081756226,13.9932015833,7.3424346474,0
2026-01-16T07:15:00.000,3.9591031038,13.9932015833,9.1694425184,0
2026-01-16T07:30:00.000,8.8732734864,13.713136817,5.6653335503,0
2026-01-16T07:45:00.000,13.0725220826,4.2784698476,2.1612245822,0
2026-01-16T08:00:00.000,3.7645342792000003,9.3966204476,10.3559907271,0
2026-01-16T08:15:00.000,2.022175734,4.323849222,11.5078117311,0
2026-01-16T08:30:00.000,2.7850497666000003,2.8672879382,7.8959288612,0
2026-01-16T08:45:00.000,0.9630924187000001,1.4107266544,4.6373084548,0
2026-01-16T09:00:00.000,1.2842781726,0.9771274193,9.0041996446,0
2026-01-16T09:15:00.000,2.1683357546,0.8743680193000001,9.5533394177,0
2026-01-16T09:30:00.000,6.6405980987,3.7717560624,10.1024791908,1
2026-01-16T09:45:00.000,4.629264738,7.4385185283,12.6505500413,1
2026-01-16T10:00:00.000,1.1232581973,13.9932015833,1.7940947476,1
2026-01-16T10:15:00.000,1.1448066682,3.8253925444,2.6110908627000002,1
2026-01-16T10:30:00.000,1.1663551392,2.2536657758,8.5452679812,1
2026-01-16T10:45:00.000,3.1108187783,6.7776447441,3.4042748479,1
2026-01-16T11:00:00.000,12.9039294716,3.3405337434,7.8881217993,1
2026-01-16T11:15:00.000,4.1966049186,12.8874757135,6.5984832143,1
2026-01-16T11:30:00.000,5.9328390664,0.8743680193000001,12.6693341495,1
2026-01-16T11:45:00.000,7.8555698174,13.9932015833,6.4930926906,1
2026-01-16T12:00:00.000,9.7783005683,9.7519301261,4.2326112472,0
2026-01-16T12:15:00.000,9.1588659206,10.6528598622,7.0608942618,0
2026-01-16T12:30:00.000,4.3670047448,10.8819440994,3.4836830036,0
2026-01-16T12:45:00.000,5.2949634743,8.7213768804,6.3695574276,0
2026-01-16T13:00:00.000,6.2229222038,0.8743680193000001,9.2554318517,0
2026-01-16T13:15:00.000,0.9630924187000001,2.1093894038,1.1473843422,0
2026-01-16T13:30:00.000,6.2003987047999995,10.7669811693,6.641498927,0
2026-01-16T13:45:00.000,11.4473892391,6.8189963237,7.5308878453,0
2026-01-16T14:00:00.000,3.9787092024,9.5148524168,12.550829731,0
2026-01-16T14:15:00.000,5.418168498,1.3299306876,10.856992949,0
2026-01-16T14:30:00.000,6.8576277937,1.8088477699999999,10.7601251861,0
2026-01-16T14:45:00.000,3.9473121293,2.6234589822,10.6632574231,0
2026-01-16T15:00:00.000,6.4253491344,8.0759083652,2.6290596782,0
2026-01-16T15:15:00.000,1.4858310292,3.5964380404,4.1653490167000005,0
2026-01-16T15:30:00.000,1.9910274208,6.3956276591,8.7061314985,0
2026-01-16T15:45:00.000,2.4962238123000002,4.4959614607,7.6745200299,0
2026-01-16T16:00:00.000,10.9247707443,8.9541367523,7.5944299166,0
2026-01-16T16:15:00.000,8.8921240898,0.8743680193000001,7.5143398032,0
2026-01-16T16:30:00.000,13.0725220826,10.899059932,6.2273621721,0
2026-01-16T16:45:00.000,13.0725220826,12.8240226053,4.940384541,0
2026-01-16T17:00:00.000,11.3611282353,0.8743680193000001,2.7938359099000003,0
2026-01-16T17:15:00.000,7.9729631614,9.5564947003,11.6026518288,1
2026-01-16T17:30:00.000,4.9367650324,8.1434067976,1.6131978594,1
2026-01-16T17:45:00.000,2.4738322092000002,10.3075249139,3.2790537573,1
2026-01-16T18:00:00.000,2.5382220225000003,11.5183505732,4.9449096552,1
2026-01-16T18:15:00.000,3.6877074164,3.9654998793000003,7.5832889649,0
2026-01-16T18:30:00.000,7.0950572512,4.9733620744,10.2216682745,0
2026-01-16T18:45:00.000,8.3210966335,9.6453701229,5.4899327285,0
2026-01-16T19:00:00.000,5.4526797606,6.0139399829,3.3185491402,0
2026-01-16T19:15:00.000,2.5842628878,2.2085973798,1.1471655519,0
2026-01-16T19:30:00.000,13.0725220826,3.7735458482,4.0566598251,0
2026-01-16T19:45:00.000,12.7696794669,5.3384943165,7.3121235068,0
2026-01-16T20:00:00.000,8.0839380409,6.9034427849,11.122875882,0
2026-01-16T20:15:00.000,10.1180339289,6.3764569578,9.6823029501,0
2026-01-16T20:30:00.000,6.76615787,9.110877806,11.3327624848,0
2026-01-16T20:45:00.000,0.9630924187000001,7.0335654108,2.4981336686,0
2026-01-16T21:00:00.000,4.3388902844,11.4587569027,0.9367334823000001,0
2026-01-16T21:15:00.000,11.4301770634,13.0849514989,3.0384179265,0
2026-01-16T21:30:00.000,10.3209412262,13.9932015833,4.2091435522,0
2026-01-16T21:45:00.000,9.2117053891,5.4817019201,1.1522645351,0
2026-01-16T22:00:00.000,6.2944742111,7.1068754026,1.2427828902,0
2026-01-16T22:15:00.000,2.68809808,8.5530125337,9.0956128349,0
2026-01-16T22:30:00.000,4.549004825,8.4755183679,8.3552526061,0
2026-01-16T22:45:00.000,6.40991157,8.3980242021,4.6125539261,0
2026-01-16T23:00:00.000,8.270818315,5.0729758118,7.473208195,0
2026-01-16T23:15:00.000,8.0130245154,1.7479274214,10.3338624639,0
2026-01-16T23:30:00.000,1.468370079,7.5476952288,5.9668218409,0
2026-01-16T23:45:00.000,6.2984753128,4.655780644,2.5583997189,0
2026-01-17T00:00:00.000,5.2435934217,4.8818863889,7.7036736815,0
2026-01-17T00:15:00.000,8.3671012868,8.964529564,8.7933259067,0
2026-01-17T00:30:00.000,7.0492201796,8.3300661199,9.8829781319,0
2026-01-17T00:45:00.000,3.8353098289,2.0580276514999998,2.6804240816,0
2026-01-17T01:00:00.000,3.1425681197,4.0323543799,4.3440282942,0
2026-01-17T01:15:00.000,2.4498264105,5.4075191586999996,5.426705607,0
2026-01-17T01:30:00.000,4.9230567948,5.2124992494,6.5093829198,0
2026-01-17T01:45:00.000,7.396287179,6.1562593826,8.0804009303,0
2026-01-17T02:00:00.000,8.6874033063,4.5614555042,4.3862974288,0
2026-01-17T02:15:00.000,0.9630924187000001,7.0421985797,0.9367334823000001,0
2026-01-17T02:30:00.000,3.911995177,2.7075064342,1.1364071137,0
2026-01-17T02:45:00.000,5.7500615898,5.144375182,3.4884817645,0
2026-01-17T03:00:00.000,3.8523118658,7.5812439298,5.8405564152,0
2026-01-17T03:15:00.000,13.0725220826,3.0113500338,6.9715797943,0
2026-01-17T03:30:00.000,5.4699416218,8.451825342,12.98071774,0
2026-01-17T03:45:00.000,11.8250620828,8.048394532,4.3083180514,0
2026-01-17T04:00:00.000,7.210806069,5.5842246159,7.3799170562,0
2026-01-17T04:15:00.000,2.5965500551,7.2981228727,3.2516194225,0
2026-01-17T04:30:00.000,2.6768654571,4.453781989,1.6966906551,0
2026-01-17T04:45:00.000,6.3112906588,3.194274087,13.487340457,0
2026-01-17T05:00:00.000,9.9457158604,5.3474948261,10.4805995321,0
2026-01-17T05:15:00.000,13.0725220826,1.3257912693,3.819722483,0
2026-01-17T05:30:00.000,7.5179191242,3.2940502388,3.4079904118,0
2026-01-17T05:45:00.000,1.4556971862,5.2623092082,13.487340457,0
2026-01-17T06:00:00.000,13.0725220826,7.2305681777,13.487340457,0
2026-01-17T06:15:00.000,2.371464842,1.3628624633,11.8647756475,0
2026-01-17T06:30:00.000,4.351169729,1.0249274295,2.344485934,0
2026-01-17T06:45:00.000,6.3308746159,1.0115798422,4.6654782754,0
2026-01-17T07:00:00.000,8.3105795029,0.9982322549,12.6715228191,0
2026-01-17T07:15:00.000,2.2829484988,1.3571027882,7.9958030362,0
2026-01-17T07:30:00.000,7.9364613932,0.8743680193000001,5.1094603641,0
2026-01-17T07:45:00.000,13.0725220826,2.2215616121,8.9040837142,0
2026-01-17T08:00:00.000,7.0258447952,3.6387094021,3.3880085747,0
2026-01-17T08:15:00.000,5.4377243523,2.6044080222,5.3660042525,0
2026-01-17T08:30:00.000,6.5928441413000005,1.5701066423999999,9.204185798,0
2026-01-17T08:45:00.000,8.0994582339,2.8088073452,11.3318121724,0
2026-01-17T09:00:00.000,1.499732314,4.5088098631,13.487340457,0
2026-01-17T09:15:00.000,3.1356834522,5.4508584741,10.0033247808,0
2026-01-17T09:30:00.000,4.7716345904,7.1316659536,3.9142048753000003,0
2026-01-17T09:45:00.000,5.6562115529,5.9486500606,3.951596029,0
2026-01-17T10:00:00.000,13.0725220826,2.6703045530000002,4.5844090187,0
2026-01-17T10:15:00.000,4.2714223727,11.0491279551,5.645614591,0
2026-01-17T10:30:00.000,13.0131740382,3.4173875849,10.3264694335,0
2026-01-17T10:45:00.000,5.0178428501,6.3005988284,0.9367334823000001,0
2026-01-17T11:00:00.000,8.0827342377,4.1551028052,9.5793312964,0
2026-01-17T11:15:00.000,6.649030649,0.8743680193000001,7.3321913584,0
2026-01-17T11:30:00.000,2.2028714429,12.0655497731,5.0850514203,0
2026-01-17T11:45:00.000,7.9958958641,3.679437855,2.8379114823,0
2026-01-17T12:00:00.000,9.5889965341,1.4264114892,5.7234168372,0
2026-01-17T12:15:00.000,1.6330819803,1.3659063403,2.7727567519000003,0
2026-01-17T12:30:00.000,0.9630924187000001,1.3054011914,3.5021748244,0
2026-01-17T12:45:00.000,8.6570885546,9.4199958444,5.4688420669,0
2026-01-17T13:00:00.000,9.231924345,12.5840091965,6.3739261216,0
2026-01-17T13:15:00.000,2.6549221768,10.0220585318,10.1264078926,0
2026-01-17T13:30:00.000,4.813152597,7.4601078672,8.1808678873,0
2026-01-17T13:45:00.000,6.9713830173,4.8981572025,1.9650275884,0
2026-01-17T14:00:00.000,1.312291599,2.467694264,8.9571566527,0
2026-01-17T14:15:00.000,5.9922052944,8.4669984739,5.83129202,0
2026-01-17T14:30:00.000,10.6721189899,5.8905664041,2.7054273873,0
2026-01-17T14:45:00.000,3.5499119039,6.9416045532,8.6657677588,0
2026-01-17T15:00:00.000,8.8304455287,7.9926427022,11.6564567981,0
2026-01-17T15:15:00.000,4.2868706226,6.8359506308,2.8942462778999998,0
2026-01-17T15:30:00.000,7.1257598981,1.7409184197,3.4593114709,0
2026-01-17T15:45:00.000,9.9646491735,2.0925268678,3.3040555524,0
2026-01-17T16:00:00.000,12.2951393836,2.4441353158,3.148799634,0
2026-01-17T16:15:00.000,2.7985490993,2.7957437639,7.0510992999,0
2026-01-17T16:30:00.000,11.3505348361,7.1927657918,7.797021023,0
2026-01-17T16:45:00.000,2.3761287391,10.6689361309,8.5429427461,0
2026-01-17T17:00:00.000,5.2832961363,5.7867344366,7.3235003332,0
2026-01-17T17:15:00.000,7.166659379,7.2631592864,5.5846636135,0
2026-01-17T17:30:00.000,9.0500226217,8.7395841362,6.1642084622,0
2026-01-17T17:45:00.000,0.9630924187000001,2.3798353825,4.9724047364,0
2026-01-17T18:00:00.000,11.3204729434,3.0410548131,13.487340457,0
2026-01-17T18:15:00.000,3.035193347,3.7022742438,13.487340457,0
2026-01-17T18:30:00.000,3.8004193224,7.571561177,12.1726301051,0
2026-01-17T18:45:00.000,4.3904949616,12.775373021,5.7846026682,0
2026-01-17T19:00:00.000,10.5659447026,13.9932015833,8.025206183,0
2026-01-17T19:15:00.000,9.4922468306,8.0642021321,3.9754774329,0
2026-01-17T19:30:00.000,8.4185489585,9.0475295167,9.1061881339,0
2026-01-17T19:45:00.000,4.6898007275,5.506017164,5.9967096774,0
2026-01-17T20:00:00.000,7.8949700607,3.1591381009,2.8872312208,0
2026-01-17T20:15:00.000,11.1001393939,0.8743680193000001,5.8315652816,0
2026-01-17T20:30:00.000,2.1657233369,8.9442961244,4.5958161269,0
2026-01-17T20:45:00.000,7.869063492,5.2480388833,4.0933244181,0
2026-01-17T21:00:00.000,0.9847230603,1.5517816423,3.2675043056,0
2026-01-17T21:15:00.000,2.6958269872000002,2.0763764565,2.441684193,0
2026-01-17T21:30:00.000,4.406930914,3.8326552121,8.4364617405,0
2026-01-17T21:45:00.000,5.9109034692,10.3131874916,0.9367334823000001,0
2026-01-17T22:00:00.000,7.4148760244,3.3136538477,5.0083611573,0
2026-01-17T22:15:00.000,11.9743735895,4.9219276017,1.5208370124,0
2026-01-17T22:30:00.000,0.9630924187000001,7.9393120858,5.7155997843,0
2026-01-17T22:45:00.000,7.8197680851,3.3622038272,6.2916535467,0
2026-01-17T23:00:00.000,3.1697460547,1.1360494915000001,9.7516772555,0
2026-01-17T23:15:00.000,8.1950897602,13.3829949651,12.4788649695,0
2026-01-17T23:30:00.000,6.9790883073,1.9059804482,13.487340457,0
2026-01-17T23:45:00.000,5.7630868544,4.6493448627,13.487340457,0
2026-01-18T00:00:00.000,5.3420197734,7.3927092773,0.9367334823000001,0
2026-01-18T00:15:00.000,6.6050609701,8.8438968127,3.2197112335,0
2026-01-18T00:30:00.000,3.2618893352000002,3.0353579636,5.6261701866,0
2026-01-18T00:45:00.000,2.8580714896,2.0719191895,8.0326291396,0
2026-01-18T01:00:00.000,2.454253644,6.4604017045,7.1230294026,0
2026-01-18T01:15:00.000,1.8521252378000002,8.1809278774,6.2134296656,0
2026-01-18T01:30:00.000,1.2499968315,4.5388872936,10.2959885048,0
2026-01-18T01:45:00.000,7.5656855282,5.9927266093,3.7021042278,0
2026-01-18T02:00:00.000,12.0698537562,11.0010577681,7.9637897330000005,0
2026-01-18T02:15:00.000,11.5282370631,4.9443317727,12.2254752383,0
2026-01-18T02:30:00.000,10.98662037,7.1642126297,4.0892136381,0
2026-01-18T02:45:00.000,7.7159162172,9.3840934868,3.4491012337,1
2026-01-18T03:00:00.000,4.4452120643,5.3202584814,2.8089888293,1
2026-01-18T03:15:00.000,1.1745079115000001,7.2474965001000005,8.5980017785,1
2026-01-18T03:30:00.000,3.8017839392,9.1747345188,6.9583130675,1
2026-01-18T03:45:00.000,6.429059967,7.2886908087,5.3186243565,1
2026-01-18T04:00:00.000,3.9431430994000003,5.4026470987,13.487340457,1
2026-01-18T04:15:00.000,1.4572262319,0.8743680193000001,6.9497624923,1
2026-01-18T04:30:00.000,3.0067464831,8.2672792969,11.7105127774,1
2026-01-18T04:45:00.000,4.5562667342,6.993342625,11.636970700900001,1
2026-01-18T05:00:00.000,5.8881342097000005,13.9932015833,12.4586956934,1
2026-01-18T05:15:00.000,9.0139856215,13.9932015833,10.8656773787,1
2026-01-18T05:30:00.000,12.1398370332,5.3466188384,5.2751029982,1
2026-01-18T05:45:00.000,13.0725220826,2.8033080507,12.4525717958,1
2026-01-18T06:00:00.000,7.0482513341,12.1614164652,8.0591967954,1
2026-01-18T06:15:00.000,5.3250121025,6.5761362093999995,5.1720227132,1
2026-01-18T06:30:00.000,10.1145215014,4.6925208915,10.6168722455,1
2026-01-18T06:45:00.000,2.6133848643,2.8089055736,7.5370240262,1
2026-01-18T07:00:00.000,6.7477092074,2.2464473191,0.9367334823000001,1
2026-01-18T07:15:00.000,10.8820335505,1.9590569310000001,8.0687471332,1
2026-01-18T07:30:00.000,6.7496419125,1.7555063379,13.487340457,1
2026-01-18T07:45:00.000,2.6172502746,10.9346960357,13.487340457,1
2026-01-18T08:00:00.000,9.6304695339,5.330607714,10.1902632437,1
2026-01-18T08:15:00.000,11.7631552505,6.931451344,4.6941950059,1
2026-01-18T08:30:00.000,9.4677424603,5.7678682678,3.1170608967,0
2026-01-18T08:45:00.000,7.1723296702,4.6042851916,9.2700515563,0
2026-01-18T09:00:00.000,1.7383044631,3.4407021154,11.064735888,1
2026-01-18T09:15:00.000,13.0725220826,3.7426791086,2.3077837894,1
2026-01-18T09:30:00.000,10.85490242,8.0369651363,10.0781530765,1
2026-01-18T09:45:00.000,7.9002751564,0.8743680193000001,3.6041425782000003,1
2026-01-18T10:00:00.000,6.952461106,4.7990322561,11.3253966602,1
2026-01-18T10:15:00.000,6.0046470557,7.2709497307,13.487340457,1
2026-01-18T10:30:00.000,5.0568330053,3.8325482866,6.8849270598,1
2026-01-18T10:45:00.000,4.4967909167,9.1613166958,5.2709236789,1
2026-01-18T11:00:00.000,3.9367488281,6.7226132169,9.3777209621,1
2026-01-18T11:15:00.000,3.2586564361,9.104165372,5.8283711617,1
2026-01-18T11:30:00.000,2.5805640441,7.0967797893,2.4412261693,1
2026-01-18T11:45:00.000,5.0311621114,4.6361661895,10.0201637936,1
2026-01-18T12:00:00.000,3.5827914543,2.1755525897,9.9080537343,1
2026-01-18T12:15:00.000,2.1344207973,0.8743680193000001,12.3031718912,1
2026-01-18T12:30:00.000,11.7383647183,4.8108458519,3.5017412147,1
2026-01-18T12:45:00.000,11.2346891569,3.0398133162,7.8290400768,1
2026-01-18T13:00:00.000,10.7310135955,1.2687807805,12.0916292055,1
2026-01-18T13:15:00.000,8.9803271527,2.6275957933000003,7.199893949,1
2026-01-18T13:30:00.000,7.2296407099,7.0195108275,9.801680106300001,1
2026-01-18T13:45:00.000,5.9136051663,7.0502516663,10.2897647434,1
2026-01-18T14:00:00.000,4.5975696226,7.080992505,8.5484460423,1
2026-01-18T14:15:00.000,3.281534079,7.1117333438,12.4587651594,1
2026-01-18T14:30:00.000,7.6272533311,1.9988751062999999,13.487340457,1
2026-01-18T14:45:00.000,11.9729725832,2.8624710964,12.7903980428,1
2026-01-18T15:00:00.000,11.7301602878,3.7260670866,7.7056290027,1
2026-01-18T15:15:00.000,10.2649396082,2.8393127539,7.6169541377000005,1
2026-01-18T15:30:00.000,9.150279913,4.2332935877,4.089888465,1
2026-01-18T15:45:00.000,1.2117865828,5.6272744215,4.3541015919,1
2026-01-18T16:00:00.000,12.241091377,8.3852003987,7.1298179558,1
2026-01-18T16:15:00.000,2.1885176118,4.8026820155,9.905534319600001,1
2026-01-18T16:30:00.000,6.8117171707,5.8421188172,2.5086626356,1
2026-01-18T16:45:00.000,11.4349167296,1.7256362344,6.6407135757999995,1
2026-01-18T17:00:00.000,13.0725220826,2.2263051984,10.7727645159,1
2026-01-18T17:15:00.000,5.6482634202,2.7269741625,8.5428882453,1
2026-01-18T17:30:00.000,7.2896004287,6.1534103727,7.1544791755,1
2026-01-18T17:45:00.000,6.09615,9.2695630335,5.7660701058,1
2026-01-18T18:00:00.000,4.4331438069,12.3857156943,2.8213945462,1
2026-01-18T18:15:00.000,2.7701376139000002,9.5039372149,9.1148124122,1
2026-01-18T18:30:00.000,5.8897758385,6.6221587356,9.0295533365,1
2026-01-18T18:45:00.000,3.3000361217,3.4642054427,8.9442942609,1
2026-01-18T19:00:00.000,7.4919969747,13.4269234301,5.3292756544,1
2026-01-18T19:15:00.000,6.1712305926,3.8119610735,12.2401575156,1
2026-01-18T19:30:00.000,4.8504642105,7.2665857016,7.0551577619,1
2026-01-18T19:45:00.000,2.9774479825,10.7212103296,13.1498262396,1
2026-01-18T20:00:00.000,4.7109827533,9.821940033,9.3044829512,1
2026-01-18T20:15:00.000,3.8066603879,8.9226697364,6.4539741979,1
2026-01-18T20:30:00.000,2.9023380224,3.9496206398,9.6813420594,1
2026-01-18T20:45:00.000,9.6828913423,1.0449489192,12.3590091435,1
2026-01-18T21:00:00.000,8.944482858,0.8743680193000001,6.7620681317999995,1
2026-01-18T21:15:00.000,9.8563131018,2.5488022366000003,2.9235114868,1
2026-01-18T21:30:00.000,9.3788118279,4.6887563467,13.487340457,1
2026-01-18T21:45:00.000,3.3774585485,2.4285958299,6.0386090955,1
2026-01-18T22:00:00.000,6.7479030627,3.6517548095,7.7449142911,1
2026-01-18T22:15:00.000,6.0888292589,1.5124999044,2.9471266472,1
2026-01-18T22:30:00.000,9.2493146699,2.5037812971999998,13.487340457,1
2026-01-18T22:45:00.000,8.5870619538,3.4950626899,6.7346656404,1
2026-01-18T23:00:00.000,12.6347928498,2.080936887,5.8047485226,1
2026-01-18T23:15:00.000,10.7961610655,0.8743680193000001,4.8748314049,1
2026-01-18T23:30:00.000,2.1573676378,1.4704257047,3.5436592282,1
2026-01-18T23:45:00.000,13.0725220826,2.7767760147000002,2.7113997713,1
2026-01-19T00:00:00.000,6.0223468784,4.0831263248,13.1805029314,1
2026-01-19T00:15:00.000,6.4392719797,5.3894766348,9.4299681659,1
2026-01-19T00:30:00.000,3.355078109,0.8743680193000001,5.6794334005,1
2026-01-19T00:45:00.000,0.9630924187000001,0.8743680193000001,11.3588668009,1
2026-01-19T01:00:00.000,1.0824310111,0.8743680193000001,11.460742879,1
2026-01-19T01:15:00.000,3.1806314466,0.8743680193000001,6.5018353483,1
2026-01-19T01:30:00.000,8.512653419,3.1567924473,7.6852263949,1
2026-01-19T01:45:00.000,3.4733100927000002,5.678610266,8.1349949092,1
2026-01-19T02:00:00.000,3.3150616262,1.3470973666,7.9924854614,1
2026-01-19T02:15:00.000,1.7109217991999999,6.4827615103,10.8477416163,1
2026-01-19T02:30:00.000,6.6152094142,0.8743680193000001,7.2545593064,1
2026-01-19T02:45:00.000,3.8230904090999998,5.0472353049,3.6613769964,1
2026-01-19T03:00:00.000,1.0309714041,4.7877755866000005,5.2572839094,1
2026-01-19T03:15:00.000,6.0787692179,4.7864767207,11.7046457404,1
2026-01-19T03:30:00.000,11.1265670318,6.2661611391,8.4033671847,1
2026-01-19T03:45:00.000,7.4262017161,7.7458455574,13.487340457,1
2026-01-19T04:00:00.000,3.7258364003,5.4255573445,12.4181701016,1
2026-01-19T04:15:00.000,3.6805937547000003,5.8926883715,0.9367334823000001,1
2026-01-19T04:30:00.000,5.9198135598,4.548121978,8.7340341477,1
2026-01-19T04:45:00.000,12.547654051,3.2035555845,1.4732064454,1
2026-01-19T05:00:00.000,4.4146023313,1.858989191,5.0391878667,1
2026-01-19T05:15:00.000,0.9630924187000001,0.8743680193000001,11.6468424569,1
2026-01-19T05:30:00.000,4.817664163,3.7053227625,11.0124853299,0
2026-01-19T05:45:00.000,8.555632073,6.5878144058,4.6576109729,0
2026-01-19T06:00:00.000,3.0329805353,4.291148573,12.9707380384,0
2026-01-19T06:15:00.000,9.2842439656,1.9944827402,8.7945076561,0
2026-01-19T06:30:00.000,6.865988402,8.7121137639,4.6182772739,0
2026-01-19T06:45:00.000,4.4477328383,9.657008365,3.9574236294,0
2026-01-19T07:00:00.000,9.1095277729,13.9932015833,8.4983100845,0
2026-01-19T07:15:00.000,3.1828053051,1.8854254808,9.2072546662,0
2026-01-19T07:30:00.000,1.8904485686,2.2847006235,6.9416083016000005,0
2026-01-19T07:45:00.000,1.7944169581,4.4476492295,7.4575183677,0
2026-01-19T08:00:00.000,6.8313992346,6.6105978354,7.9734284338,0
2026-01-19T08:15:00.000,8.9947345521,0.8743680193000001,10.4864805382,0
2026-01-19T08:30:00.000,5.7396600404,2.0007330085,0.9367334823000001,0
2026-01-19T08:45:00.000,11.5695603105,3.753738682,5.5118507476000005,0
2026-01-19T09:00:00.000,6.9661466368,2.0324753279,0.9367334823000001,0
2026-01-19T09:15:00.000,2.3627329631,3.8231051218000003,5.4710983779,0
2026-01-19T09:30:00.000,4.046516906,11.6511970254,10.2810352511,0
2026-01-19T09:45:00.000,3.7934913366,11.8446892387,1.6009651213,0
2026-01-19T10:00:00.000,7.0949126293,13.9932015833,9.366112508,0
2026-01-19T10:15:00.000,8.4688911435,7.416177186,10.5755720995,0
2026-01-19T10:30:00.000,9.0675244738,10.4057513799,4.3996131067,0
2026-01-19T10:45:00.000,9.8351089306,9.4953333361,1.1026405996,0
2026-01-19T11:00:00.000,11.4980616207,5.456581841,10.7605392898,0
2026-01-19T11:15:00.000,5.462035407,1.4178303458000001,2.7548135671000002,0
2026-01-19T11:30:00.000,0.9630924187000001,8.2865419227,8.4410470094,0
2026-01-19T11:45:00.000,1.0980289783,2.8165743098,13.487340457,0
2026-01-19T12:00:00.000,9.0010786656,4.2970829443,3.9696439037999998,0
2026-01-19T12:15:00.000,6.4933889926,3.9428348081999998,8.7226987178,0
2026-01-19T12:30:00.000,2.9672301565,3.588586672,7.9146099396,0
2026-01-19T12:45:00.000,8.8747168143,3.2343385359,11.5379865933,0
2026-01-19T13:00:00.000,2.6148989029000003,2.8800903998000003,6.84055303,0
2026-01-19T13:15:00.000,6.4677198413,3.2507441915,2.1431194668,0
2026-01-19T13:30:00.000,10.3205407796,3.6213979833,0.9367334823000001,0
2026-01-19T13:45:00.000,7.9313125711,3.992051775,1.8543641324,0
2026-01-19T14:00:00.000,5.5420843625,3.0083147949,4.5507759394,0
2026-01-19T14:15:00.000,4.7361905055,0.8743680193000001,5.2522340558,0
2026-01-19T14:30:00.000,3.9867530676,1.3676444555,5.9536921723,0
2026-01-19T14:45:00.000,3.2373156297,2.3553092402,6.6551502887,0
2026-01-19T15:00:00.000,2.4878781918,11.8593715521,8.7189867143,0
2026-01-19T15:15:00.000,9.3194746714,1.2681246834,4.8126636147,0
2026-01-19T15:30:00.000,4.4434823692,7.5576085410000005,6.0860224112,0
2026-01-19T15:45:00.000,1.8274373156000001,4.6482637861,6.3621977307,0
2026-01-19T16:00:00.000,0.9630924187000001,5.2648181326,1.3224986732000001,0
2026-01-19T16:15:00.000,1.2719381012,8.5904133277,0.9367334823000001,0
2026-01-19T16:30:00.000,13.0725220826,13.9932015833,0.9367334823000001,0
2026-01-19T16:45:00.000,1.7303706739,13.8549741001,1.0872239963,0
2026-01-19T17:00:00.000,9.6212687614,5.3477332354,7.1598856458,0
2026-01-19T17:15:00.000,2.2039905468,5.3551056037,0.9367334823000001,0
2026-01-19T17:30:00.000,3.5400754836,9.8977641232,3.5149821298,0
2026-01-19T17:45:00.000,4.8761604204,3.2610112549,12.1920137726,0
2026-01-19T18:00:00.000,9.7523208407,4.293812917,6.1590634948,0
2026-01-19T18:15:00.000,9.096293016,6.0091726816,1.0141014398,0
2026-01-19T18:30:00.000,2.3886249006,5.9119839969,7.9118622512000005,0
2026-01-19T18:45:00.000,8.1443390438,3.6568910745,6.4578448659,0
2026-01-19T19:00:00.000,7.6476590546,1.4017981521,5.0038274806,0
2026-01-19T19:15:00.000,2.7857725611,12.4473850286,8.1746788636,0
2026-01-19T19:30:00.000,12.4922474779,8.6545315288,11.3455302467,0
2026-01-19T19:45:00.000,3.0670911687,7.2963178063,9.0677742247,0
2026-01-19T20:00:00.000,2.2822187557999998,5.9381040837,6.7900182027,0
2026-01-19T20:15:00.000,1.4973463428,4.5798903612,6.2836557191,0
2026-01-19T20:30:00.000,5.3443644101,10.0742807297,2.2114359558,0
2026-01-19T20:45:00.000,5.718173987,9.6849745841,7.3463787283,0
2026-01-19T21:00:00.000,6.0919835638,6.6612999340000005,6.6339960830999996,0
2026-01-19T21:15:00.000,3.8929419793,3.6376252838000003,8.433013931,0
2026-01-19T21:30:00.000,0.9630924187000001,3.069161044,10.2320317789,0
2026-01-19T21:45:00.000,0.9630924187000001,0.8743680193000001,13.3512922018,0
2026-01-19T22:00:00.000,3.8267633389,12.0828612607,2.9450375258,0
2026-01-19T22:15:00.000,4.4726393317,1.9318756071,4.7111635541,0
2026-01-19T22:30:00.000,9.7193955897,4.063590062,7.9083181304,0
2026-01-19T22:45:00.000,9.1245068948,2.4584220925,10.3791325262,0
2026-01-19T23:00:00.000,0.9630924187000001,10.8407394161,8.3058278538,0
2026-01-19T23:15:00.000,8.5926186975,7.3515744632,6.2325231813,0
2026-01-19T23:30:00.000,3.6587680631,2.7665648637,4.1592185089,0
2026-01-19T23:45:00.000,4.3482625179,2.5650533604,4.9243411269,0
2026-01-20T00:00:00.000,5.024951077,2.3635418571,3.6415574603,0
2026-01-20T00:15:00.000,2.5846715622,2.1103796963,8.2933380063,0
2026-01-20T00:30:00.000,8.6252743676,7.0755199582,9.0182369526,0
2026-01-20T00:45:00.000,8.4288441725,5.0852615579,9.7431358989,0
2026-01-20T01:00:00.000,8.2324139775,2.0382382789,13.487340457,0
2026-01-20T01:15:00.000,8.0359837824,6.6868849783,6.0031337845,0
2026-01-20T01:30:00.000,7.7950638203,3.3434424892,0.9367334823000001,0
2026-01-20T01:45:00.000,3.3315734918,4.1906687881,11.0092505324,0
2026-01-20T02:00:00.000,3.1628316135,5.037895087,2.1346488493,0
2026-01-20T02:15:00.000,0.9630924187000001,1.7137119656,6.5090415147,0
2026-01-20T02:30:00.000,7.3920905532,9.0963101704,5.4763148811,0
2026-01-20T02:45:00.000,8.1161193811,6.8730657469,8.1096539775,0
2026-01-20T03:00:00.000,7.2561360619,4.6498213233,10.3544326275,0
2026-01-20T03:15:00.000,7.5630927167,4.8927994082,6.1000659932,0
2026-01-20T03:30:00.000,4.2697900312,13.9932015833,10.8863961656,0
2026-01-20T03:45:00.000,0.9764873456000001,13.8336330701,11.3959443499,0
2026-01-20T04:00:00.000,5.4653470902,12.6030628944,2.2749188073,0
2026-01-20T04:15:00.000,2.9861736183,8.2768782786,7.5333020325,0
2026-01-20T04:30:00.000,4.5859449348,3.9506936627,2.4470280936,0
2026-01-20T04:45:00.000,6.1857162514,5.8127012172,8.9130889607,0
2026-01-20T05:00:00.000,2.7943343004,8.3647499457,5.3300743655,0
2026-01-20T05:15:00.000,4.5493939576999995,6.4787166741,5.0927646076,0
2026-01-20T05:30:00.000,13.0725220826,10.3420833847,5.3539493546,0
2026-01-20T05:45:00.000,2.2946604805,13.9932015833,8.2004746725,0
2026-01-20T06:00:00.000,2.6359918167,7.2210827316,6.4782063901,0
2026-01-20T06:15:00.000,3.7784732313,4.2813858696,8.2676159512,0
2026-01-20T06:30:00.000,6.3861069725,6.7120378621,3.531675665,0
2026-01-20T06:45:00.000,6.4367299683,5.5911049102,5.5598743563,0
2026-01-20T07:00:00.000,9.9542482772,10.2507863991,7.966742273,0
2026-01-20T07:15:00.000,5.1357390357,13.9932015833,8.5782211375,0
2026-01-20T07:30:00.000,0.9630924187000001,1.6086697870000002,3.746309312,0
2026-01-20T07:45:00.000,1.6820268236,8.0462718721,10.9279650115,0
2026-01-20T08:00:00.000,2.3520862846,8.9953058055,11.6500482948,0
2026-01-20T08:15:00.000,3.0221457457,9.9443397388,12.3721315782,0
2026-01-20T08:30:00.000,3.6922052067,4.6780885713,5.0708273692,0
2026-01-20T08:45:00.000,11.1743823724,8.9244973843,4.2947644785,0
2026-01-20T09:00:00.000,8.6236690822,5.9942252697,3.5187015878,0
2026-01-20T09:15:00.000,6.072955792,2.5574561887,2.7217373741,0
2026-01-20T09:30:00.000,3.5222425018,7.0541941448,1.9247731605,0
2026-01-20T09:45:00.000,0.9713282423,9.6546724126,2.1100983678,0
2026-01-20T10:00:00.000,3.2018859582,13.9932015833,1.8555136101,0
2026-01-20T10:15:00.000,12.4018969329,7.9872230202,7.2566540562,0
2026-01-20T10:30:00.000,8.2111008927,11.3101190255,9.2815759475,0
2026-01-20T10:45:00.000,4.0203048525,0.9785192252,11.3064978387,0
2026-01-20T11:00:00.000,1.1943716115,1.8948802371000002,10.8191256545,0
2026-01-20T11:15:00.000,3.6412213099,2.8112412489,8.7080293853,0
2026-01-20T11:30:00.000,1.9806151814000001,5.5518451398,3.7894334421,0
2026-01-20T11:45:00.000,0.9630924187000001,8.2924490306,4.2453750555,0
2026-01-20T12:00:00.000,5.6867361842,4.8759984504,4.7013166688,0
2026-01-20T12:15:00.000,3.0143549204,7.7012937379,5.1572582822,0
2026-01-20T12:30:00.000,9.5526856358,10.5265890255,5.0847768585,0
2026-01-20T12:45:00.000,11.6808469134,0.8743680193000001,8.4820178698,0
2026-01-20T13:00:00.000,7.0227747478,3.6498246288000002,4.2214754908,0
2026-01-20T13:15:00.000,9.3138824073,3.1070769625,8.9266340161,0
2026-01-20T13:30:00.000,11.6049900668,2.5643292963,4.4949557071,0
2026-01-20T13:45:00.000,0.9630924187000001,9.0333648189,0.9367334823000001,0
2026-01-20T14:00:00.000,3.8683913339,3.5513074920000003,3.2282204521,0
2026-01-20T14:15:00.000,7.1160184013,6.8782655501,4.5524690431,0
2026-01-20T14:30:00.000,8.5095130234,7.3333257201,2.8755331865000002,0
2026-01-20T14:45:00.000,9.0856510363,3.0998945064,2.8046972075000003,1
2026-01-20T15:00:00.000,8.9465205836,13.0676131286,3.5265541105000002,1
2026-01-20T15:15:00.000,7.9120696528,3.9063270102,11.3937009611,1
2026-01-20T15:30:00.000,6.8776187219,2.8957744571,0.9367334823000001,1
2026-01-20T15:45:00.000,3.0137824765,13.9932015833,4.3974037138,1
2026-01-20T16:00:00.000,9.3969161795,4.8220038103,13.487340457,1
2026-01-20T16:15:00.000,12.8562978792,3.9661764268,13.487340457,1
2026-01-20T16:30:00.000,12.6150183201,12.2903300178,13.487340457,1
2026-01-20T16:45:00.000,12.3737387611,8.3680020531,9.5097116242,1
2026-01-20T17:00:00.000,10.2822361262,11.6790689811,5.1442287684,1
2026-01-20T17:15:00.000,8.05318857,9.0210151573,12.9886375646,1
2026-01-20T17:30:00.000,5.5025276306,12.0823492791,7.1046032888,1
2026-01-20T17:45:00.000,1.743896998,13.9932015833,3.8250539939,1
2026-01-20T18:00:00.000,8.6233752928,13.9932015833,5.8650251199,1
2026-01-20T18:15:00.000,8.8082910172,3.1334522511,7.6549718225,1
2026-01-20T18:30:00.000,8.9932067417,2.126256183,9.444918525,1
2026-01-20T18:45:00.000,5.8342535756,6.5089773973,4.9176268768,1
2026-01-20T19:00:00.000,2.6753004095,13.9932015833,1.314961774,1
2026-01-20T19:15:00.000,11.0217259809,13.9932015833,13.487340457,1
2026-01-20T19:30:00.000,4.1918045282,5.775019475,0.9367334823000001,1
2026-01-20T19:45:00.000,2.9142154755,8.7364112022,3.9851911941,1
2026-01-20T20:00:00.000,1.6366264227,13.9932015833,7.8309157942,1
2026-01-20T20:15:00.000,0.9630924187000001,4.9627741327,10.6096463878,1
2026-01-20T20:30:00.000,1.2571344931000001,9.0953895626,8.4219456314,1
2026-01-20T20:45:00.000,1.0976827117,9.5157834371,8.6772857834,1
2026-01-20T21:00:00.000,3.3880778205,13.9932015833,6.1722016153,1
2026-01-20T21:15:00.000,5.6784729294,13.9932015833,4.9989753396,1
2026-01-20T21:30:00.000,5.3623607832,5.0777721685,2.9166261432000002,1
2026-01-20T21:45:00.000,5.046248637,10.9400124089,10.148642486,1
2026-01-20T22:00:00.000,4.7301364908,2.5077651481,8.9596655537,1
2026-01-20T22:15:00.000,3.4850586168,1.7064467189,1.7738658838,1
2026-01-20T22:30:00.000,1.046096784,11.9672483207,4.6737656914,1
2026-01-20T22:45:00.000,5.603171637,6.3246110474,7.5736654989000005,1
2026-01-20T23:00:00.000,10.1602464901,4.3529265837,8.6221498351,1
2026-01-20T23:15:00.000,8.2248286116,3.3836443174,7.2239501113,1
2026-01-20T23:30:00.000,6.289410733,2.4143620511,8.9587009777,1
2026-01-20T23:45:00.000,4.3539928545,9.0796796961,6.5452481717,1
2026-01-21T00:00:00.000,0.9630924187000001,10.8841758761,7.9482927591,1
2026-01-21T00:15:00.000,1.5686853361000002,7.3435949269,6.537080302,1
2026-01-21T00:30:00.000,5.8796148227,4.3461234837,4.183398426,1
2026-01-21T00:45:00.000,1.9364001888,9.9759197615,0.9367334823000001,1
2026-01-21T01:00:00.000,3.4299990026,1.2067576947,10.3746911001,1
2026-01-21T01:15:00.000,4.9235978165,13.9932015833,8.9115903152,1
2026-01-21T01:30:00.000,4.9016691814,8.3971433288,7.4484895304,1
2026-01-21T01:45:00.000,8.332509097,10.4598040364,5.1466919758,1
2026-01-21T02:00:00.000,13.0725220826,11.3360081409,0.9802996424,1
2026-01-21T02:15:00.000,2.8878179659,13.9932015833,6.1102717275,1
2026-01-21T02:30:00.000,3.7560828518,2.7549346273,10.1198785089,1
2026-01-21T02:45:00.000,6.0783860574,3.1263553271,13.487340457,1
2026-01-21T03:00:00.000,5.3744493533,10.937211618100001,10.4496109799,1
2026-01-21T03:15:00.000,7.244341124,13.9932015833,6.7697366695,1
2026-01-21T03:30:00.000,2.8946797464,13.9932015833,2.0777374878,1
2026-01-21T03:45:00.000,9.1541473038,13.9932015833,1.0646846074,0
2026-01-21T04:00:00.000,6.5160012582,3.0292104866,0.9367334823000001,0
2026-01-21T04:15:00.000,0.9630924187000001,11.2749414351,7.7632721613,0
2026-01-21T04:30:00.000,1.026973712,0.8743680193000001,2.5066764022,0
2026-01-21T04:45:00.000,1.6668754675000002,9.0182970948,5.3428340925,0
2026-01-21T05:00:00.000,2.3067772229,0.9920612004,6.8335289003,0
2026-01-21T05:15:00.000,2.5531772594,2.1323104856,5.4074121149,0
2026-01-21T05:30:00.000,9.7431730202,10.2261928118,3.9812953294,0
2026-01-21T05:45:00.000,0.9630924187000001,1.6004120541,9.8282173973,0
2026-01-21T06:00:00.000,4.2305785603,13.9932015833,1.2310604455,0
2026-01-21T06:15:00.000,4.9234203147,0.8743680193000001,3.0185741273,0
2026-01-21T06:30:00.000,10.6151934016,9.4435041967,4.9097735496,0
2026-01-21T06:45:00.000,0.9630924187000001,0.8743680193000001,12.7139200608,0
2026-01-21T07:00:00.000,6.7863094367,9.9968923762,4.9171703626,0
2026-01-21T07:15:00.000,2.4587205784,8.2622909716,5.6238317325,0
2026-01-21T07:30:00.000,5.9610321538,13.9932015833,4.3820095925,0
2026-01-21T07:45:00.000,1.8273735457,7.7216612245,8.1426376024,0
2026-01-21T08:00:00.000,1.4756577913,4.4357089547,5.0444098559,0
2026-01-21T08:15:00.000,3.6473998315,2.9221878472,4.5830546071,0
2026-01-21T08:30:00.000,5.8191418717,9.9952862456,2.5979908646,0
2026-01-21T08:45:00.000,7.9908839119,3.394273248,6.7992501025,0
2026-01-21T09:00:00.000,4.4567425705,9.8387064587,10.1711688169,0
2026-01-21T09:15:00.000,8.9626515322,6.4520207673,13.487340457,0
2026-01-21T09:30:00.000,4.4101402265,3.0653350758,13.487340457,0
2026-01-21T09:45:00.000,8.0339030065,3.7897776751,13.487340457,0
2026-01-21T10:00:00.000,0.9630924187000001,5.2774897716,11.1839284647,0
2026-01-21T10:15:00.000,1.3416631208,9.7000095646,5.213447648,0
2026-01-21T10:30:00.000,1.8615389106,13.9932015833,8.049170006,0
2026-01-21T10:45:00.000,2.3814147004,3.8933400572,1.3361668197,0
2026-01-21T11:00:00.000,2.9012904902,6.1010428248,6.0621910541,0
2026-01-21T11:15:00.000,0.9630924187000001,4.5690666703,3.6643014844,0
2026-01-21T11:30:00.000,3.7779268233,7.7912354001,5.6903455433,0
2026-01-21T11:45:00.000,5.1149610494,12.6842266417,7.7163896022,1
2026-01-21T12:00:00.000,7.4970902047,12.4613695041,7.4478033099,1
2026-01-21T12:15:00.000,9.8792193599,6.5626958789,7.1792170176,1
2026-01-21T12:30:00.000,12.2613485152,9.019308409,3.7521176155,1
2026-01-21T12:45:00.000,11.2161841959,9.6238444067,11.0052059401,1
2026-01-21T13:00:00.000,4.7679908604,10.2283804043,0.9367334823000001,1
2026-01-21T13:15:00.000,9.8946722445,8.7340494606,3.2584705771999998,1
2026-01-21T13:30:00.000,10.0415514557,8.3568213244,5.7418904655,1
2026-01-21T13:45:00.000,5.4439217341,13.7987887161,8.2253103539,0
2026-01-21T14:00:00.000,6.1809941517,11.7690506865,4.5006659342,0
2026-01-21T14:15:00.000,8.8171914949,6.964510826,1.5284870285,0
2026-01-21T14:30:00.000,11.4533888381,2.1599709655,13.4208841362,0
2026-01-21T14:45:00.000,11.0532883348,5.5514478783,12.725006252,0
2026-01-21T15:00:00.000,11.64260313,7.5767382068,9.6164846132,0
2026-01-21T15:15:00.000,9.2905375263,12.8199745373,5.6462505288,0
2026-01-21T15:30:00.000,11.1519201171,6.7621698723,3.1637903191,0
2026-01-21T15:45:00.000,7.1309846133,0.8743680193000001,1.7239754081,0
2026-01-21T16:00:00.000,5.1211855045,4.1827768911,3.2729943054,0
2026-01-21T16:15:00.000,3.1113863957,7.6611885749,5.138690114,0
2026-01-21T16:30:00.000,8.2578548993,8.2642337632,7.6294080851,0
2026-01-21T16:45:00.000,0.9630924187000001,10.0392757764,10.1201260561,0
2026-01-21T17:00:00.000,0.9630924187000001,5.7250496313,13.487340457,0
2026-01-21T17:15:00.000,4.3258709736,9.6680493511,7.3840179267,0
2026-01-21T17:30:00.000,6.2260766112,13.6110490709,5.0266905406,0
2026-01-21T17:45:00.000,6.5542691257,11.0927056983,2.6693631546,0
2026-01-21T18:00:00.000,6.8824616402,8.5743623257,0.9367334823000001,0
2026-01-21T18:15:00.000,7.0245373067,2.0389735945,1.052403531,0
2026-01-21T18:30:00.000,7.6753228906,5.9511285901,6.6962106871,0
2026-01-21T18:45:00.000,7.9127822357,9.8632835857,9.3862664296,0
2026-01-21T19:00:00.000,8.1502415808,4.0266472087,7.4678123847,0
2026-01-21T19:15:00.000,8.3877009259,0.8916282486,4.4317713135,0
2026-01-21T19:30:00.000,8.625160271,13.9932015833,1.3957302423,0
2026-01-21T19:45:00.000,8.625160271,0.8743680193000001,7.3030945656,0
